Yamaha Corporation,http://yamaha-motor.com/corporate/home.aspx,1,Company,6
Yamaha Corporation,http://yamaha-motor.com/corporate/contactus.aspx,1,Contact|Us,6
Yamaha Corporation,http://yamaha-motor.com/corporate/gen_terms.aspx,1,Terms|&|Conditions,6
Yamaha Corporation,http://yamaha-motor.com/corporate/gen_privacy.aspx,1,Privacy|Policy,6
Yamaha Corporation,http://yamaha-motor.com/corporate/yamaha_careers_dr.aspx,1,Career|Opportunities,6
Yamaha Corporation,http://yamaha-motor.com/corporate/dealers/corporate_locator_search.aspx?ls=corporate,1,Dealer|Locator,6
WestPoint Home,https://www.westpointhome.com/home-decor/decorative-pillows/ncaa-pillows-by-the-northwest-company.html,1,The|Northwest|Company,2
Waters Technologies Corporation,http://www.waters.com/waters/en_US/About-Waters-Corporation-/nav.htm?cid=134614448&locale=en_US,1,About|Waters,14
Xerox Corporation,https://www.xerox.com/en-us/about/ehs,1,Environment|and|Sustainability,23
Xerox Corporation,https://www.xerox.com/en-us/about/my-support,1,MySupport,23
Xerox Corporation,https://www.xerox.com/en-us/about/partner-programs,1,Global|Partner|Program,23
Weatherford Canada Partnership,https://www.weatherford.com/About-Us/Contact-Us,1,Contact|Us,28
Weatherford Canada Partnership,https://www.weatherford.com/en/about-us/newsroom/,1,Newsroom,28
Weatherford Canada Partnership,https://www.weatherford.com/en/About-Us/Contact-Us,1,Contact|Us,28
Weatherford Canada Partnership,https://www.weatherford.com/en/about-us/contact-us/,1,Contact|Us,28
Weatherford Canada Partnership,https://www.weatherford.com/en/about-us/resource-hub/,1,Resource|Hub,28
Weatherford Canada Partnership,https://www.weatherford.com/en/about-us/locations-en/,1,Locations,28
Weatherford Canada Partnership,https://www.weatherford.com/About-Us/Policies/Privacy-Policy,1,Privacy|Policy,28
Weatherford Canada Partnership,https://www.weatherford.com/en/about-us/policies/cookie-policy/,1,Cookie|Policy,28
Vorbeck Materials Corporation,https://vorbeck.com/pages/about-graphene,1,Graphene,3
Veracode,https://www.veracode.com/about,1,Our|Company,13
Tosoh Corporation,https://www.tosoh.com/about/who-is-tosoh,1,Who|is|Tosoh,10
Yeda Research and Development Co.,http://yedarnd.com/Overview,1,About|Us,3
Yeda Research and Development Co.,http://yedarnd.com/overview,1,About|Us,3
Yeda Research and Development Co.,http://yedarnd.com/content/team-agreements,1,Team|Agreements,3
E. Tech Incorporation,https://www.terratechcorp.com/investors/company-info,1,Company|Info,11
Takeda Pharmaceutical Company Limited,https://www.takeda.com/corporate-responsibility/,1,None,35
Takeda Pharmaceutical Company Limited,https://www.takeda.com/who-we-are/corporate-governance/,1,Corporate|Governance,35
Takeda Pharmaceutical Company Limited,https://www.takeda.com/who-we-are/company-information/executive-leadership/,1,Executive|Leadership,35
Synopsys,https://www.synopsys.com/Company,1,About|Us,40
T.H.E.M.,http://www.them.net/about-us,1,READ|MORE,7
EXOS LLC,https://www.teamexos.com/about/,1,About|us,6
Syngenta Participations AG,https://www.syngenta.com/site-services/media-library/images/corporate,1,Corporate,75
Syngenta Participations AG,https://www.syngenta.com/site-services/corporate-publications/annual-reports,1,Annual|Reports,75
Syngenta Participations AG,https://www.syngenta.com/how-we-do-it/corporate-responsibility/frequently-asked-questions,1,Frequently|asked|questions,75
Conexant Systems,https://www.synaptics.com/company/blog,1,Blog,11
Conexant Systems,https://www.synaptics.com/company/news,1,News|&|Events,11
SPICE SOLAR,http://www.spicesolar.com/about-spice-solar/,1,About,2
Solvay Specialty Polymers USA,https://www.solvay.com/en/investors/corporate-governance%23Board-of-Directors--Management,1,Management,8
Sola U.S.A. Inc.,https://www.sola.at/en/about-sola/company,1,Company,5
St. Jude Medical,https://www.sjm.com/en/about/company-facts,1,Company|Facts,6
Skidmore,https://www.skidmore.edu/about/,1,About|Us,13
Skidmore,https://www.skidmore.edu/about/contacts.php,1,Contact,13
Seagate Technology LLC,https://www.seagate.com/,1,PARTNERS,4
Seagate Technology LLC,https://www.seagate.com/our-story/,1,About|Seagate,4
Sandia Corporation,https://www.sandia.gov/about/history/index.html,1,None,27
Sandia Corporation,http://www.sandia.gov/about/diversity/index_old.html,1,Diversity,27
Bluestar Silicones France,https://silicones.elkem.com/EN/about-us/about-elkem-silicones,1,None,15
Schneider Electric USA,https://www.schneider-electric.us/en/work/services/partner-managed-services/,1,None,34
ProNAi Therapeutics,https://www.sierraoncology.com/company/careers,1,Careers,10
ProNAi Therapeutics,https://www.sierraoncology.com/company/contact-us/,1,Contact|Us,10
ProNAi Therapeutics,https://www.sierraoncology.com/company/company-overview/,1,Learn|More,10
SAE Magnetics (HK) Ltd.,http://www.sae.com.hk/company,1,COMPANY,2
Sweetwater Energy,http://sweetwater.us/partners/,1,Partners,4
BAXALTA INCORPORATED,https://www.shire.com/who-we-are/our-story,1,Our|Story,24
BAXALTA INCORPORATED,https://www.shire.com/who-we-are/rarechampions,1,Rare|Champions,24
BAXALTA INCORPORATED,https://www.shire.com/who-we-are/our-story/our-history,1,Our|History,24
BAXALTA INCORPORATED,https://www.shire.com/who-we-are/our-story/our-culture,1,Our|Culture,24
BAXALTA INCORPORATED,https://www.shire.com/who-we-are/our-story/our-footprint,1,Our|Footprint,24
BAXALTA INCORPORATED,https://www.shire.com/who-we-are/leadership/board-of-directors,1,Board|of|Directors,24
BAXALTA INCORPORATED,https://www.shire.com/who-we-are/leadership/executive-committee,1,Executive|Committee,24
Sysmex Corporation,http://www.sysmex.com.vn/,1,Sysmex|Vietnam|Company|Limited,1
Pixelligent Technologies,http://www.pixelligent.com/our-company/,1,Team,4
Performance Plants,http://performanceplants.com/corporate-information/,1,More|About|Performance|Plants,2
Sangamo BioSciences,https://www.sangamo.com/about-us/overview,1,About|Us,11
Sangamo BioSciences,https://www.sangamo.com/about-us/leadership,1,Leadership,11
Sagacious Investment Group L.L.C.,http://www.sagaciousinvestmentservices.com/about-us22.html,1,About|Us,1
Rolls-Royce PLC,https://www.rolls-royce.com/about/leadership/board.aspx,1,Board,54
Rolls-Royce PLC,https://www.rolls-royce.com/country-sites/sea/partners-in-progress/,1,Partners|in|progress|home,54
Rolls-Royce PLC,https://www.rolls-royce.com/country-sites/japan/partners-in-success/,1,日本のパートナー|home,54
Raytheon Company,https://www.raytheon.com/ourcompany/global,1,Global,17
Paratek Pharmaceuticals,https://paratekpharma.com/media/1596/corporate-slidedeck.pdf?Oct-2018,1,None,7
Tigo Energy,https://www.tigoenergy.com/about-tigo/,1,About|Tigo,13
Voxtel,http://voxtel-inc.com/about-voxtel,1,Learn|More,2
Universal Display Corporation,https://oled.com/about/,1,None,17
Universal Display Corporation,https://oled.com/about/awards/,1,None,17
Universal Display Corporation,https://oled.com/about/history/,1,None,17
Universal Display Corporation,https://oled.com/about/careers/,1,None,17
Universal Display Corporation,https://oled.com/about/contact/,1,None,17
Piksel,https://www.linkedin.com/shareArticle?mini=true&url=https://blog.piksel.com/press-release/piksel-announces-vcms2&title=Piksel%20introduces%20next-generation%20Video%20Content%20Management%20System%20(VCMS)%20and%20announces%C2%A0VCMS%C2%B2&summary=&source,1,Linkedin,8
Riverbed Technology,http://www.riverbed.com/about/awards/,1,Awards,33
Riverbed Technology,http://www.riverbed.com/about/events/,1,Events|&|Webinars,33
Riverbed Technology,https://www.riverbed.com/about/index.html,1,About|Overview,33
Riverbed Technology,https://www.riverbed.com/partners/index.html,1,Partner|Overview|&|Login,33
Riverbed Technology,https://www.riverbed.com/partners/technology-alliances/zscaler.html,1,Zscaler,33
Newdoll Enterprises LLC,http://newholdllc.com/who-we-are/,1,Who|We|Are,4
Newdoll Enterprises LLC,http://newholdllc.com/building-partnerships,1,BUILDING|PARTNERSHIPS,4
Photon Dynamics,https://www.orbotech.com/company/about,1,Company|Overview,13
Freescale Semiconductor,https://www.nxp.com/about/corporate-responsibility:CORP_SOCIAL_RESP,1,None,15
Previvo Genetics,http://previvo.com/previvo-team,1,Previvo|Team,1
Winbond Electronics Corp.,http://www.winbond.com/hq/about-winbond/Legal/?__locale=en,1,Legal,39
Winbond Electronics Corp.,http://www.winbond.com/hq/about-winbond/investor/?__locale=en,1,Investor,39
Winbond Electronics Corp.,http://www.winbond.com/hq/about-winbond/csr/policy/?__locale=en,1,Policy,39
Winbond Electronics Corp.,http://www.winbond.com/hq/about-winbond/stakeholder/?__locale=en,1,Stakeholder|Engagement,39
Winbond Electronics Corp.,http://www.winbond.com/hq/about-winbond/news-and-events/?__locale=en,1,News|and|Events,39
Winbond Electronics Corp.,http://www.winbond.com/hq/about-winbond/news-and-events/news/?__locale=en,1,News,39
Winbond Electronics Corp.,http://www.winbond.com/hq/about-winbond/human-resources/recruit/?__locale=en,1,Talent|Recruitment,39
Winbond Electronics Corp.,http://www.winbond.com/hq/about-winbond/company-profile/overview/?__locale=en,1,Overview,39
MICROSOFT TECHNOLOGY LICENSING,http://www.microsoft.com/mtl%20,1,About|Us,3
Big Belly Solar,http://bigbelly.com/international/,1,International|Partner|Network,6
Chemtreat,http://www.chemtreat.com/about/,1,About|Us,13
Chemtreat,http://www.chemtreat.com/about/locations,1,Locations,13
Chemtreat,http://www.chemtreat.com/about/locations/,1,Locations,13
Chemtreat,http://www.chemtreat.com/about/locations/mexico/,1,Click|Aquí|para|Español,13
Chemtreat,http://www.chemtreat.com/about/our-company-and-people/,1,Our|Company|and|People,13
Chemtreat,http://www.chemtreat.com/developing-water-management-plan/,1,Download|the|free|guide,13
PACCAR Inc,https://www.paccar.com/about-us/,1,About|Us,10
PACCAR Inc,https://www.paccar.com/about-us/corporate-responsibility/,1,Corporate|Responsibility,10
PACCAR Inc,https://www.paccar.com/about-us/environmental-leadership/,1,Environmental,10
Nordson Corporation,http://nordson.com/en/our-company,1,Company,30
Nordson Corporation,http://nordson.com/en/our-company/events,1,View|All|Events,30
Nordson Corporation,http://nordson.com/en/our-company/careers,1,Careers,30
Nordson Corporation,http://nordson.com/en/our-company/about-us,1,About|Us,30
Nordson Corporation,http://nordson.com/en/our-company/investors,1,Investors,30
Nordson Corporation,http://nordson.com/en/our-company/news-room,1,News|Room,30
Nordson Corporation,http://nordson.com/en/our-company/community,1,Community,30
Nordson Corporation,http://nordson.com/en/our-company/suppliers,1,Suppliers,30
Nordson Corporation,http://nordson.com/en/our-company/resources,1,Resources,30
Nordson Corporation,http://nordson.com/en/our-company/contact-us,1,Contact|Us,30
Nordson Corporation,http://nordson.com/en/our-company/corporate-governance,1,Corporate|Governance,30
Nordson Corporation,http://nordson.com/en/our-company/ethics-and-compliance,1,Ethics|and|Compliance,30
Nordson Corporation,http://nordson.com/en/our-company/literature-search-page,1,Literature,30
Nordson Corporation,http://nordson.com/en/our-company/news-room/news-releases,1,View|All|News,30
Nordson Corporation,http://nordson.com/en/our-company/corporate-responsibility,1,Responsibility|and|Sustainability,30
Nordson Corporation,http://nordson.com/en/divisions/march/about-us/events/hkpca-2018,1,HKPCA|2018,30
Nordson Corporation,http://nordson.com/en/our-company/news-room/feature-content-roll-up-page,1,View|All|Features,30
Nordson Corporation,http://nordson.com/en/our-company/ethics-and-compliance/privacy-statement,1,Privacy,30
Nordson Corporation,http://nordson.com/en/divisions/medical/about/nordson-medical-events/ici-meeting,1,ICI|Meeting,30
Nordson Corporation,http://nordson.com/en/our-company/news-room/feature-content-roll-up-page/continuous-improvement-is-a-global-affair,1,Story,30
Nordson Corporation,http://nordson.com/en/our-company/news-room/feature-content-roll-up-page/innovation-awards-honor-nordson-employees,1,Story,30
Nordson Corporation,http://nordson.com/en/our-company/news-room/feature-content-roll-up-page/students-inspired-by-nordson-stem-outreach,1,Story,30
Nordson Corporation,http://nordson.com/en/our-company/news-room/feature-content-roll-up-page/nordson-team-in-china-wins-badminton-championship,1,Story,30
Nordson Corporation,http://nordson.com/en/our-company/news-room/feature-content-roll-up-page/nordson-renames-scholarship-in-honor-of-ken-kreeger,1,Story,30
Nordson Corporation,http://nordson.com/en/our-company/news-room/feature-content-roll-up-page/meet-the-nordson-builds-scholars-we-are-supporting-this-year,1,Story,30
Nordson Corporation,http://nordson.com/en/divisions/dage/about/news/nordson-dage-automated-on-wafer-bondtesting-recognized-with-a-global-technology-award,1,Nordson|DAGE’s|Complete|Solution|for|Automated|On-Wafer|Bondtesting|Recognized|with|a|Global|Technology|Award,30
Nordson Corporation,http://nordson.com/en/our-company/news-room/feature-content-roll-up-page/maastricht-distribution-center-boosts-efficiency-with-new-carousel,1,Story,30
Nordson Corporation,http://nordson.com/en/divisions/adhesive-dispensing-systems/about-adhesives/news-search/tamper-evident-pharmaceutical-packaging-using-adhesive,1,Tamper-evident|pharmaceutical|packaging|using|adhesive,30
Nordson Corporation,http://nordson.com/en/our-company/news-room/news-releases/nordson-corporation-announces-earnings-release-and-webcast-for-fourth-quarter-and-fiscal-year-2018,1,Nordson|Corporation|Announces|Earnings|Release|and|Webcast|for|Fourth|Quarter|and|Fiscal|Year|2018,30
Nokia Corporation,https://www.nokia.com/about-us/,1,None,7
Nokia Corporation,https://www.nokia.com/about-us/news/,1,None,7
Cyberonics,http://us.livanova.cyberonics.com/about-epilepsy/living-with-vns-therapy,1,Hear|from|patients,5
Power Integrations,https://www.power.com/company/contact-us/,1,Contact|Us|>,9
Sony Interactive Entertainment America LLC,https://www.sie.com/en/corporate/data.html,1,Business|Development,16
Nanospectra Biosciences,https://nanospectra.com/company/,1,Investors,2
Nanoco Technologies,http://www.nanocotechnologies.com/about-us/glance,1,At|a|glance,9
Nanocopocia,https://nanocopoeia.com/history-leadership,1,None,6
Morpho,https://morpho.com/en/about-us,1,Subsidiaries,2
Baxter Healthcare SA,https://www.linkedin.com/company/baxter-healthcare/?WT.svl=www.baxter.com,1,None,6
Murata Manufacturing Co.,https://www.murata.com/en-us/about/company/mid-term%20direction%202018?intcid5=com_xxx_xxx_cmn_nv_xxx,1,Mid-term|Direction|2018,46
Canon,https://www.usa.canon.com/internet/portal/us/,1,CORPORATE|SOCIAL|RESPONSIBILITY,58
Dana-Farber Cancer Institute,https://www.dana-farber.org/about-us/,1,About|Dana-Farber,12
MBC Ventures,https://www.mbc.net/mbc/en/corporate/ventures/news.html,1,News,45
MBC Ventures,https://www.mbc.net/mbc/en/corporate/ventures/submit-proposal/proposal-criteria.html,1,Investment|Proposal|Criteria,45
Mitsubishi Electric Corporation,https://www.mitsubishielectric.com/en/,1,Management|system,48
Ion Power Group,https://ionpowergroup.com/history/,1,History,5
Ion Power Group,https://ionpowergroup.com/contactteam/,1,Team,5
Monsanto Technology LLC,https://monsanto.com/company/,1,Company,15
Markel Corporation,https://www.markelcorp.com/markel-assurance/leadership-team,1,None,5
Macronix International Co.,http://www.macronix.com/en-us/Pages/,1,About|Us,14
MicroLink Devices,http://mldevices.com/index.php/company/news/,1,News,6
Lumenco,https://en.lumenco.ca/outdoor-lighting/floodlights/led-low-profile/,1,None,5
GENERAL MOTORS LLC,https://www.gm.com/our-stories/social-responsibility/gm-engineer-guides-award-winning-girls-robotics-team.html,1,Read|the|Story,6
Linne Industries LLC,http://linneindustries.com/company/,1,None,2
Johns Manville,https://www.jm.com/en/our-company/,1,Who|We|Are,10
MERCK SHARP & DOHME CORP.,https://www.merck.com/about/featured-stories/art.html,1,Art|for|All,259
MERCK SHARP & DOHME CORP.,https://www.merck.com/about/featured-stories/unga.html,1,Helping|to|Advance|a|New|Set|of|UN|Global|Goals,259
MERCK SHARP & DOHME CORP.,https://www.merck.com/about/our-people/tim-cernak.html,1,Meet|Tim|Cernak,259
MERCK SHARP & DOHME CORP.,https://www.merck.com/about/featured-stories/bone.html,1,Bone|Health|Awareness,259
MERCK SHARP & DOHME CORP.,https://www.merck.com/about/featured-stories/icaac.html,1,The|Fight|Against|Antimicrobial|Resistance,259
MERCK SHARP & DOHME CORP.,https://www.merck.com/about/our-people/noreen-rizvi.html,1,Meet|Noreen|Rizvi,259
MERCK SHARP & DOHME CORP.,https://www.merck.com/about/inventing-for-life/marc.html,1,Marc,259
MERCK SHARP & DOHME CORP.,https://www.merck.com/about/inventing-for-life/kory.html,1,Kory,259
MERCK SHARP & DOHME CORP.,https://www.merck.com/about/featured-stories/peptalk.html,1,None,259
MERCK SHARP & DOHME CORP.,https://www.merck.com/about/featured-stories/mfm_TED.html,1,Merck|for|Mothers|at|TEDWomen,259
MERCK SHARP & DOHME CORP.,https://www.merck.com/about/featured-stories/fellows.html,1,Making|a|Difference,259
MERCK SHARP & DOHME CORP.,https://www.merck.com/about/inventing-for-life/daisy.html,1,Daisy,259
MERCK SHARP & DOHME CORP.,https://www.merck.com/about/featured-stories/sun_tips.html,1,Be|Safe|in|the|Sun,259
MERCK SHARP & DOHME CORP.,https://www.merck.com/about/our-people/ayesha-sitlani.html,1,Meet|Ayesha|Sitlani,259
MERCK SHARP & DOHME CORP.,https://www.merck.com/about/featured-stories/oncology.html,1,New|Approaches|to|Fighting|Cancer,259
MERCK SHARP & DOHME CORP.,https://www.merck.com/about/featured-stories/packaging.html,1,Creativity|Inside|a|Shipping|Container,259
MERCK SHARP & DOHME CORP.,https://www.merck.com/about/featured-stories/hepc-vets.html,1,How|Chronic|Hepatitis|C|is|Impacting|Our|Veterans,259
MERCK SHARP & DOHME CORP.,https://www.merck.com/about/our-people/harriet-johnson.html,1,Meet|Harriet|Johnson,259
MERCK SHARP & DOHME CORP.,https://www.merck.com/about/featured-stories/real_talk.html,1,Merck's|Rule|the|Real|Talk|Campaign,259
MERCK SHARP & DOHME CORP.,https://www.merck.com/about/featured-stories/melanoma2.html,1,Melanoma|...|Never|Walk|Alone,259
MERCK SHARP & DOHME CORP.,https://www.merck.com/about/featured-stories/insomnia2.html,1,Insomnia,259
MERCK SHARP & DOHME CORP.,https://www.merck.com/about/featured-stories/fellowship.html,1,Merck|Fellowship|for|Global|Health,259
MERCK SHARP & DOHME CORP.,https://www.merck.com/about/featured-stories/pov-bao-lam.html,1,A|Point|of|View|by|Dr.|Bao|Lam,259
MERCK SHARP & DOHME CORP.,https://www.merck.com/about/featured-stories/susan-shiff.html,1,Merck’s|Susan|Shiff|Selected,259
MERCK SHARP & DOHME CORP.,https://www.merck.com/about/our-people/arnaub-chatterjee.html,1,Meet|Arnaub|Chatterjee,259
MERCK SHARP & DOHME CORP.,https://www.merck.com/about/featured-stories/frazier_cgi.html,1,Ken|Frazier|at|the|Clinton|Global|Initiative,259
MERCK SHARP & DOHME CORP.,https://www.merck.com/about/featured-stories/japan_beach.html,1,MSD|in|Japan:|Bringing|Back|the|Beach,259
MERCK SHARP & DOHME CORP.,https://www.merck.com/about/featured-stories/hepatitis_c.html,1,A|Silent|Disease|and|Growing|Concern,259
MERCK SHARP & DOHME CORP.,https://www.merck.com/about/featured-stories/nicole-pulli.html,1,Nicole|Pulli,259
MERCK SHARP & DOHME CORP.,https://www.merck.com/about/featured-stories/merck-amazon.html,1,Merck|Uses|Amazon|Web|Services|to|Develop|Voice-Enabled|Solutions,259
MERCK SHARP & DOHME CORP.,https://www.merck.com/about/featured-stories/beyond_tired.html,1,Beyond|Tired?|So|Are|They...,259
MERCK SHARP & DOHME CORP.,https://www.merck.com/about/featured-stories/erika-carbray.html,1,Erika|Carbray,259
MERCK SHARP & DOHME CORP.,https://www.merck.com/about/featured-stories/merck-fellows.html,1,2017|Merck|Fellowship|for|Global|Health,259
MERCK SHARP & DOHME CORP.,https://www.merck.com/about/featured-stories/volunteer-125.html,1,"Merck|Employees|Surpass|Goal|of|125,000|Volunteer|Hours",259
MERCK SHARP & DOHME CORP.,https://www.merck.com/about/featured-stories/animal-health.html,1,Why|Animal|Health|Matters,259
MERCK SHARP & DOHME CORP.,https://www.merck.com/about/featured-stories/frazier_award.html,1,Ken|Frazier|Receives|Lifetime|Achievement|Award,259
MERCK SHARP & DOHME CORP.,https://www.merck.com/about/featured-stories/idesign_davis.html,1,Helping|Empower|Women|Living|with|HIV,259
MERCK SHARP & DOHME CORP.,https://www.merck.com/about/featured-stories/impact_cancer.html,1,The|Impact|of|Cancer,259
MERCK SHARP & DOHME CORP.,https://www.merck.com/about/featured-stories/aspen-festival.html,1,Aspen|Ideas|Festival,259
MERCK SHARP & DOHME CORP.,https://www.merck.com/about/featured-stories/skinner-family.html,1,BeKindAlways4Noah,259
MERCK SHARP & DOHME CORP.,https://www.merck.com/about/featured-stories/celeste-warren.html,1,Diversity|and|Inclusion:|Good|for|Business,259
MERCK SHARP & DOHME CORP.,https://www.merck.com/about/featured-stories/migrant_relief.html,1,Refugee|and|Migrant|Relief|Efforts,259
MERCK SHARP & DOHME CORP.,https://www.merck.com/about/our-people/alexander-santanilla.html,1,Meet|Alexander|Buitrago|Santanilla,259
MERCK SHARP & DOHME CORP.,https://www.merck.com/about/featured-stories/cr_report_2014.html,1,2014|Corporate|Responsibility|Report,259
MERCK SHARP & DOHME CORP.,https://www.merck.com/about/featured-stories/parasites_quiz.html,1,Parasites|and|Your|Pets,259
MERCK SHARP & DOHME CORP.,https://www.merck.com/about/featured-stories/mirian-graddick.html,1,From|Pledge|to|Action:|Diversity|&|Inclusion|in|Our|Workplace,259
MERCK SHARP & DOHME CORP.,https://www.merck.com/about/featured-stories/H-Boyd-Woodruff.html,1,"Merck|Honors|Research|Microbiologist|H.|Boyd|Woodruff,|Ph.D.",259
MERCK SHARP & DOHME CORP.,https://www.merck.com/about/featured-stories/greg_lubiniecki.html,1,Lung|Cancer:|Challenges|and|Reasons|for|Hope,259
MERCK SHARP & DOHME CORP.,https://www.merck.com/about/featured-stories/alzheimers_walk.html,1,Merck|Employees|Walk|to|End|Alzheimer’s,259
MERCK SHARP & DOHME CORP.,https://www.merck.com/about/featured-stories/may_mothers2015.html,1,May|is|for|Mothers,259
MERCK SHARP & DOHME CORP.,https://www.merck.com/about/featured-stories/clinical_trials.html,1,Advancing|Oncology|Research|Through|Clinical|Trials,259
MERCK SHARP & DOHME CORP.,https://www.merck.com/about/featured-stories/diabetes_basics.html,1,Understanding|Diabetes,259
MERCK SHARP & DOHME CORP.,https://www.merck.com/about/featured-stories/diabetes_travel.html,1,Diabetes|and|Travel,259
MERCK SHARP & DOHME CORP.,https://www.merck.com/about/featured-stories/vaccine_history.html,1,"Vaccines:|Our|History,|Our|Legacy",259
MERCK SHARP & DOHME CORP.,https://www.merck.com/about/featured-stories/hurricane-harvey.html,1,Merck's|Response|to|Hurricane|Harvey,259
MERCK SHARP & DOHME CORP.,https://www.merck.com/about/featured-stories/dorothy-robinson.html,1,Dorothy|Robinson,259
MERCK SHARP & DOHME CORP.,https://www.merck.com/about/featured-stories/pov-roger-dansey.html,1,A|Point|of|View|by|Dr.|Roger|Dansey,259
MERCK SHARP & DOHME CORP.,https://www.merck.com/about/featured-stories/diabetes_fasting.html,1,Fasting|and|Diabetes,259
MERCK SHARP & DOHME CORP.,https://www.merck.com/about/featured-stories/volunteer_schell.html,1,Everyday|Heroes,259
MERCK SHARP & DOHME CORP.,https://www.merck.com/about/featured-stories/be-well-challenge.html,1,Merck|Be|Well|Challenge|2016|—|Bringing|the|Outside|In,259
MERCK SHARP & DOHME CORP.,https://www.merck.com/about/featured-stories/diabetes_research.html,1,A|Commitment|to|Diabetes|Research,259
MERCK SHARP & DOHME CORP.,https://www.merck.com/about/perspectives/perspective-series-bob.html,1,When|a|Blockbuster|Medicine|Becomes|a|Generic,259
MERCK SHARP & DOHME CORP.,https://www.merck.com/about/featured-stories/pov-adam-schechter.html,1,"A|Point|of|View|by|Adam|Schechter,|president|of|Global|Human|Health|at|Merck",259
MERCK SHARP & DOHME CORP.,https://www.merck.com/about/featured-stories/women-in-the-world.html,1,Merck|for|Mothers|at|the|Women|in|the|World|Summit,259
MERCK SHARP & DOHME CORP.,https://www.merck.com/about/featured-stories/vagelos-aha-honoree.html,1,Roy|Vagelos|Honored|by|American|Heart|Association,259
MERCK SHARP & DOHME CORP.,https://www.merck.com/about/featured-stories/predicting_progress.html,1,The|Evolution|of|Cancer|Research,259
MERCK SHARP & DOHME CORP.,https://www.merck.com/about/how-we-operate/diversity/mwbe_feature.html,1,Supplier|Diversity,259
MERCK SHARP & DOHME CORP.,https://www.merck.com/about/featured-stories/pov-julie-gerberding.html,1,"A|Point|of|View|by|Julie|Gerberding,|M.D.,|M.P.H.",259
MERCK SHARP & DOHME CORP.,https://www.merck.com/about/featured-stories/diabetes_disparities.html,1,Bridging|the|Gap|in|Diabetes|Care,259
MERCK SHARP & DOHME CORP.,https://www.merck.com/about/perspectives/perspective-series-mirian.html,1,From|Pledge|to|Action:|Diversity|&|Inclusion|in|Our|Workplace,259
MERCK SHARP & DOHME CORP.,https://www.merck.com/about/featured-stories/test-talk-take-action.html,1,Test.|Talk.|Take.|Action.,259
MERCK SHARP & DOHME CORP.,https://www.merck.com/about/featured-stories/marisa-dolled-filhart.html,1,"Guided|by|Research,|Inspired|by|Hope",259
MERCK SHARP & DOHME CORP.,https://www.merck.com/about/featured-stories/world_diabetes_day_2017.html,1,World|Diabetes|Day|2017,259
MERCK SHARP & DOHME CORP.,https://www.merck.com/about/featured-stories/world_diabetes_day_2016.html,1,World|Diabetes|Day|2016,259
MERCK SHARP & DOHME CORP.,https://www.merck.com/about/featured-stories/world_diabetes_day_2015.html,1,World|Diabetes|Day,259
MERCK SHARP & DOHME CORP.,https://www.merck.com/about/featured-stories/diabetes_challenge_2015.html,1,America's|Diabetes|Challenge,259
MERCK SHARP & DOHME CORP.,https://www.merck.com/about/featured-stories/corporate-responsibility.html,1,Merck|Releases|2015/2016|Corporate|Responsibility|Report,259
MERCK SHARP & DOHME CORP.,https://www.merck.com/about/featured-stories/diabetes_hispanic_community.html,1,Desafiando|la|Diabetes,259
MERCK SHARP & DOHME CORP.,https://www.merck.com/about/featured-stories/your-cancer-game-plan-schmidt.html,1,Your|Cancer|Game|Plan|Mike|Schmidt,259
MERCK SHARP & DOHME CORP.,https://www.merck.com/about/featured-stories/new-approaches-to-fighting-cancer.html,1,New|Approaches|to|Fighting|Cancer,259
Epizyme,http://www.epizyme.com/about-us/overview-history/,1,Overview,5
Olympus NDT,https://www.olympus-ims.com/en/support/ethics-corporate-compliance/,1,Ethics|And|Corporate|Compliance,5
Medicis Pharmaceutical Corporation,http://www.bauschhealth.com/about-us,1,About|Us,9
Medicis Pharmaceutical Corporation,http://www.bauschhealth.com/about-us/contact-us,1,Contact|Us,9
Pioneer Energy,http://mypioneerenergy.com/about-us.aspx,1,About|Us,2
Pioneer Energy,http://mypioneerenergy.com/become-a-partner.aspx,1,Become|a|Partner,2
SanDisk Technologies LLC,https://www.sandisk.com/home/extreme-team.html,1,Extreme|Team,63
Schneider Electric Solar Inverters USA,https://solar.schneider-electric.com/a-bankable-partner-for-solar/,1,A|Bankable|Partner|for|Solar,6
Microchip Technology Incorporated,https://www.microchip.com/about-us/company-information/about,1,About,5
LG Display Co.,http://lgdisplay.com/eng/,1,Company,22
Roche Molecular Systems,https://www.roche.com/partnering/get_in_touch_with_us.htm,1,Get|in|touch|with|us,76
Mitsubishi Metal Corporation,https://www.mitsubishicorp.com/jp/en/about/resource/,1,Human|Resource|Management,91
Mitsubishi Metal Corporation,https://www.mitsubishicorp.com/jp/en/about/resource/union.html,1,MC|Staff|Union,91
Mitsubishi Metal Corporation,https://www.mitsubishicorp.com/jp/en/about/governance/corporategovernance.html,1,Approaches|to|Corporate|Governance,91
Kodak Alaris Inc.,https://www.kodakalaris.com/Company/Contact-Us,1,Contact|Us,8
IMEC,http://www.imec.org/about/,1,About,11
IMEC,http://www.imec.org/about/news/,1,News,11
IMEC,https://www.imec.org/about/team/,1,IMEC|Team,11
IMEC,https://www.imec.org/about/careers/,1,Join|The|Team,11
IMEC,https://www.imec.org/about/board-of-directors/,1,Board|of|Directors,11
IMEC,https://www.imec.org/about/thirdpartyresource-registration/,1,IMEC|Third|Party|Resources,11
Infinera Corporation,https://www.infinera.com/company/about-infinera/,1,About|Us,12
Coriant Advanced Technology,https://www.coriant.com/partners,1,Partners,7
Coriant Advanced Technology,https://www.coriant.com/company/resources,1,Resources,7
Coriant Advanced Technology,https://www.coriant.com/company/news-and-events,1,Press,7
Coriant Advanced Technology,https://www.coriant.com/corporate-social-responsibility,1,CSR,7
Coriant Advanced Technology,https://www.coriant.com/company/press-releases/nbn-co-doubles-capacity-on-nationwide-transit-network-with-deployment-of-coriant-cloudwave-optics,1,None,7
Coriant Advanced Technology,https://www.coriant.com/company/press-releases/infinera-closes-acquisition-of-coriant-and-becomes-one-of-the-worlds-largest-optical-network-equipment-providers,1,None,7
J. E. WHITE,http://jewhites.com.au/property-management-adelaide/,1,None,10
Micron Technology,https://www.micron.com/about/blogs,1,Micron|Blogs,15
Micron Technology,https://www.micron.com/about/insight,1,Micron|Insight,15
Micron Technology,https://www.micron.com/about/news-and-events,1,News|and|Events,15
Micron Technology,https://www.micron.com/about/blogs/channels/storage,1,Storage|Blog,15
Micron Technology,https://www.micron.com/about/blogs/authors/doug-rollins,1,Doug|Rollins,15
Micron Technology,https://www.micron.com/about/news-and-events/events/insight-2018,1,None,15
Micron Technology,https://www.micron.com/about/insight/ai-dna-and-a-new-approach-to-cancer,1,None,15
Micron Technology,https://www.micron.com/about/news-and-events/media-relations/media-kits/bokan-media-kit,1,Read|more,15
LGS Innovations LLC,https://www.lgsinnovations.com/intelligent-spectrum-management/,1,How|LGS|Can|Help,9
Ceramatec,http://www.ceramtec.com/linkedin,1,LinkedIn|Profile,4
II-VI Incorporated,http://www.linkedin.com/shareArticle?mini=true&url=https%3A%2F%2Fwww.ii-vi.com&title=II-VI%20Incorporated,1,None,14
Honeywell International Inc.,https://www.honeywell.com/citizenship,1,Corporate|Citizenship,7
Dexerials Corporation,http://www.dexerials.jp/en/csr/top_message/,1,A|Message|from|Top|Management,18
Dexerials Corporation,http://www.dexerials.jp/en/profile/d_office.html,1,None,18
Dexerials Corporation,http://www.dexerials.jp/en/profile/o_office.html,1,Overseas|group|companies,18
Hitachi High-Technologies Corporation,https://www.hitachi-hightech.com/eu/about/corporate/location/spain.html?version=,1,English,45
Heliae Development,http://heliae.com/company/,1,COMPANY,3
Heliae Development,https://heliae.com/company/,1,Company,3
Heliae Development,https://heliae.com/our-team/,1,Team,3
Bausch & Lomb Incorporated,http://www.bausch.com/vision-and-age,1,Vision|and|Age,78
Bausch & Lomb Incorporated,http://www.bausch.com/our-company/chat,1,Contact|Us,78
Bausch & Lomb Incorporated,http://www.bausch.com/our-company/recent-news,1,Newsroom,78
Bausch & Lomb Incorporated,http://www.bausch.com/our-company/investor-relations,1,Investor|Relations,78
Bausch & Lomb Incorporated,http://www.bausch.com/our-company/worldwide-locations,1,Worldwide|Locations,78
Polaris Products LLC,http://www.polaris.com/en-us/company/why-polaris,1,Why|Polaris,24
Polaris Products LLC,http://www.polaris.com/en-us/company/become-a-dealer,1,Become|A|Dealer,24
Polaris Products LLC,http://www.polaris.com/en-us/company/become-a-dealer/faqs,1,Frequently|Asked|Questions,24
Polaris Products LLC,http://www.polaris.com/en-us/redirect/go?url=http%3A%2F%2Fir.polaris.com%2Finvestors%2Fcorporate-governance%2Fdefault.aspx,1,Governance,24
Micro Cooling Concepts,http://microcoolingconcepts.com/about_us.html,1,About|Us,2
Micro Cooling Concepts,http://microcoolingconcepts.com/TurbineBlade.html,1,Advanced|Turbine|Blade|Thermal|Management,2
Genomatica,https://www.genomatica.com/careers/,1,Core|values,4
Immunolight,http://www.immunolight.com/company,1,Company,6
Boehringer Ingelheim International GmbH,https://www.boehringer-ingelheim.com/partnering/news/events,1,Events,21
Boehringer Ingelheim International GmbH,https://www.boehringer-ingelheim.com/partnering/news/contacts,1,Contact|Us,21
Boehringer Ingelheim International GmbH,https://www.boehringer-ingelheim.com/partnering/approach/offer,1,What|We|Offer,21
Boehringer Ingelheim International GmbH,https://www.boehringer-ingelheim.com/partnering/engage/overview,1,Overview,21
Boehringer Ingelheim International GmbH,https://www.boehringer-ingelheim.com/partnering/approach/overview,1,Overview,21
Global Eagle Entertainment Inc.,http://www.globaleagle.com/about/careers,1,Careers,14
Global Eagle Entertainment Inc.,http://www.globaleagle.com/about/contact,1,Contact|Us,14
Global Eagle Entertainment Inc.,http://www.globaleagle.com/about/albatross,1,Albatross|One,14
Global Eagle Entertainment Inc.,http://www.globaleagle.com/about/executive-officers,1,Executive|Officers,14
Global Eagle Entertainment Inc.,http://www.globaleagle.com/about/executive-officers/,1,Executive|Officers,14
FPInnovations,https://fpinnovations.ca/about-us/Pages/careers.aspx,1,Careers,20
Greatbatch Ltd.,https://integer.net/ways-we-partner/,1,Ways|We|Partner,10
Selecta Biosciences,https://selectabio.com/about/about-selecta/,1,Learn|More|>,6
DSP Group LTD.,https://www.dspg.com/about-dsp-group/,1,Corporate,7
Amicus Therapeutics,https://www.amicusrx.com/about-us/,1,Overview,9
HGST NETHERLANDS B.V.,https://www.westerndigital.com/company/innovations/publications.html,1,None,13
HGST NETHERLANDS B.V.,https://www.westerndigital.com/company/innovations/academic-collaborations.html,1,None,13
Bio-Rad Laboratories,http://www.bio-rad.com/en-us/corporate/careers,1,Careers,25
Bio-Rad Laboratories,http://www.bio-rad.com/en-us/corporate/newsroom,1,Newsroom,25
Bio-Rad Laboratories,http://www.bio-rad.com/en-us/corporate/about-bio-rad,1,About|Bio-Rad,25
Bio-Rad Laboratories,http://www.bio-rad.com/en-us/corporate/investor-relations,1,Investor|Relations,25
Bio-Rad Laboratories,http://www.bio-rad.com/en-us/corporate/community-outreach,1,Community|Outreach,25
Bio-Rad Laboratories,http://www.bio-rad.com/en-us/corporate/protecting-environment,1,Protecting|the|Environment,25
Cornell Research Foundation,http://www.cornell.edu/about/,1,About|Cornell,11
Cornell Research Foundation,http://www.cornell.edu/about/locations/,1,Locations,11
Cornell Research Foundation,http://www.cornell.edu/about/locations/ithaca/,1,Ithaca,11
Illinois Tool Works,http://www.itw.com/about-itw/investor-day-2017/,1,Investor|Day|2017,15
Gilead Sciences,https://www.gilead.com/about/business-conduct,1,Business|Conduct,9
Gilead Sciences,https://www.gilead.com/about/corporate-history-timeline,1,Corporate|History|Timeline,9
Pacific Light Technologies,http://www.pacificlighttech.com/about-us/overview/,1,Overview,5
Teradata US,https://www.teradata.com.au/About-Us/Leadership,1,Our|leadership,12
Teradata US,https://www.teradata.com.au/About-Us/Teradata-Cares,1,Teradata|Cares,12
Professional Compounding Centers of America,http://pccarx.com/aboutus/WhoisPCCA.aspx,1,None,6
Professional Compounding Centers of America,http://www.pccarx.com/AboutUs/WhoisPCCA.aspx,1,Who|is|PCCA?,6
Professional Compounding Centers of America,http://www.pccarx.com/aboutus/whatiscompounding,1,None,6
FUJIFILM Corporation,http://www.fujifilm.com/about/design/,1,Design,13
SABIC GLOBAL TECHNOLOGIES B.V.,https://www.sabic.com/en/about,1,About|Us,37
SABIC GLOBAL TECHNOLOGIES B.V.,https://www.sabic.com/en/about/locations,1,Locations,37
SABIC GLOBAL TECHNOLOGIES B.V.,https://www.sabic.com/en/about/corporate-profile,1,Corporate|Profile,37
Nanosys,http://www.nanosysinc.com/who-we-are,1,More|about|how|we're|leading|a|revolution|in|quantum|dot|color|→,6
Nanosys,http://www.nanosysinc.com/who-we-are/management-team/,1,None,6
Ansun Biopharma,http://www.ansunbiopharma.com/our-team/,1,Our|Team,3
Ansun Biopharma,http://www.ansunbiopharma.com/meet-the-team/,1,Leadership,3
Ansun Biopharma,http://www.ansunbiopharma.com/about-ansun-biopharma/,1,About,3
MILLENIUM SYNTHFUELS CORPORATION,http://milleniumsynthfuels.com/about/,1,About,2
Elwha LLC,https://www.elwha.org/culture-history/klallam-language/,1,Klallam|Language,24
Elwha LLC,https://www.elwha.org/culture-history/traditional-values/,1,Traditional|Values,24
Elwha LLC,https://www.elwha.org/culture-history/culture-and-beliefs/,1,Culture|and|Beliefs,24
Elwha LLC,https://www.elwha.org/culture-history/point-no-point-treaty/,1,"Point|No|Point|Treaty,|1855",24
Elwha LLC,https://www.elwha.org/culture-history/historical-village-sites/,1,Historical|Village|Sites,24
Elwha LLC,https://www.elwha.org/culture-history/elwha-klallam-historical-timeline/,1,Elwha|Klallam|Historical|Timeline,24
Kaneka Corporation,http://www.kaneka.co.jp/en/business/qualityoflife/pv/,1,PV|&|Energy|management|SV,9
Princeton Optronics,https://ams.com/corporate-responsibility,1,Corporate|Responsibility,11
Calient Technologies,https://www.calient.net/company/,1,Company,5
Calient Technologies,https://www.calient.net/company/careers/,1,None,5
Calient Technologies,https://www.calient.net/company/partners/,1,Partners,5
Dow AgroSciences LLC,http://www.dowagro.com/en-us/about-dow-agrosciences,1,About|Dow|AgroSciences,3
KLA-Tencor Corporation,https://www.kla-tencor.com/Company/fact-sheet.html,1,Fact|Sheet,30
KLA-Tencor Corporation,https://www.kla-tencor.com/Company/procurement.html,1,Procurement,30
KLA-Tencor Corporation,http://www.kla-tencor.com/Company/rba-compliance.html,1,RBA|Compliance,30
KLA-Tencor Corporation,https://www.kla-tencor.com/Company/domestic-sites.html,1,Domestic|Sites,30
KLA-Tencor Corporation,https://www.kla-tencor.com/Company/management-team.html,1,Management|Team,30
KLA-Tencor Corporation,https://www.kla-tencor.com/Company/audit-committee.html,1,Audit|Committee,30
KLA-Tencor Corporation,https://www.kla-tencor.com/Company/company-overview.html,1,Company,30
KLA-Tencor Corporation,https://www.kla-tencor.com/Company/board-committees.html,1,Board|Committees,30
KLA-Tencor Corporation,https://www.kla-tencor.com/Company/supplier-support.html,1,Supplier|Support,30
KLA-Tencor Corporation,https://www.kla-tencor.com/company/company-overview.html,1,Company,30
KLA-Tencor Corporation,https://www.kla-tencor.com/Company/board-of-directors.html,1,Board|of|Directors,30
KLA-Tencor Corporation,https://www.kla-tencor.com/Company/safety-data-sheets.html,1,Safety|Data|Sheets,30
KLA-Tencor Corporation,https://www.kla-tencor.com/Company/supplier-diversity.html,1,Supplier|Diversity,30
KLA-Tencor Corporation,https://www.kla-tencor.com/Company/antibribery-policy.html,1,Anti-Bribery|Policy|–|Third|Parties,30
KLA-Tencor Corporation,https://www.kla-tencor.com/Company/founding-executives.html,1,Founding|Executives,30
KLA-Tencor Corporation,https://www.kla-tencor.com/Company/united-states-import.html,1,United|States|Import|Supply|Chain|Security|Policy,30
KLA-Tencor Corporation,https://www.kla-tencor.com/Company/compensation-committee.html,1,Compensation|Committee,30
KLA-Tencor Corporation,https://www.kla-tencor.com/Company/environmental-programs.html,1,Environmental|Programs,30
KLA-Tencor Corporation,https://www.kla-tencor.com/Company/cpo-letter-to-suppliers.html,1,Supplier|Letter|Regarding|Recent|Announcements,30
KLA-Tencor Corporation,https://www.kla-tencor.com/Company/supply-chain-recognition.html,1,Supply|Chain|Recognition,30
KLA-Tencor Corporation,https://www.kla-tencor.com/Company/becoming-a-kla-tencor-supplier.html,1,Becoming|a|KLA-Tencor|Supplier,30
KLA-Tencor Corporation,https://www.kla-tencor.com/Company/nominating-and-governance-committee.html,1,Nominating|and|Governance|Committee,30
KLA-Tencor Corporation,https://www.kla-tencor.com/Company/supply-chain-social-environment-and-regulatory-responsibility.html,1,Ethical|and|Responsible|Sourcing,30
Dell Software Inc.,https://www.quest.com/solutions/database-management/,1,None,20
Dell Software Inc.,https://www.quest.com/solutions/information-archiving-storage-management/%20,1,Information|archiving|&|storage|management,20
Dialogic Corporation,https://www.dialogic.com/company/conflict-minerals,1,Conflict|Minerals|Policy,27
CARBO Ceramics Inc.,https://carboceramics.com/about/about-carbo,1,About|CARBO,33
CARBO Ceramics Inc.,https://carboceramics.com/contact/carbo-corporate,1,Contact|CARBO,33
Phoseon Technology,https://www.phoseon.com/company/phoseon-achieves-iso-certification%0A,1,ISO|9001:2008,5
Dermazone Solutions,http://dermazone.com/about.html,1,None,3
UCB Pharma S.A.,https://www.ucb.com/our-company/,1,Our|Company,72
U.S. NUTRACEUTICALS,https://www.nutraceutical.com/company/,1,None,12
Pfizer Inc.,http://www.pfizer.com/about/leadership_and_structure/company_fact_sheet,1,Fact|Sheet,23
Milliken & Company,http://www.milliken.com/en-us/ourcompany/newsandmedia/Pages/Milliken-Gives.aspx,1,Read|the|Press|Release,16
Milliken & Company,http://www.milliken.com/en-us/ourcompany/newsandmedia/Pages/Milliken-Company-Joins-Well-Living-Lab.aspx,1,Read|the|Press|Release,16
Lattice Semiconductor Corporation,http://www.latticesemi.com/About/ContactUs,1,Contact|Us,27
CP KELCO APS,https://www.cpkelco.com/about-cp-kelco/,1,About|CP|Kelco,7
St. Microelectronics Inc.,https://www.st.com/content/st_com/en/about/events/events.html/power-over-ethernet-pd-controllers-webinar.html,1,Power|over|Ethernet|PD|controllers|webinar,45
Dana Corporation,http://www.dana.com/corporate-pages/careers,1,Careers,9
Crestovo LLC,http://www.crestovo.com/about/,1,Contact,1
Chevron Phillips Chemical Company LP,http://www.cpchem.com/en-us/Pages/,1,About|Us,24
Chevron Phillips Chemical Company LP,http://www.cpchem.com/en-us/company/loc/Pages/Default.aspx,1,None,24
Confluence Energy,http://www.confluenceenergy.com/about,1,About|Us,8
Confluence Energy,http://www.confluenceenergy.com/about/contact,1,Contact,8
ExxonMobil Upstream Research Company,https://corporate.exxonmobil.com/en/company/multimedia/publications,1,Publications,108
ExxonMobil Upstream Research Company,https://corporate.exxonmobil.com/en/company/investors/investor-information-slide-deck,1,Investor|information|presentation,108
ExxonMobil Upstream Research Company,https://corporate.exxonmobil.com/en/company/news-and-updates/news-releases-and-alerts,1,News|releases|and|alerts,108
PPG Industries Ohio,http://corporate.ppg.com/Media/Company-Facts.aspx,1,Facts|about|PPG,12
Dresser-Rand Company,http://dresser-rand.com/company/contact-us/,1,None,12
Ford Global Technologies,https://corporate.ford.com/company/awards.html,1,Awards,14
Integrated DNA Technologies,https://www.idtdna.com/,1,Company,9
Integrated DNA Technologies,https://www.idtdna.com/pages/about,1,About,9
Integrated DNA Technologies,https://www.idtdna.com/pages/about/careers,1,Careers,9
Integrated DNA Technologies,https://www.idtdna.com/pages/about/core-values,1,Our|core|values,9
Integrated DNA Technologies,https://www.idtdna.com/pages/about/news-events,1,News|&|events,9
Integrated DNA Technologies,https://www.idtdna.com/pages/about/safety-policy,1,Safety|policy,9
Integrated DNA Technologies,https://www.idtdna.com/pages/about/sustainability,1,Sustainability,9
Codexis,https://www.codexis.com/company/about-us/,1,About|Us,6
Siemens Aktiengesellschaft ,https://www.siemens.com/us/en/home/company.html,1,None,91
Siemens Aktiengesellschaft ,https://www.siemens.com/us/en/home/company/sustainability.html,1,None,91
Revivicor,http://revivicor.com/management.html,1,management,2
AgroFresh Inc.,https://www.agrofresh.com/wp-content/uploads/2018/07/AgroFresh_Corporate_Overview_2017_Small.mp4,1,https://www.agrofresh.com/wp-content/uploads/2018/07/AgroFresh_Corporate_Overview_2017_Small.mp4,8
Carestream Health,https://www.carestream.com/en/us/corporate/leadership,1,Leadership,42
Carestream Health,https://www.carestream.com/en/us/corporate/company-history,1,Company|History,42
Carestream Health,https://www.carestream.com/en/us/corporate/environmental-health-and-safety/safety-data-sheets,1,Safety|Data|Sheets,42
DiscoveRx Corporation,https://discoverx.com/about-us/collaborations-partnerships,1,Collaborations|&|Partnerships,7
AGFA-GEVAERT N.V.,https://www.agfa.com/corporate/author/eyoqh/,1,Jurgen|Wauters,70
Samsung SDI Co.,http://samsungsdi.com/about-sdi/index.html,1,About|SDI,18
Braun Intertec Geothermal,https://braunintertec.com/about-us/,1,None,8
Mattson Technology,https://www.mattson.com/about-us/,1,None,8
BASF Plant Science GmbH,https://agriculture.basf.com/content/bws/north-america/us/en/company.html,1,Company,1
OPTERRA ENERGY SERVICES,https://engieservices.us/about-us,1,About|Us,2
Colgate-Palmolive Company,https://www.colgatepalmolive.com/en-us,1,Colgate-Palmolive|Company,15
Veracyte,https://www.veracyte.com/who-we-are/leadership,1,Leadership,16
Veracyte,https://www.veracyte.com/who-we-are/leadership/executive-team,1,Executive|Team,16
Veracyte,https://www.veracyte.com/who-we-are/leadership/board-of-directors,1,Board|of|Directors,16
GE-Hitachi Nuclear Energy Americas LLC,https://nuclear.gepower.com/company-info/media-contacts,1,MEDIA|CONTACTS,12
PAX Scientific,http://paxscientific.com/history/,1,History,3
Applied Materials,http://www.appliedmaterials.com/company/about,1,Company|Information,32
Applied Materials,http://www.appliedmaterials.com/company/careers/us-veterans,1,U.S.|Veterans,32
Cross Match Technologies,https://www.crossmatch.com/press-release/hid-global-acquires-crossmatch-expand-biometric-identity-management/,1,READ|MORE,11
Kerr Corporation,https://www.kerrdental.com/our-company,1,About|Us,2
Hollingsworth & Vose Company,https://www.hollingsworth-vose.com/en/Company/News--Events/Events/2018/FSA-2018--FILTREX-ASIA-2018/,1,None,26
Gracenote,http://www.gracenote.com/company/about-us/,1,About|Us,8
NanoOncology,https://www.iinano.org/about,1,About,7
EPCOS AG,https://en.tdk-electronics.tdk.com/tdk-en/1191210/company/about-us,1,None,27
ZIH Corp.,https://www.zebra.com/us/en/about-zebra/company-information/legal/privacy-statement.html,1,Privacy|Policy,20
3M Innovative Properties Company,https://www.3m.com/,1,None,18
3M Innovative Properties Company,https://www.3m.com/3M/en_US/company-us/about-3m/compliance-business-conduct/,1,None,18
Wyatt Technology Corporation,https://www.wyatt.com/about/team-wyatt/vincent-h-hsieh.html,1,"Vincent|H.|Hsieh,|Ph.D.",40
Sundrop Fuels,http://sundropfuels.com/About%20Us/about,1,About,4
Takara Bio Inc.,https://www.takarabio.com/about/special-offers/qpcr-promotion,1,qPCR|promotion,37
Takara Bio Inc.,https://www.takarabio.com/in/about/partnered_brands/our_partners,1,Our|partners,37
Takara Bio Inc.,https://www.takarabio.com/about/manufacturing-dss-takara-bio-india,1,Manufacturing|DSS|Takara|Bio|India,37
Takara Bio Inc.,https://www.takarabio.com/about/special-offers/end-of-the-year-promo,1,End|of|the|Year|Promo|(EU),37
Takara Bio Inc.,https://www.takarabio.com/about/special-offers/end-of-the-year-promo-gb,1,End|of|the|Year|Promo|(GB),37
Takara Bio Inc.,https://www.takarabio.com/about/special-offers/end-of-the-year-promo-dkk,1,End|of|the|Year|Promo|(DKK),37
Takara Bio Inc.,https://www.takarabio.com/about/special-offers/end-of-the-year-promo-sek,1,End|of|the|Year|Promo|(SEK),37
Takara Bio Inc.,https://www.takarabio.com/about/special-offers/end-of-the-year-promo-chf,1,End|of|the|Year|Promo|(CHF),37
Easel Biotechnologies,http://www.easelbio.com/about/,1,About,2
Agilent Technologies,https://www.agilent.com/about/newsroom/index.html,1,Newsroom,20
Crossbar,https://crossbar-inc.com/en/company/,1,Company,10
Adaptive Biotechnologies Corp.,https://www.adaptivebiotech.com/about/leadership,1,Leadership,5
Claret Medical,https://www.claretmedical.com/us-healthcare-professionals/about-us/,1,About|Us,2
Claret Medical,https://www.claretmedical.com/us-healthcare-professionals/about-us/careers/,1,Careers,2
Qiagen GmbH,https://www.qiagen.com/us/careers/who-we-are/,1,Who|We|Are,40
Qiagen GmbH,https://www.qiagen.com/us/about-us/redir-contacts/,1,Contacts,40
Qiagen GmbH,https://www.qiagen.com/us/about-us/redir-about-us/redir-what-we-do/,1,What|We|Do,40
Allison Transmission,http://ir.allisontransmission.com/phoenix.zhtml?c=227924&p=irol-govHighlights,1,Corporate|Governance,20
Pharmion Corporation,https://www.celgene.com/about/global-network/,1,Global|Network,33
Pharmion Corporation,https://www.celgene.com/about/global-office-network/?country=TW,1,繁體中文,33
Arkema Inc.,https://www.arkema.com/en/arkema-group/profile/,1,Arkema|Group|at|a|glance,14
BP Corporation North America Inc.,http://www.bp.com/en/global/corporate/press/bp-magazine.html,1,BP|Magazine,13
Symantec Corporation,https://www.symantec.com/content/symantec/english/en/partner,1,PARTNERNET,22
Symantec Corporation,https://www.symantec.com/content/symantec/english/en/about/legal/privacy-policy,1,Cookies,22
B.G. Negev Technologies and Applications Ltd.,http://in.bgu.ac.il/en/bgn/Pages/,1,About,4
Cedar Ridge Research,http://cr-res.com/about-us-bedford,1,INNOVATIONS,4
Guardian Industries,https://www.guardian.com/en/about_us/a.html,1,Our|History,7
Guardian Industries,https://www.guardian.com/en/about_us/one_team.html,1,One|Team,7
Guardian Industries,https://www.guardian.com/en/about_us/one_world.html,1,One|World,7
Guardian Industries,https://www.guardian.com/en/about_us/introduction.html,1,About|Us,7
Guardian Industries,https://www.guardian.com/en/careers/join_our_team.html,1,Join|Our|Team,7
Guardian Industries,https://www.guardian.com/en/about_us/constant_improvement.html,1,Constant|Improvement,7
Guardian Industries,https://www.guardian.com/en/about_us/market_based_management.html,1,Our|Philosophy,7
Revera,https://www.reveraliving.com/About-Revera/Our-Partners,1,Read|more|about|our|partnerships,20
Revera,https://www.reveraliving.com/about-revera/Innovation-at-Revera,1,Innovation|at|Revera,20
PolyOne Corporation,http://www.polyone.com/company/policies-and-governance/copyright-legal-disclaimer,1,COPYRIGHT|&|LEGAL|DISCLAIMER,24
Heidelberger Druckmaschinen AG,https://www.heidelberg.com/global/de/company/career/career_overview.jsp,1,Übersicht|Karriere,36
Heidelberger Druckmaschinen AG,https://www.heidelberg.com/global/de/company/press_1/press_release/press_release_details/press_release_105664.jsp%20,1,None,36
Heidelberger Druckmaschinen AG,https://www.heidelberg.com/global/de/company/press_1/press_release/press_release_details/press_release_110016.jsp%20,1,None,36
Heidelberger Druckmaschinen AG,https://www.heidelberg.com/global/de/company/press_1/press_release/press_release_details/press_release_109568.jsp%20,1,None,36
Finisar Corporation,https://www.finisar.com/roadms-wavelength-management,1,Wavelength|Mgmt/ROADMs/Amps,15
Daikin Industries,https://www.daikin.com/corporate/why_daikin/index.html,1,None,32
Daikin Industries,https://www.daikin.com/about/why_daikin/glance/index.html,1,Learn|More,32
Daikin Industries,https://www.daikin.com/corporate/why_daikin/vrv/index.html,1,None,32
Daikin Industries,https://www.daikin.com/about/why_daikin/benefits/index.html,1,Learn|More,32
Daikin Industries,https://www.daikin.com/about/why_daikin/our_road/index.html,1,Learn|More,32
Daikin Industries,https://www.daikin.com/corporate/why_daikin/japanbrand/index.html,1,None,32
Daikin Industries,https://www.daikin.com/corporate/why_daikin/all_your_needs/index.html,1,None,32
Red Hat,https://www.redhat.com/,1,Automation|&|management,28
GLIKNIK INC.,http://www.gliknik.com/about/how-we-work/,1,None,9
Canon U.S. Life Sciences,https://canon-biomedical.com/online/portal/vp7/bio/aboutus,1,About|Us,4
Canon U.S. Life Sciences,https://canon-biomedical.com/online/portal/vp7/bio/aboutus/leadership,1,▶|Leadership,4
Canon U.S. Life Sciences,https://canon-biomedical.com/online/portal/vp7/bio/aboutus/newsandevents,1,▶|News,4
Two Blades Foundation,http://2blades.org/about-2blades/,1,About|2Blades,3
The Procter & Gamble Company,http://www.pg.com/who-we-are/,1,Who|we|are,2
The Procter & Gamble Company,http://www.pg.com/leadership-team/,1,Leadership,2
Baker Hughes Incorporated,https://www.bhge.com/our-company%20,1,None,12
Baker Hughes Incorporated,https://www.bhge.com/corporate-responsibility%20,1,None,12
Baker Hughes Incorporated,https://www.bhge.com/digital/digital-partner-ecosystem%20,1,None,12
Baker Hughes Incorporated,https://www.bhge.com/digital/asset-performance-management%20,1,None,12
Baker Hughes Incorporated,https://www.bhge.com/digital/asset-performance-management/apm-health%20,1,None,12
Baker Hughes Incorporated,https://www.bhge.com/digital/asset-performance-management/apm-integrity%20,1,None,12
Baker Hughes Incorporated,https://www.bhge.com/digital/asset-performance-management/predictive-corrosion-management-pcm%20,1,None,12
Swagelok Company,https://www.swagelok.com:443/en/My-Account/QuoteSummary,1,Quote|History,44
BASF,https://www.basf.com/us/en/company/about-us.html,1,Company,14
BASF,https://www.basf.com/us/en/company/about-us/Locations.html,1,None,14
BASF,https://www.basf.com/us/en/company/about-us/publications.html,1,Publications,14
BASF,https://www.basf.com/us/en/tools/legal/suppliers-and-partners.html,1,Supplier|&|Partners,14
SolarReserve Technology,https://solarreserve.com/en/about,1,About,7
Siemens Medical Solutions USA,https://usa.healthcare.siemens.com/about,1,About|us,9
Siemens Medical Solutions USA,https://usa.healthcare.siemens.com/about-us,1,About|Siemens|Healthineers|in|the|US,9
Siemens Medical Solutions USA,https://usa.healthcare.siemens.com/about-us/about,1,About|Siemens|Healthineers|in|the|U.S.,9
Elenion Technologies,https://elenion.com/summary/,1,About|Us,3
HAMAMATSU PHOTONICS K.K.,https://www.hamamatsu.com/all/en/our-company/index.html,1,Learn|more,20
HAMAMATSU PHOTONICS K.K.,https://www.hamamatsu.com/all/en/our-company/csr/index.html,1,None,20
HAMAMATSU PHOTONICS K.K.,https://www.hamamatsu.com/jp/en/our-company/history/index.html,1,History,20
HAMAMATSU PHOTONICS K.K.,https://www.hamamatsu.com/all/en/our-company/about-crl/index.html,1,None,20
HAMAMATSU PHOTONICS K.K.,https://www.hamamatsu.com/jp/en/our-company/at-a-glance/index.html,1,Hamamatsu|at|a|glance,20
HAMAMATSU PHOTONICS K.K.,https://www.hamamatsu.com/jp/en/our-company/our-philosophy/index.html,1,Our|philosophy,20
HAMAMATSU PHOTONICS K.K.,https://www.hamamatsu.com/jp/en/our-company/investor-relations/index.html,1,Investor|relations,20
HAMAMATSU PHOTONICS K.K.,https://www.hamamatsu.com/jp/en/our-company/presidents-message/index.html,1,President's|message,20
GlaxoSmithKline Biologicals,https://www.gsk.com/en-gb/about-us/save-the-children-partnership/,1,Visit|this|section,49
GlaxoSmithKline Biologicals,https://www.gsk.com/en-gb/about-us/save-the-children-partnership/overview/,1,Overview,49
GlaxoSmithKline Biologicals,https://www.gsk.com/en-gb/about-us/save-the-children-partnership/trek-for-kids/,1,Trek|for|Kids,49
GlaxoSmithKline Biologicals,https://www.gsk.com/en-gb/about-us/save-the-children-partnership/2016-healthcare-innovation-award/,1,2016|Healthcare|Innovation|Award,49
GlaxoSmithKline Biologicals,https://www.gsk.com/en-gb/about-us/save-the-children-partnership/past-healthcare-innovation-awards-winners/,1,Past|Healthcare|Innovation|Awards|Winners,49
Microsemi SoC Corporation,https://www.microsemi.com/company/careers/careers,1,Careers,23
Microsemi SoC Corporation,https://www.microsemi.com/company/careers/culture,1,Culture,23
Microsemi SoC Corporation,https://www.microsemi.com/company/careers/diversity,1,Diversity,23
Microsemi SoC Corporation,https://www.microsemi.com/company/careers/us-benefits,1,U.S.|Benefits,23
Microsemi SoC Corporation,https://www.microsemi.com/company/careers/how-to-apply,1,How|to|Apply,23
Microsemi SoC Corporation,https://www.microsemi.com/company/careers/ada-accessibility,1,Accessibility,23
Microsemi SoC Corporation,https://www.microsemi.com/company/careers/insider-perspectives,1,Insider|Perspectives,23
Dow Global Technologies Inc.,https://www.dow.com/en-us/about-dow/locations?region=%7Bc1e574c8-092c-4d78-bbbf-839c8ae13c4d%7D,1,Latin|America,6
Dow Global Technologies Inc.,https://www.dow.com/en-us/about-dow/locations?region=%7Bc1246c44-a166-4876-b3ea-d07e58979cd9%7D,1,North|America,6
Dow Global Technologies Inc.,https://www.dow.com/en-us/about-dow/locations?region=%7B6228b4b7-9cbb-4c7c-b64e-f4317f16bad7%7D,1,Asia|Pacific,6
Dow Global Technologies Inc.,https://www.dow.com/en-us/about-dow/locations?region=%7Bc89a10b2-135e-404c-9ae7-11814eb94ed4%7D,1,Middle|East,6
Dow Global Technologies Inc.,https://www.dow.com/en-us/about-dow/locations?region=%7Bbdf04b3f-f624-4eb9-9e33-978b33d9e1b6%7D,1,Africa,6
Oracle International Corporation,https://www.oracle.com/,1,Company|Information,52
Oracle International Corporation,https://www.oracle.com/applications/performance-management/,1,Enterprise|Performance|Management,52
iNanoBio LLC,http://inanobio.com/team.php,1,Leadership|Team,2
iNanoBio LLC,http://inanobio.com/aboutus.php,1,About|Us,2
Acer Incorporated,https://www.acer.com/ac/en/US/content/en/US/content/csr,1,Corporate|Social|Responsibility,2
Acer Incorporated,https://www.acer.com/ac/en/US/content/en/US/content/my-profile,1,None,2
BROADCOM CORPORATION,https://www.broadcom.com/company/contact/,1,Contact|Us,28
BROADCOM CORPORATION,https://www.broadcom.com/company/about-us/,1,About|Us,28
BROADCOM CORPORATION,https://www.broadcom.com/company/contact/media-contacts,1,Media|Contacts,28
BROADCOM CORPORATION,https://www.broadcom.com/company/contact/manufacturing-rep,1,Manufacturing|Rep,28
United Technologies Corporation,http://www.utc.com/Pages/Home.aspx,0,,13
Yeda Research and Development Co.,http://yedarnd.com/Overview,0,,3
Tyco Electronics Corporation,https://www.te.com/usa-en/home.html,0,,19
Seagate Technology LLC,https://www.seagate.com/,0,,4
Solaire Generation LLC,http://sunpowercarports.com/,0,,1
Pentron Clinical Technologies,https://www.pentron.com/,0,,1
Fairchild Semiconductor Corporation,https://www.onsemi.com/PowerSolutions/home.do,0,,7
Nordson Corporation,http://nordson.com/,0,,30
NanoGram Corporation,http://www.nanogram.com/home/,0,,0
Canon,https://www.usa.canon.com/internet/portal/us/home,0,,58
Lumentum Operations LLC,https://www.lumentum.com/en,0,,7
KJ BIOSCIENCES LLC,http://kjbiosciences.com/index.html,0,,1
Coriant Advanced Technology,https://www.coriant.com/,0,,7
Pendar Technologies,http://www.pendar.com,0,,3
Bridgestone Corporation,https://www.bridgestone.com/regional/north_america/united_states.html,0,,15
Heliae Development,https://heliae.com/,0,,3
Dentsply International,https://corporate.dentsplysirona.com/en.html,0,,17
Polaris Products LLC,http://www.polaris.com/en-us,0,,24
Micro Cooling Concepts,http://microcoolingconcepts.com/,0,,2
Gilead Sciences,https://www.gilead.com/,0,,9
CARBO Ceramics Inc.,https://carboceramics.com/about/about-carbo,0,,33
Chevron Phillips Chemical Company LP,http://www.cpchem.com/en-us/Pages/default.aspx,0,,24
Colgate-Palmolive Company,https://www.colgatepalmolive.com/en-us,0,,15
3M Innovative Properties Company,https://www.3m.com/,0,,18
Biogenic Reagents Ventures,http://biogenicreagents.com/,0,,0
Guardian Industries,https://www.guardian.com/en/index.html,0,,7
Perkinelmer Holdings,http://www.perkinelmer.com/,0,,29
Canon U.S. Life Sciences,https://canon-biomedical.com/online/portal/vp7,0,,4
