Red Hat,https://www.redhat.com/en/about/around-the-world
Red Hat,https://www.redhat.com/en/about/office-locations
Red Hat,https://www.redhat.com/en/about/development-model
Red Hat,https://www.redhat.com/en/about/all-policies-guidelines
Red Hat,https://www.redhat.com/en/technologies/management/satellite
Red Hat,https://www.redhat.com/en/open-source?intcmp=701f2000001OEHBAA4
Red Hat,https://www.redhat.com/en/about/company?intcmp=701f2000001OEGSAA4
Red Hat,https://www.redhat.com/en/technologies/management/ansible?intcmp=701f2000001OEGhAAO
Red Hat,https://www.redhat.com/en/technologies/management/ansible?intcmp=701f2000001OEGmAAO
Red Hat,https://www.redhat.com/en/technologies/management/insights?intcmp=701f2000001OEGhAAO
Red Hat,https://www.redhat.com/en/technologies/management/insights?intcmp=701f2000001OEGrAAO
Red Hat,https://www.redhat.com/en/technologies/management/insights?intcmp=701f2000001OEGmAAO
Red Hat,https://www.redhat.com/en/technologies/management/satellite?intcmp=701f2000001OEGhAAO
Red Hat,https://www.redhat.com/en/technologies/management/satellite?intcmp=701f2000001OEGmAAO
Red Hat,https://www.redhat.com/en/technologies/management/cloudforms?intcmp=701f2000001OEGrAAO
Red Hat,https://www.redhat.com/en/technologies/management/cloudforms?intcmp=701f2000001OEGmAAO
Red Hat,https://www.redhat.com/en/about/press-releases/ibm-acquire-red-hat-completely-changing-cloud-landscape-and-becoming-worlds-1-hybrid-cloud-provider?intcmp=701f2000000RWK2AAO
FLIR Systems,https://www.flir.com/corporate/reseller-and-customer-information/
Humanetics Corporation,http://www.humaneticsatd.com/services/consulting-training/management-services
Humanetics Corporation,http://www.humaneticsatd.com/about-us/press-releases/aicon-3d-systems-sign-distribution-agreement
Humanetics Corporation,http://www.humaneticsatd.com/about-us/press-releases/safety-technology-holdings-inc-acquires-fibercore-ltd
Humanetics Corporation,http://www.humaneticsatd.com/about-us/press-releases/detroit-lions-salute-service-week-be-presented-humanetics
Humanetics Corporation,http://www.humaneticsatd.com/about-us/press-releases/hitec-sensor-developments-acquires-aero-sense-technologies
Humanetics Corporation,http://www.humaneticsatd.com/about-us/press-releases/humanetics-innovative-solutions-named-one-2018%E2%80%99s-best-and-brightest-companie
Humanetics Corporation,http://www.humaneticsatd.com/about-us/press-releases/christopher-o%E2%80%99connor-named-entrepreneur-year%C2%AE-2018-distribution-and-manufact
SII Semiconductor Corporation,https://www.ablic.com/en/semicon/news/2018/10/29/techanalye3/
Bristol-Myers Squibb Company,https://www.bms.com/researchers-and-partners.html
Bristol-Myers Squibb Company,https://www.bms.com/researchers-and-partners/clinical-trials-and-research.html
Algenol Biotech LLC,http://algenol.com/author/ipartnermedia1/
CyboEnergy,http://cyboenergy.com/business/partnership.html
Chevron Oronitz Company LLC,https://www.oronite.com/about/news/latest-news/2018/breaks-ground-on-china-expansion.aspx
Chevron Oronitz Company LLC,https://www.oronite.com/about/news/latest-news/2018/OLOA-61011-is-MAN-M3677-approved.aspx
Toyota Motor Engineering & Manufacturing North America,https://www.toyota.com/usa
InView Technology Corporation,http://www.inview.tv/partners/
InView Technology Corporation,http://www.inview.tv/mtn-launches-tv-service-in-jos-in-partnership-with-inview/
KT Corporation,https://corp.kt.com/eng/html/intro/main.html
KT Corporation,https://corp.kt.com/eng/html/intro/design/ci.html
KT Corporation,https://corp.kt.com/eng/html/intro/design/bi.html
KT Corporation,https://corp.kt.com/eng/html/intro/gov/meeting.html
KT Corporation,https://corp.kt.com/eng/html/intro/info/history.html
KT Corporation,https://corp.kt.com/eng/html/intro/gov/articles.html
KT Corporation,https://corp.kt.com/eng/html/intro/design/films.html
KT Corporation,https://corp.kt.com/eng/html/intro/gov/structure.html
KT Corporation,https://corp.kt.com/eng/html/intro/gov/directors.html
KT Corporation,https://corp.kt.com/eng/html/intro/gov/commitees.html
KT Corporation,https://corp.kt.com/eng/html/intro/design/awards.html
KT Corporation,https://corp.kt.com/eng/html/intro/info/locations.html
KT Corporation,https://corp.kt.com/eng/html/sustain/share/growth.html
KT Corporation,https://corp.kt.com/eng/html/intro/design/typeface.html
KT Corporation,https://corp.kt.com/eng/html/sustain/share/strategy.html
KT Corporation,https://corp.kt.com/eng/html/sustain/transparent/tax.html
KT Corporation,https://corp.kt.com/eng/html/sustain/customer/system.html
KT Corporation,https://corp.kt.com/eng/html/sustain/transparent/risk.html
KT Corporation,https://corp.kt.com/eng/html/sustain/telent/employees.html
KT Corporation,https://corp.kt.com/eng/html/sustain/share/activities.html
KT Corporation,https://corp.kt.com/eng/html/promote/pyeongchang/main.html
KT Corporation,https://corp.kt.com/eng/html/sustain/transparent/model.html
KT Corporation,https://corp.kt.com/eng/html/sustain/possibility/system.html
KT Corporation,https://corp.kt.com/eng/html/global/overview/partnership.html
KT Corporation,https://corp.kt.com/eng/html/sustain/possibility/reports.html
KT Corporation,https://corp.kt.com/eng/html/sustain/customer/innovation.html
KT Corporation,https://corp.kt.com/eng/html/sustain/telent/human_rights.html
KT Corporation,https://corp.kt.com/eng/html/sustain/environmental/agenda.html
KT Corporation,https://corp.kt.com/eng/html/sustain/telent/safety_health.html
KT Corporation,https://corp.kt.com/eng/html/sustain/transparent/ethics_01.html
KT Corporation,https://corp.kt.com/eng/html/sustain/customer/info_protect.html
KT Corporation,https://corp.kt.com/eng/html/sustain/possibility/leadership.html
KT Corporation,https://corp.kt.com/eng/html/sustain/environmental/strategy.html
KT Corporation,https://corp.kt.com/eng/html/sustain/environmental/elec_waves.html
KT Corporation,https://corp.kt.com/eng/html/biz/services/vision.html?menuid=trigger_today5g
KT Corporation,https://corp.kt.com/eng/html/biz/services/vision.html?menuid=trigger_5gvision
KT Corporation,https://corp.kt.com/eng/html/biz/services/vision.html?menuid=trigger_5gleadership
Perkinelmer Holdings,http://www.perkinelmer.com/corporate
Perkinelmer Holdings,http://www.perkinelmer.com/corporate/company/innovation/
Perkinelmer Holdings,http://www.perkinelmer.com/corporate/User/FetchCountries
Perkinelmer Holdings,http://www.perkinelmer.com/corporate/company/our-history/
Perkinelmer Holdings,http://www.perkinelmer.com/corporate/what-we-do/capabilities/
Perkinelmer Holdings,http://www.perkinelmer.com/corporate/company/about-us/index.html
Perkinelmer Holdings,http://www.perkinelmer.com/corporate/policies/cookies-policy.html
Perkinelmer Holdings,http://www.perkinelmer.com/corporate/company/leadership/index.html
Perkinelmer Holdings,http://www.perkinelmer.com/corporate/what-we-do/markets/index.html
Perkinelmer Holdings,http://www.perkinelmer.com/corporate/careers/work-that-matters.html
Perkinelmer Holdings,http://www.perkinelmer.com/corporate/careers/employee-experience.html
Perkinelmer Holdings,http://www.perkinelmer.com/corporate/careers/diversity-perkinelmer.html
Perkinelmer Holdings,http://www.perkinelmer.com/corporate/what-we-do/capabilities/index.html
Perkinelmer Holdings,http://www.perkinelmer.com/corporate/what-we-do/capabilities/imaging.html
Perkinelmer Holdings,http://www.perkinelmer.com/corporate/what-we-do/capabilities/services.html
Perkinelmer Holdings,http://www.perkinelmer.com/corporate/what-we-do/capabilities/detection.html
Perkinelmer Holdings,http://www.perkinelmer.com/corporate/company/discover-PerkinElmer/index.html
Perkinelmer Holdings,http://www.perkinelmer.com/corporate/company/corporate-governance/index.html
Perkinelmer Holdings,http://www.perkinelmer.com/corporate/company/corporate-social-responsibility/index.html
GLIKNIK INC.,http://www.gliknik.com/how-we-work/
Two Blades Foundation,http://2blades.org/2bf/about/
Brewer Science Inc.,https://www.brewerscience.com/partnerships/imec
Brewer Science Inc.,https://www.brewerscience.com/about-us/newsroom/
Brewer Science Inc.,https://www.brewerscience.com/about-us/partnerships/itri
Brewer Science Inc.,https://www.brewerscience.com/about-us/partnerships/arkema/
Brewer Science Inc.,https://www.brewerscience.com/about-us/environmental-safety/
Brewer Science Inc.,https://www.brewerscience.com/about-us/executive-advisory-board/
Brewer Science Inc.,https://www.brewerscience.com/about-us/partnerships/nissan-chemical/
Brewer Science Inc.,https://www.brewerscience.com/about-us/partnerships/university-chicago/
International Business Machines Corporation,https://www.ibm.com/partnerworld/public?lnk=fif
International Business Machines Corporation,http://www.ibm.com/partnerworld/wps/bplocator/search.jsp?lnk=fcw
International Business Machines Corporation,https://www.ibm.com/analytics/us/en/data-management/?lnk=hpmpr_bua&lnk2=learn
International Business Machines Corporation,https://www.ibm.com/talent-management/ai-in-hr-business-case?lnk=ushpv18l1&lnk2=learn
International Business Machines Corporation,https://www.ibm.com/analytics/us/en/enterprise-content-management/?lnk=hpmpr_bua&lnk2=learn
International Business Machines Corporation,https://www.ibm.com/analytics/us/en/financial-performance-management/?lnk=hpmpr_bua&lnk2=learn
International Business Machines Corporation,https://www.ibm.com/internet-of-things/solutions/facilities-management?lnk=hpmpr_iot&lnk2=learn
International Business Machines Corporation,https://www.ibm.com/security/solutions/risk-management-data-protection/?lnk=hpmpr_buse&lnk2=learn
International Business Machines Corporation,https://www.ibm.com/internet-of-things/solutions/enterprise-asset-management?lnk=hpmpr_iot&lnk2=learn
Sumitomo Electric Industries,https://global-sei.com/company/120th
Sumitomo Electric Industries,https://global-sei.com/company/tagline.html
Sumitomo Electric Industries,https://global-sei.com/company/outline.html
Sumitomo Electric Industries,https://global-sei.com/company/history.html
Sumitomo Electric Industries,https://global-sei.com/company/strategy.html
Sumitomo Electric Industries,https://global-sei.com/company/greeting.html
Sumitomo Electric Industries,https://global-sei.com/company/executive.html
Sumitomo Electric Industries,https://global-sei.com/company/governance.html
Sumitomo Electric Industries,https://global-sei.com/company/organization.html
Sumitomo Electric Industries,https://global-sei.com/company/publications.html
Sumitomo Electric Industries,https://global-sei.com/company/compliance-hotlines.html
Sumitomo Electric Industries,https://global-sei.com/company/press/2018/10/prs095.html
Sumitomo Electric Industries,https://global-sei.com/company/press/2018/10/prs086.html
Sumitomo Electric Industries,https://global-sei.com/company/press/2018/10/prs079.html
Sumitomo Electric Industries,https://global-sei.com/company/press/2018/09/prs086.html
Sumitomo Electric Industries,https://global-sei.com/company/press/2018/09/prs081.html
The Procter & Gamble Company,http://www.pg.com/who-we-are/
The Procter & Gamble Company,http://www.pg.com/leadership-team/
JSR Corporation,http://jsr.vccs.edu/who_we_are/about/mec/default.aspx
JSR Corporation,http://jsr.vccs.edu/who_we_are/leadership/default.aspx
JSR Corporation,http://jsr.vccs.edu/who_we_are/media_center/default.aspx
JSR Corporation,http://jsr.vccs.edu/who_we_are/reynolds_art/default.aspx
JSR Corporation,http://jsr.vccs.edu/who_we_are/hr/organization_chart.aspx
JSR Corporation,http://jsr.vccs.edu/who_we_are/about/learning_environment.aspx
JSR Corporation,http://jsr.vccs.edu/who_we_are/diversity-and-inclusion/default.aspx
JSR Corporation,http://jsr.vccs.edu/who_we_are/consumer-information/consumer-information.aspx
JSR Corporation,http://jsr.vccs.edu/register_for_classes/technology_support/about_myreynolds.aspx
JSR Corporation,http://jsr.vccs.edu/who_we_are/faculty_rewards_recognition/faculty_reward_recognition.aspx
ExxonMobil Chemical Patents Inc.,https://www.exxonmobilchemical.com/
Bestway,http://www.bestwaycorp.us/aboutus
Baker Hughes Incorporated,https://www.bhge.com/our-company%20
Baker Hughes Incorporated,https://www.bhge.com/corporate-responsibility%20
Baker Hughes Incorporated,https://www.bhge.com/digital/asset-performance-management
Baker Hughes Incorporated,https://www.bhge.com/digital/digital-partner-ecosystem%20
Baker Hughes Incorporated,https://www.bhge.com/digital/asset-performance-management%20
Baker Hughes Incorporated,https://www.bhge.com/digital/asset-performance-management/apm-health%20
Baker Hughes Incorporated,https://www.bhge.com/digital/asset-performance-management/apm-integrity%20
Baker Hughes Incorporated,https://www.bhge.com/digital/asset-performance-management/predictive-corrosion-management-pcm%20
Baker Hughes Incorporated,https://www.bhge.com/news/adnoc-and-bhge-form-strategic-partnership-improve-drilling-efficiencies-and-grow-adnoc-drilling
Swagelok Company,https://www.swagelok.com:443/en/My-Account/QuoteSummary
Swagelok Company,https://www.swagelok.com:443/en/About/Newsroom/Press-Releases
Swagelok Company,https://www.swagelok.com:443/en/About/Newsroom/Media-Contacts
Swagelok Company,https://www.swagelok.com:443/en/About/Our-Business/Associates
Swagelok Company,https://www.swagelok.com:443/en/About/Our-Business/Shop-Floor
Swagelok Company,https://www.swagelok.com:443/en/About/Newsroom/Success-Stories
Swagelok Company,https://www.swagelok.com:443/en/About/Our-Leadership/Ward-Dumm
Swagelok Company,https://www.swagelok.com:443/en/About/Our-Business/Supply-Chain
Swagelok Company,https://www.swagelok.com:443/en/About/Our-Business/Manufacturing
Swagelok Company,https://www.swagelok.com:443/en/About/Our-Business/Global-Survey
Swagelok Company,https://www.swagelok.com:443/en/About/Our-Leadership/Bill-Canady
Swagelok Company,https://www.swagelok.com:443/en/About/Newsroom/published-articles
Swagelok Company,https://www.swagelok.com:443/en/About/Our-Business/Business-Model
Swagelok Company,https://www.swagelok.com:443/en/About/Our-Leadership/James-Cavoli
Swagelok Company,https://www.swagelok.com:443/en/About/Our-Leadership/Joel-Feldman
Swagelok Company,https://www.swagelok.com:443/en/About/Our-Leadership/Bob-G-Wilson
Swagelok Company,https://www.swagelok.com:443/en/About/Our-Leadership/Joey-J-Arnold
Swagelok Company,https://www.swagelok.com:443/en/About/Our-Leadership/Frank-J-Roddy
Swagelok Company,https://www.swagelok.com:443/en/About/Newsroom/Corporate-Fact-Sheet
Swagelok Company,https://www.swagelok.com:443/en/About/Our-Leadership/Arthur-F-Anton
Swagelok Company,https://www.swagelok.com:443/en/About/Our-Leadership/Brent-A-Blouch
Swagelok Company,https://www.swagelok.com:443/en/About/Our-Leadership/David-E-Krabill
Swagelok Company,https://www.swagelok.com:443/en/About/Our-Leadership/David-E-OConnor
Swagelok Company,https://www.swagelok.com:443/en/About/Newsroom/Industry-Participation
Swagelok Company,https://www.swagelok.com:443/en/About/Our-Business/Financial-Strength
Swagelok Company,https://www.swagelok.com:443/en/About/Our-Leadership/Theresa-Polachek
Swagelok Company,https://www.swagelok.com:443/en/About/Our-Values/Social-Responsibility
Swagelok Company,https://www.swagelok.com:443/en/About/Our-Business/Customers-and-Markets
Swagelok Company,https://www.swagelok.com:443/en/About/Our-Leadership/Matthew-P-LoPiccolo
Swagelok Company,https://www.swagelok.com:443/en/About/Our-Business/Engineering-Innovation
Swagelok Company,https://www.swagelok.com:443/en/About/Our-Business/Information-Technology
Swagelok Company,https://www.swagelok.com:443/en/About/Newsroom/Press-Releases/Forbes_List
Swagelok Company,https://www.swagelok.com:443/en/About/Our-Business/Message_to_our_Customers
Swagelok Company,https://www.swagelok.com:443/en/Services/training-and-education/Steam_Services_Training
BASF,https://www.basf.com/us/en/company/career.html
BASF,https://www.basf.com/us/en/company/about-us.html
BASF,https://www.basf.com/us/en/company/innovation.html
BASF,https://www.basf.com/us/en/company/news-and-media.html
BASF,https://www.basf.com/us/en/company/sustainability.html
BASF,https://www.basf.com/us/en/company/about-us/Locations.html
BASF,https://www.basf.com/us/en/company/about-us/publications.html
BASF,https://www.basf.com/us/en/company/news-and-media/multimedia.html
BASF,https://www.basf.com/us/en/tools/legal/suppliers-and-partners.html
BASF,https://www.basf.com/us/en/company/news-and-media/news-releases.html
BASF,https://www.basf.com/us/en/company/about-us/strategy-and-organization.html
BASF,https://www.basf.com/en/company/news-and-media/events/2018/press-conference-181120.html
BASF,https://www.basf.com/en/company/investor-relations/share-and-adrs/share-overview/stock-chart.html.html
BASF,https://www.basf.com/us/en/company/sustainability/management-and-instruments/circular-economy/chemcycling.html
SolarReserve Technology,https://solarreserve.com/en/about/about-us-overview
Bird-B-Gone,https://www.birdbgone.com/about.html
Bird-B-Gone,https://www.birdbgone.com/pest-bird-profiles.html
Bird-B-Gone,https://www.birdbgone.com/choose-by-industry/property-management.html
Bird-B-Gone,https://www.birdbgone.com/authorized-installers/your-partner-in-bird-control.html
Siemens Medical Solutions USA,https://usa.healthcare.siemens.com/about-us
Siemens Medical Solutions USA,https://usa.healthcare.siemens.com/about-us/about
Siemens Medical Solutions USA,https://usa.healthcare.siemens.com/services/value-partnerships
Elenion Technologies,https://elenion.com/company/
Aerogen,https://www.aerogen.com/about/our-story/
Aerogen,https://www.aerogen.com/about/technology/
Aerogen,https://www.aerogen.com/about/respiratory-care/
Sony Corporation,https://www.sony.com/electronics/about-sony
NetApp,https://www.netapp.com/us/company/index.aspx
NetApp,https://www.netapp.com/us/partners/index.aspx
NetApp,https://www.netapp.com/us/partners/become-a-partner/e-based-oems-list.aspx
Robert Bosch GmbH,https://www.bosch.com/corporate-information/
Robert Bosch GmbH,https://www.bosch.com/our-company/sustainability/gri-content-index/
Robert Bosch GmbH,https://www.bosch.com/our-company/sustainability/reporting-and-data/
Robert Bosch GmbH,https://www.bosch.com/our-company/sustainability/sustainability-report-2017/
Robert Bosch GmbH,https://www.bosch.com/our-company/sustainability/strategy/vision-and-targets/
Robert Bosch GmbH,https://www.bosch.com/data-protection-policy/?prevent-auto-open-privacy-settings=1
HAMAMATSU PHOTONICS K.K.,https://www.hamamatsu.com/all/en/our-company/index.html
HAMAMATSU PHOTONICS K.K.,https://www.hamamatsu.com/all/en/our-company/csr/index.html
HAMAMATSU PHOTONICS K.K.,https://www.hamamatsu.com/all/en/our-company/history/index.html
HAMAMATSU PHOTONICS K.K.,https://www.hamamatsu.com/all/en/our-company/about-crl/index.html
HAMAMATSU PHOTONICS K.K.,https://www.hamamatsu.com/all/en/our-company/at-a-glance/index.html
HAMAMATSU PHOTONICS K.K.,https://www.hamamatsu.com/jp/en/our-company/business-domain/index.html
HAMAMATSU PHOTONICS K.K.,https://www.hamamatsu.com/all/en/our-company/our-philosophy/index.html
HAMAMATSU PHOTONICS K.K.,https://www.hamamatsu.com/jp/en/our-company/corporate-profile/index.html
HAMAMATSU PHOTONICS K.K.,https://www.hamamatsu.com/jp/en/our-company/investor-relations/index.html
HAMAMATSU PHOTONICS K.K.,https://www.hamamatsu.com/jp/en/our-company/presidents-message/index.html
HAMAMATSU PHOTONICS K.K.,https://www.hamamatsu.com/all/en/our-company/presidents-message/index.html
HAMAMATSU PHOTONICS K.K.,https://www.hamamatsu.com/all/en/our-company/investor-relations/index.html
HAMAMATSU PHOTONICS K.K.,https://www.hamamatsu.com/all/en/our-company/csr/quality-control/index.html
HAMAMATSU PHOTONICS K.K.,https://www.hamamatsu.com/jp/en/our-company/global-organizations/index.html
GlaxoSmithKline Biologicals,https://www.gsk.com/en-gb/partnerships/
GlaxoSmithKline Biologicals,https://www.gsk.com/en-gb/about-us/governance/shareholders/
GlaxoSmithKline Biologicals,https://www.gsk.com/en-gb/about-us/smile-train-partnership/
GlaxoSmithKline Biologicals,https://www.gsk.com/en-gb/about-us/corporate-executive-team/
GlaxoSmithKline Biologicals,https://www.gsk.com/en-gb/about-us/comic-relief-partnership/
GlaxoSmithKline Biologicals,https://www.gsk.com/en-gb/about-us/governance/board-committees/
GlaxoSmithKline Biologicals,https://www.gsk.com/en-gb/about-us/governance/other-committees/
GlaxoSmithKline Biologicals,https://www.gsk.com/en-gb/about-us/governance/global-compliance/
GlaxoSmithKline Biologicals,https://www.gsk.com/en-gb/about-us/policies-codes-and-standards/
GlaxoSmithKline Biologicals,https://www.gsk.com/en-gb/about-us/save-the-children-partnership/
GlaxoSmithKline Biologicals,https://www.gsk.com/en-gb/about-us/comic-relief-partnership/ghana/
GlaxoSmithKline Biologicals,https://www.gsk.com/en-gb/about-us/our-history/gsk-heritage-archives/
GlaxoSmithKline Biologicals,https://www.gsk.com/en-gb/about-us/comic-relief-partnership/tanzania/
GlaxoSmithKline Biologicals,https://www.gsk.com/en-gb/about-us/our-history/going-global-1892-1918/
GlaxoSmithKline Biologicals,https://www.gsk.com/en-gb/about-us/our-history/gsk-today-2000-present/
GlaxoSmithKline Biologicals,https://www.gsk.com/en-gb/about-us/governance/sarbanes-oxley-act-2002/
GlaxoSmithKline Biologicals,https://www.gsk.com/en-gb/about-us/comic-relief-partnership/mozambique/
GlaxoSmithKline Biologicals,https://www.gsk.com/en-gb/about-us/our-history/building-brands-1919-1949/
GlaxoSmithKline Biologicals,https://www.gsk.com/en-gb/about-us/comic-relief-partnership/sierra-leone/
GlaxoSmithKline Biologicals,https://www.gsk.com/en-gb/investors/debt-investors/debt-maturity-profile/
GlaxoSmithKline Biologicals,https://www.gsk.com/en-gb/about-us/comic-relief-partnership/nsaje-teacher/
GlaxoSmithKline Biologicals,https://www.gsk.com/en-gb/about-us/save-the-children-partnership/overview/
GlaxoSmithKline Biologicals,https://www.gsk.com/en-gb/investors/corporate-reporting/annual-report-2017/
GlaxoSmithKline Biologicals,https://www.gsk.com/en-gb/about-us/vaccines/why-you-don-t-outgrow-vaccination/
GlaxoSmithKline Biologicals,https://www.gsk.com/en-gb/about-us/save-the-children-partnership/trek-for-kids/
GlaxoSmithKline Biologicals,https://www.gsk.com/en-gb/about-us/comic-relief-partnership/johari-mother-of-two/
GlaxoSmithKline Biologicals,https://www.gsk.com/en-gb/about-us/our-history/innovative-entrepreneurs-1715-1891/
GlaxoSmithKline Biologicals,https://www.gsk.com/en-gb/about-us/comic-relief-partnership/johari-mother-of-four/
GlaxoSmithKline Biologicals,https://www.gsk.com/en-gb/about-us/our-history/creating-the-gsk-of-today-1950-1999/
GlaxoSmithKline Biologicals,https://www.gsk.com/en-gb/about-us/save-the-children-partnership/meet-the-children/
GlaxoSmithKline Biologicals,https://www.gsk.com/en-gb/about-us/comic-relief-partnership/patrick-malaria-patient/
GlaxoSmithKline Biologicals,https://www.gsk.com/en-gb/investors/corporate-reporting/corporate-reporting-archive/
GlaxoSmithKline Biologicals,https://www.gsk.com/en-gb/about-us/comic-relief-partnership/greater-mekong-subregion/
GlaxoSmithKline Biologicals,https://www.gsk.com/en-gb/about-us/comic-relief-partnership/leonard-father-farmer-and-assistant/
GlaxoSmithKline Biologicals,https://www.gsk.com/en-gb/investors/shareholder-information/corporate-sponsored-nominee-service/
GlaxoSmithKline Biologicals,https://www.gsk.com/en-gb/about-us/save-the-children-partnership/2016-healthcare-innovation-award/
GlaxoSmithKline Biologicals,https://www.gsk.com/en-gb/about-us/save-the-children-partnership/past-healthcare-innovation-awards-winners/
GlaxoSmithKline Biologicals,https://www.gsk.com/en-gb/about-us/comic-relief-partnership/jacob-tanzania-communication-and-development-centre/
Bemis Company,http://www.bemis.com/about-bemis/sustainability/social-sustainability
Bemis Company,http://www.bemis.com/about-bemis/sustainability/economic-sustainability
Bemis Company,http://www.bemis.com/about-bemis/sustainability/environmental-sustainability
Microsemi SoC Corporation,https://www.microsemi.com/company/careers/careers
Microsemi SoC Corporation,https://www.microsemi.com/company/careers/culture
Microsemi SoC Corporation,https://www.microsemi.com/company/careers/diversity
Microsemi SoC Corporation,https://www.microsemi.com/company/careers/us-benefits
Microsemi SoC Corporation,https://www.microsemi.com/company/terms-and-conditions
Microsemi SoC Corporation,https://www.microsemi.com/company/careers/how-to-apply
Microsemi SoC Corporation,https://www.microsemi.com/company/careers/recent-graduates
Microsemi SoC Corporation,https://www.microsemi.com/company/careers/ada-accessibility
Microsemi SoC Corporation,https://www.microsemi.com/company/request-a-quote-or-samples
Microsemi SoC Corporation,https://www.microsemi.com/company/careers/insider-perspectives
Microsemi SoC Corporation,https://www.microsemi.com/company/aviation-center-of-excellence
Microsemi SoC Corporation,https://www.microsemi.com/company/technology/poe-and-poh-technology
Microsemi SoC Corporation,https://www.microsemi.com/applications/commercial-aviation/cabin-management-systems
DNA Twopointo,https://www.atum.bio/company/news-events/press-releases
DNA Twopointo,https://www.atum.bio/company/companyprivacy-information
AG ENERGY SOLUTIONS,https://ag.energy/about/
AG ENERGY SOLUTIONS,https://ag.energy/about-2/
Dow Global Technologies Inc.,https://www.dow.com/en-us/about-dow/locations?region=%7Bc1e574c8-092c-4d78-bbbf-839c8ae13c4d%7D
Dow Global Technologies Inc.,https://www.dow.com/en-us/about-dow/locations?region=%7Bc1246c44-a166-4876-b3ea-d07e58979cd9%7D
Dow Global Technologies Inc.,https://www.dow.com/en-us/about-dow/locations?region=%7B6228b4b7-9cbb-4c7c-b64e-f4317f16bad7%7D
Dow Global Technologies Inc.,https://www.dow.com/en-us/about-dow/locations?region=%7Bdf3ae7db-9b29-49c9-a9d9-2841a7eb638b%7D
Dow Global Technologies Inc.,https://www.dow.com/en-us/about-dow/locations?region=%7Bc89a10b2-135e-404c-9ae7-11814eb94ed4%7D
Dow Global Technologies Inc.,https://www.dow.com/en-us/about-dow/locations?region=%7Bbdf04b3f-f624-4eb9-9e33-978b33d9e1b6%7D
Oracle International Corporation,https://www.oracle.com/
Oracle International Corporation,http://www.oracle.com/partners/
Oracle International Corporation,https://www.oracle.com/search/customers
Oracle International Corporation,https://www.oracle.com/corporate/customers/
Oracle International Corporation,https://www.oracle.com/corporate/executives/
Oracle International Corporation,https://www.oracle.com/corporate/citizenship/
Oracle International Corporation,https://www.oracle.com/corporate/acquisitions/
Oracle International Corporation,https://www.oracle.com/corporate/suppliers.html
Oracle International Corporation,https://www.oracle.com/corporate/analystrelations/
Oracle International Corporation,https://www.oracle.com/corporate/contact/help.html
Oracle International Corporation,https://www.oracle.com/corporate/careers/diversity/
Oracle International Corporation,https://www.oracle.com/corporate/security-practices/
Oracle International Corporation,https://www.oracle.com/corporate/supplier-diversity/
Oracle International Corporation,https://www.oracle.com/corporate/contact/global.html
Oracle International Corporation,http://www.oracle.com/us/corporate/references/forums/
Oracle International Corporation,http://www.oracle.com/partners/en/partner-with-oracle/
Oracle International Corporation,https://www.oracle.com/corporate/customers/references.html
Oracle International Corporation,https://www.oracle.com/applications/performance-management/
Oracle International Corporation,https://www.oracle.com/applications/supply-chain-management/
Oracle International Corporation,http://www.oracle.com/us/corporate/careers/college/overview/
Oracle International Corporation,https://www.oracle.com/corporate/license-management-services/
Oracle International Corporation,https://www.oracle.com/corporate/customers/customer-feedback.html
Oracle International Corporation,https://www.oracle.com/applications/erp/risk-management-cloud.html
Oracle International Corporation,https://www.oracle.com/corporate/executives/board-of-directors.html
Oracle International Corporation,https://www.oracle.com/cloud/paas/content-and-experience-management/
Oracle International Corporation,https://www.oracle.com/corporate/careers/diversity/veterans-programs.html
Oracle International Corporation,http://www.oracle.com/partners/en/partner-with-oracle/training/specialist/
Oracle International Corporation,https://www.oracle.com/corporate/citizenship/sustainability/supply-chain.html
Oracle International Corporation,https://www.oracle.com/applications/erp/project-portfolio-management-cloud.html
Oracle International Corporation,http://www.oracle.com/partners/en/partner-with-oracle/oracle-support-services/secure/
Oracle International Corporation,https://www.oracle.com/applications/supply-chain-management/solutions/procurement.html
Oracle International Corporation,https://www.oracle.com/applications/supply-chain-management/solutions/logistics-cloud.html
Oracle International Corporation,https://www.oracle.com/applications/performance-management/solutions/business-planning.html
Oracle International Corporation,https://www.oracle.com/applications/supply-chain-management/solutions/maintenance-cloud.html
Oracle International Corporation,https://www.oracle.com/applications/supply-chain-management/solutions/manufacturing-cloud.html
Oracle International Corporation,https://www.oracle.com/applications/supply-chain-management/solutions/supply-chain-planning.html
Oracle International Corporation,https://www.oracle.com/applications/supply-chain-management/solutions/internet-of-things-apps.html
Oracle International Corporation,https://www.oracle.com/applications/performance-management/solutions/financial-close-reporting.html
Oracle International Corporation,https://www.oracle.com/applications/performance-management/solutions/profitability-cost-management.html
Oracle International Corporation,https://www.oracle.com/applications/performance-management/planning-budgeting-cloud-midsize-companies.html
Oracle International Corporation,https://www.oracle.com/applications/supply-chain-management/solutions/manufacturing/discrete-manufacturing.html
Oracle International Corporation,https://www.oracle.com/corporate/pressrelease/western-digital-transforms-processes-with-oracle-cloud-113018.html
Oracle International Corporation,https://www.oracle.com/applications/performance-management/solutions/enterprise-performance-management-cloud.html
Oracle International Corporation,https://profile.oracle.com/myprofile/account/secure/update-account.jspx?nexturl=https://www.oracle.com/index.html
Acer Incorporated,https://www.acer.com/ac/en/US/content/en/US/content/csr
Acer Incorporated,https://www.acer.com/ac/en/US/content/en/US/content/my-profile
BROADCOM CORPORATION,https://www.broadcom.com/company/
BROADCOM CORPORATION,https://www.broadcom.com/company/citizenship/
BROADCOM CORPORATION,https://www.broadcom.com/company/oem-partners/
BROADCOM CORPORATION,https://www.broadcom.com/company/contact/locations
BROADCOM CORPORATION,https://www.broadcom.com/company/contact/ask-expert
BROADCOM CORPORATION,https://www.broadcom.com/company/legal/cookie-policy
BROADCOM CORPORATION,https://www.broadcom.com/company/about-us/executives
BROADCOM CORPORATION,https://www.broadcom.com/company/citizenship/quality
BROADCOM CORPORATION,https://www.broadcom.com/company/legal/terms-of-use/
BROADCOM CORPORATION,https://www.broadcom.com/company/legal/privacy-policy
BROADCOM CORPORATION,https://www.broadcom.com/company/tradeshows-and-events
BROADCOM CORPORATION,https://www.broadcom.com/company/contact/media-contacts
BROADCOM CORPORATION,https://www.broadcom.com/company/citizenship/environment/
BROADCOM CORPORATION,https://www.broadcom.com/company/about-us/company-history/
BROADCOM CORPORATION,https://www.broadcom.com/company/contact/manufacturing-rep
BROADCOM CORPORATION,https://www.broadcom.com/company/about-us/industry-standards
BROADCOM CORPORATION,https://www.broadcom.com/company/news/financial-releases/2375321
BROADCOM CORPORATION,https://www.broadcom.com/company/contact-us/feedback-and-comments
BROADCOM CORPORATION,https://www.broadcom.com/company/oem-partners/emulex-oem-partners/
BROADCOM CORPORATION,https://www.broadcom.com/company/citizenship/governance-and-ethics/
BROADCOM CORPORATION,https://www.broadcom.com/company/oem-partners/ethernet-network-adapters
BROADCOM CORPORATION,https://www.broadcom.com/company/oem-partners/fibre-channel-networking/
BROADCOM CORPORATION,https://www.broadcom.com/company/oem-partners/fibre-channel-networking-alliances/
Ormat Technologies Inc.,https://www.ormat.com/en/company/contact/main
Ormat Technologies Inc.,https://www.ormat.com/en/company/welcome/history
Ormat Technologies Inc.,https://www.ormat.com/en/company/welcome/leadership
Ormat Technologies Inc.,https://www.ormat.com/en/company/engagement/view/?ContentID=140
Lintec Corporation,http://www.lintec-global.com/about/country/china.html
Lintec Corporation,http://www.lintec-global.com/about/country/pacific.html
Nanotek Instruments,http://nanotekinstruments.com/collaboration-and-partnerships/
Angaza Design,https://www.angaza.com/our-partners/
Christie Digital Systems,https://www.christiedigital.com/
Christie Digital Systems,https://www.christiedigital.com/en-us/pages/partner-home.aspx
Christie Digital Systems,https://www.christiedigital.com/en-us/about-christie/news-room/pr-contacts
Christie Digital Systems,https://www.christiedigital.com/en-us/about-christie/tradeshows-and-events
Christie Digital Systems,https://www.christiedigital.com/en-us/about-christie/anti-slavery-statement
Christie Digital Systems,https://www.christiedigital.com/en-us/about-christie/news-room/awards-and-industry-firsts
Christie Digital Systems,https://www.christiedigital.com/en-us/about-christie/news-room/press-releases/christie-wins-most-influential-company-award
Christie Digital Systems,https://www.christiedigital.com/en-us/about-christie/news-room/press-releases/CGR-Cinemas-declares-future-of-cinema-is-RGB-laser
Xintec Inc.,http://www.xintec.com.tw/eng/index.aspx
Yamaha Corporation,http://yamaha-motor.com/
Wine.com,https://www.wine.com/
Vizio Inc.,https://www.vizio.com/
WHATSAPP INC.,https://www.whatsapp.com/
VMware,https://www.vmware.com/
VEECO PRECISION SURFACE PROCESSING LLC,http://www.veeco.com/technologies-and-products/precision-surface-processing-systems
WestPoint Home,https://www.westpointhome.com/
VIASAT INC.,https://www.viasat.com/
DuPont Teijin Films U.S. Limited Partnership,https://usa.dupontteijinfilms.com/
Vaxiion Therapeutics,http://www.vaxiion.com/
Silicon Space Technology Corp.,https://www.voragotech.com/
Universal Leaf Tobacco Co.,http://www.universalcorp.com/
TRIDONIC GMBH & CO KG,https://www.tridonic.com/com/en/
Transitions Optical,https://www.transitions.com/en-us/
Kabushikikaisha Toshiba,http://www.toshiba.com/tai/
Waters Technologies Corporation,http://waters.com/waters/home.htm?locale=en_US
Virent,http://www.virent.com/
Nederlandse Organisatie voor toegepast-natuurwetenschappelijk onderzoek TNO,https://www.tno.nl/en/
Thorn Bioscience LLC,http://thornbioscience.com/
Xerox Corporation,https://www.xerox.com/
Metabolix,https://www.yield10bio.com/
Vascular BioSciences,http://vascularbiosciences.com/
Wizard Labs,https://wizardlabs.us/
Crystal Solar Inc.,http://xtalsolar.com/
WOVN,https://www.wovns.com/
Wireless Environment,http://wirelessenv.com/
Hamilton Sundstrand Corporation,https://utcaerospacesystems.com/
Ube Industries,https://ube-ind.co.jp/ube/en/index.html
UChicago Argonne,http://uchicagoargonnellc.org/
Weatherford Canada Partnership,https://www.weatherford.com/en/
Vorbeck Materials Corporation,https://vorbeck.com/
Wenger Corporation,https://www.wengercorp.com/
TECNIUM,http://tecnium.es/
Wave Energy Conversion Corporation of America,https://weccamerica.com/
Veracode,https://www.veracode.com/
Tata Consultancy Services Limited,https://www.tcs.com/
Tufts Medical Center,https://www.tuftsmedicalcenter.org/
Tokyo Ohka Kogyo Co.,https://www.tok.co.jp/speng
Transtron Solutions LLC,http://www.transtron.com/en/
TRANE INTERNATIONAL INC.,http://www.trane.com/index.aspx
Unistrut International Corp.,http://unistrut.us/
Watlow Electric Manufacturing Company,https://www.watlow.com/
NLT TECHNOLOGIES,https://www.tianma.co.jp/en/
Disney Enterprises,https://www.thewaltdisneycompany.com/
TT Technologies,http://www.tttechnologies.com/
Total Marketing Services,https://www.total.com/en
Transposagen Biopharmaceuticals,http://www.transposagenbio.com/
VINDICO NANOBIO TECHNOLOGY INC.,http://vindicoat.com/joomla1/
Tosoh Corporation,https://www.tosoh.com/
Toda Kogyo Corporation,http://www.todakogyo.co.jp/english/
Toray Plastics (America),http://toraytpa.com/
SEEK THERMAL,https://www.thermal.com/
Tersus Environmental,https://www.tersusenv.com/
Angstron Materials,https://www.theglobalgraphenegroup.com/
Theraclone Sciences,http://theraclone-sciences.com/home.php
Carl Zeiss Meditec AG,https://www.zeiss.com/meditec-ag/home.html
The Carbon Cable Company,https://www.thecableco.com/
Tokyo Electron Limited,https://www.tel.com/
Zephyr Energy Systems LLC,http://zephyrenergy.com/
Yageo Corporation,http://www.yageo.com/portal/product/product.jsp
Tela Innovations,http://www.tela-inc.com/
E. Tech Incorporation,https://www.terratechcorp.com/
Takeda Pharmaceutical Company Limited,https://www.takeda.com/
Tamura Corporation,http://tamuracorp.com/
Synopsys,https://www.synopsys.com/
Sustainable Technologies,https://sustech.cc/wordpress/
Transilwrap Company,https://www.transcendia.com/
THYSSENKRUPP INDUSTRIAL SOLUTIONS GMBH,https://www.thyssenkrupp.com/en/
Toshiba America Electronic Components,http://toshiba.semicon-storage.com/us/top.html
T.H.E.M.,http://www.them.net/
SYNTHOMER USA LLC,https://synthomer.com/?region=AMER&
TEKNOR APEX COMPANY,https://www.teknorapex.com/
EXOS LLC,https://www.teamexos.com/
Tapwave,https://tapwave.net/
TMC Corporation,http://www.tcm.com/
Tarveda Therapeutics,http://www.tarvedatx.com/
Conexant Systems,https://www.synaptics.com/
Southwest Research Institute,https://www.swri.org/
Integrated Solar Technology,http://suntegrasolar.com/
Sun Chemical Corporation,https://www.sunchemical.com/
Sun Synchrony,http://sunsynchrony.com/
Supremex Inc.,https://www.supremex.com/
SUNSALUTER,https://www.sunsaluter.org/
Terra Caloric,https://wellconnectgeo.com/
SunRun,https://www.sunrun.com/
Stratasys,https://www.stratasys.com/
SunEdison,http://sunedison.com/
STATS ChipPAC,http://www.statschippac.com/
STANDARD ALCOHOL COMPANY OF AMERICA,https://www.standardalcohol.com/?_escaped_fragment_=
Simbol Inc.,https://www.symbols.com/
Star Technology and Research,http://star-tech-inc.com/
SPC International,https://spc-intl.com/(X(1)S(zopdv2d2knciwj2xbkkpfqfz))/?AspxAutoDetectCookieSupport=1
Toray Industries Inc. ,https://www.toray.com/
Siliconware Precision Industries Co.,http://www.spil.com.tw/
Silicon Storage Technology,http://sst.com/
SPICE SOLAR,http://www.spicesolar.com/
SRG Global,http://www.srgglobal.com/
Solvay Specialty Polymers USA,https://www.solvay.com/en/search/products
SunCulture Solar Inc.,http://solpad.com/
SB ENERGY,https://www.softbank.jp/en/energy/
Kao Corporation,https://www.ako2.us.army.mil/local/pre-acceptance.html
Sola U.S.A. Inc.,https://www.sola.at/en
SolAero Technologies Corp.,https://solaerotech.com/
St. Jude Medical,https://www.sjm.com/?alert=RegionSwitchSoftAlert&clset=af584191-45c9-4201-8740-5409f4cf8bdd%3ab20716c1-c2a6-4e4c-844b-d0dd6899eb3a
Solar-Tectic LLC,http://www.solartecticllc.com/
SOL-ELECTRICA,http://sol-electrica.com/
Sanofi,https://www.sanofi.com/en/
Schlumberger Technology Corporation,https://www.slb.com/
Smith & Nephew,http://www.smith-nephew.com/
Hynix Semiconductor Inc.,http://skhynix.com/eng/index.jsp
Pansonic Corporation,https://shop.panasonic.com/
Nippon Shokubai Co.,http://www.shokubai.co.jp/en/
Semprius,https://www.semprius.com/
Seetron Inc.,https://www.seetron.com/index.html
S. C. Johnson & Son,https://www.scjohnson.com/
Sandia Corporation,https://www.sandia.gov/
Bluestar Silicones France,https://silicones.elkem.com/EN
Schneider Electric USA,https://www.schneider-electric.us/en/
Sick AG,https://www.sick.com/de/en/
Silicor Materials Inc.,https://www.silicormaterials.com/
Sumco Corporation,http://sumco.com/
Silicon Genesis Corporation,http://sigen.net/
SICPA Holding SA,https://www.sicpa.com/
Sienna Biopharmaceuticals,https://siennabio.com/
SAE Magnetics (HK) Ltd.,http://www.sae.com.hk/
Renewable Power Conversion,http://rpcincorporated.com/
Sweetwater Energy,http://sweetwater.us/
Research Triangle Institute,https://www.rti.org/
Rockwell Collins,https://www.rockwellcollins.com/
BAXALTA INCORPORATED,https://www.shire.com/
Sharp Laboratories of America,http://www.sharplabs.com/
Quantum Materials Corporation,http://qmcdots.com/
Semiconductor Energy Laboratory Co.,http://www.sel.co.jp/en/
Zoetis Services LLC,https://www.zoetis.com/products-services/
SEaB Energy Holdings Ltd.,http://seabenergy.com/
POSiFA MICROSYSTEMS,http://posifamicrosystems.com/
PolyPlus Battery Company,http://polyplus.com/
Sysmex Corporation,https://www.sysmex.com/Pages/default.aspx
Pixelligent Technologies,https://pixelligent.com/
Sanuvox Technologies,https://sanuvox.com/
Sinton Consulting,https://www.sintoninstruments.com/
Phillips 66 Company,https://www.phillips66.com
UT-Battelle,https://ut-battelle.org/
Performance Plants,http://performanceplants.com/
Shin-Etsu Chemical Co.,http://www.shinetsu.co.jp/en/
UOP LLC,https://www.phoenix.edu/
Senaya,http://www.senaya.com/
WAFERTECH,http://www.wafertech.com/en/careers/
Sima Therapeutics,http://www.semma-tx.com/
Sumitomo Electric Device Innovations,http://www.sedi.co.jp/?version=en
Seiko Instruments Inc.,http://seikoinstruments.com/
Sangamo BioSciences,https://www.sangamo.com/
TOMOWAVE LABORATORIES,http://www.tomowave.com/
Sagacious Investment Group L.L.C.,http://www.sagaciousinvestmentservices.com/
SD Technologies,http://www.sd-techs.com/
Rolls-Royce PLC,https://www.rolls-royce.com/country-sites/northamerica.aspx
Solan,https://www.salon.com/
WCA Group LLC,https://www.wca-group.com/
Roll-N-Lock Corporation,https://rollnlock.com/
RES USA,https://www.res-usa.com/
Rapamycin Holdings,http://rapamycinholdings.com/
Palo Alto Research Center Incorporated,https://www.parc.com/
Paratek Pharmaceuticals,https://paratekpharma.com/
Tigo Energy,https://www.tigoenergy.com/
Karsten Manufacturing Corporation,http://ping.com/
VINYLAST,http://palisaderail.com/
Oki Data Corporation,https://www.oki.com/
Voxtel,http://voxtel-inc.com/
MICROMIDAS,https://www.originmaterials.com/
Universal Display Corporation,https://oled.com/
O.B.I. Inc.,https://obi.org/
Samsung Electronics,https://www.samsung.com/us/
Sensor Electronic Technology,http://s-et.com/en/
Foret Plasma Labs,http://plasmawhirl.com/
Piksel,https://piksel.com/
PDF Solutions,http://pdf.com/Home
Richtek Technology Corporation,https://www.richtek.com/
Rio Grande Valley Sugar Growers,https://www.rgvsugar.com/
OmniVision Technologies,https://www.ovt.com
Sungevity Inc.,https://sungevity.com/
Optodot Corporation,http://optodot.com/
SunPower Corporation,https://us.sunpower.com/
Applied Nanostructures,http://www.appnano.com/
R.A. Miller Industries,https://www.rami.com/
Newdoll Enterprises LLC,http://newholdllc.com/
Rebellion Photonics,https://rebellionphotonics.com/
Ricoh Company Limited,https://www.ricoh.com/
Northwest Biotherapeutics,https://nwbio.com/
Previvo Genetics,http://previvo.com/
Winbond Electronics Corp.,http://www.winbond.com/hq/
Biosphere Medical,https://www.merit.com/interventional-oncology-spine/embolotherapy/
Cisco Technology,https://www.cisco.com/
Pixar,https://www.pixar.com/
Pinnacle Technology,http://pinnacle-technology.com/
Soliton Lasers,https://www.soliton.com/
H R D CORPORATION,http://haywardrec.org/
Pharmatrophix,http://pharmatrophix.com/
Honda Motor Co.,https://www.honda.com/
OrbusNeich Medical,http://orbusneich.com/
Pentron Clinical Technologies,https://www.pentron.com/
MICROSOFT TECHNOLOGY LICENSING,https://www.microsoft.com/en-us/legal/intellectualproperty/mtl/default.aspx
Pegatron Corporation,http://pegatroncorp.com/
Big Belly Solar,http://bigbelly.com/
Sanyo Electric Co.,https://www.panasonic.com/global/corporate/profile/group-companies/sanyo.html
Chemtreat,http://www.chemtreat.com/
PACCAR Inc,https://www.paccar.com/
Surebeam Corporation,http://smebeam.com/
Hitachi Metals,https://www.hitachimetals.com/
EMD Technologies Inc.,https://emd-technologies.com/
Pacific Biosciences of California,https://www.pacb.com/
Oceanit Laboratories,http://www.oceanit.com/
Suncore Photovoltaics,http://suncoreus.com/
Saint-Gobain Adfors Canada,http://www.adfors.com/us/
Nvidia Corporation,https://www.nvidia.com/en-us/
Nordic Technologies,http://nordic-technologies.com/
THE BOARD INSTITUTE,https://theboardinstitute.com/
Siluria Technologies,http://siluria.com/
Sirnaomics,http://new.sirnaomics.com/
Semics Inc.,http://www.prober.com/semics-opus3-prober/
Osram Sylvania Inc.,https://www.sylvania.com/en-us/Pages/default.aspx
PLEX LLC,https://www.plex.tv/
Cree,https://www.cree.com/
McElroy Manufacturing,http://www.mcelroy.com/
Pardev,http://pardev.com/
Ortho-Clinical Diagnostics,https://www.orthoclinicaldiagnostics.com/en-us/home/
OAS Design Group,http://oasdesigngroup.com/
Novozymes A/S,https://www.novozymes.com/en
NuOrtho Surgical,http://nuortho.com/
Unifrax I LLC,http://www.unifrax.com/
Swift Engineering,https://swiftengineering.com/
Nikon Corporation,https://www.nikon.com/
Nordson Corporation,http://nordson.com/
OSI Optoelectronics,http://osioptoelectronics.com/
Nokia Corporation,https://www.nokia.com/
Nokomis,http://nokomisinc.com/
JX Nippon Mining & Metals Corporation,http://www.nmm.jx-group.co.jp/english/
Nanoholdings,https://www.nh2.com/
Nexcom Technology,http://www.nexcom.com/
Newlans,http://newlans.com/
NeoVision LLC,https://www.neovisiongroup.com/
NeoPhotonics Corporation,https://www.neophotonics.com/
NeuMoDx Molecular,http://www.neumodx.com/
Neural Signals,http://www.neuralsignals.com/
Kemira OY,https://www.kemira.com/
Kureha Corporation,http://www.kureha.co.jp/en/
Power Integrations,https://www.power.com/
NEC Corporation,https://www.nec.com/
Nationwide Children's Hospital,https://www.nationwidechildrens.org/
CERION LLC,https://www.cerionadvancedmaterials.com
nanoComposix,https://nanocomposix.com/
Nanospectra Biosciences,https://nanospectra.com/
Nanoco Technologies,http://www.nanocotechnologies.com/
Nanoridge Materials,http://nanoridge.com/
SolarWorld Americas Inc.,http://www.solarworld-usa.com/
Nanoquantum Sciences,http://nanoquantum.com/
NanoMech,http://www.nanomech.com/
OLYMPUS CORPORATION,http://olympusamerica.com/
Morpho,https://morpho.com/en
Musco Corporation,http://www.musco.com/
Baxter Healthcare SA,https://www.baxter.com/
Murata Manufacturing Co.,https://www.murata.com/
Soraa Laser Diode,https://www.sldlaser.com/
Nthdegree Technologies Worldwide Inc.,https://www.ndeg.com/
Vadient Optics,http://vadient.com/
NanoLab,https://www.nano-lab.com/
Uni-Charm Corporation,http://www.unicharm.co.jp/english/index.html
Taiwan Semiconductor Manufacturing Company,http://tsmc.com/english/default.htm
Stanley Electric Co.,http://www.stanley.co.jp/e/
Incept LLC,https://www.inceptresults.com/
Dana-Farber Cancer Institute,https://www.dana-farber.org/
MBC Ventures,https://www.mbc.net/en/corporate/ventures/about
Mitsubishi Electric Corporation,https://www.mitsubishielectric.com/en/index.html
Marine Polymer Technologies,http://marinepolymer.com/
Monsanto Technology LLC,https://monsanto.com/products/product-stewardship/technology-use-guides/
MonoSol,https://www.monosol.com/
Greyrock Energy,http://www.greyrock.com/
Markel Corporation,https://www.markelcorp.com
Selas Heat Technology Company LLC,https://www.selas.com/
Macronix International Co.,http://www.macronix.com/en-us/Pages/default.aspx
MirTech,http://www.mirtechusa.com/
MicroLink Devices,http://mldevices.com/
Lextar Electronics Corp.,http://lextar.com/?sn=32&lang=en-US
Lumenco,https://en.lumenco.ca/
LATITUDE PHARMACEUTICALS INC.,http://latitudepharma.com/
Abengoa Bioenergy New Technologies,http://www.abengoa.com/web/en/index3.html
GENERAL MOTORS LLC,https://www.gm.com/
PluroGen Therapeutics,http://plurogen.com/
Adobe Systems Incorporated,https://www.adobe.com/
Gestion Ultra International Inc.,https://www.luminultra.com/
U S MICROPOWER INC,https://micropower-group.com/
Hitachi,http://www.hitachi.com/
Eastman Kodak Company,https://kodak.com/us/en/corp/default.htm
Midori USA,https://www.midorihealth.com/
Kinestral Technologies,https://www.kinestral.com/
Basell Polyolefine GmbH,https://www.lyondellbasell.com/
Liquidia Technologies,http://liquidia.com/
Met Tech Inc.,http://www.mettech.us/
Angiotech Pharmaceuticals (US),http://angiotech.com/
Linne Industries LLC,http://linneindustries.com/
Meso Scale Technologies,https://www.mesoscale.com/
Combined Energies,http://combined-energies.com/
Novartis AG,https://www.novartis.com/
MERCK SHARP & DOHME CORP.,https://www.merck.com/index.html
Epizyme,http://www.epizyme.com/
New England Biolabs,https://www.neb.com/
Biotechnology Foundation,https://cabiotech.org/
DRS Network & Imaging Systems,https://leonardodrs.com/
KYOCERA DOCUMENT SOLUTIONS INC.,https://www.kyoceradocumentsolutions.com/
CSEM Centre Suisse d'Electronique et de Microtechnique SA-Recherche et Developpement,https://www.csem.ch/home
Dymax Corporation,https://dymax.com/
KOLON INDUSTRIES,http://kolonindustries.com/eng/main.asp
Olympus NDT,https://www.olympus-ims.com/en/
fybr,https://fybr.com/
K.S. INTERNATIONAL CO.,http://ksandco.com/
JFE STEEL CORPORATION,http://www.jfe-steel.co.jp/en/
TheGreenCell,http://thegreencell.com/
Medicis Pharmaceutical Corporation,https://www.bauschhealth.com/
Avery Dennison Corporation,http://www.averydennison.com/en/home.html
Meyer Tool,https://www.meyertool.com/
IDEX Health & Science LLC,https://www.idex-hs.com/
Matrix Genetics,https://www.lumenbioscience.com/
Pioneer Energy,http://mypioneerenergy.com/
MANUFACTURING RESOURCES INTERNATIONAL,https://www.resourcemfg.com/
The Jackson Laboratory,https://www.jax.org/
Medgenics Medical Israel Ltd.,http://medgenics.com/
CUMMINS FILTRATION IP,https://cumminsfiltration.com/
Medical Diagnostic Laboratories,http://www.mdlab.com/
Mainstream Engineering Corp.,https://www.mainstream-engr.com/
Bioneer Corporation,https://us.bioneer.com/
Lion Copolymer Geismar,https://www.lionelastomers.com/main/intro
Integrated Device Technology,https://www.idt.com/
MAXLINEAR,http://www.maxlinear.com/
Dynamic Solutions Worldwide,https://dynatrap.com/
Masimo Semiconductor,http://masimosemiconductor.com/masimo-semiconductor/
SanDisk Technologies LLC,https://www.sandisk.com/home/ssd/ultra-3d-ssd
Industrial Science & Technology Network,http://istninc.com/home.htm
Lake Lite,https://www.lakelite.com/
Mitsubishi Polyester Film,https://www.m-petfilm.com/
Janssen Biotech,https://www.janssen.com/
Microchip Technology Incorporated,https://www.microchip.com/
Lof Solar Corporation,http://www.lofsolar.com
AMPT,http://www.ampt.com/
INTEVAC,https://www.intevac.com/
Lux Bio Group,http://luxbiogroup.com/
Turtle Beach Corporation,https://www.turtlebeach.com/
Litron Laboratories Limited,https://litronlabs.com/
Invensas Corporation,https://www.invensas.com/
Magna International Inc.,https://www.magna.com/
LG Display Co.,http://lgdisplay.com/eng/main
Roche Molecular Systems,https://www.roche.com/partnering/diagnostics-areas-of-interest/diabetes-management.htm
Mitsubishi Metal Corporation,https://www.mitsubishicorp.com/jp/en/bg/metals/
Kansai Paint Co.,https://www.kansai.com/
k-Space Associates,https://www.k-space.com/
JAC Products Inc.,https://www.jacproducts.com/
Korea Kumho Petrochemical Co.,http://kumhopetrochemical.lookchem.com/
Industrial Technology Research Institute,https://www.itri.org.tw/eng/
Midrex Technologies,https://midrex.com/
Kronos International Inc,https://www.kronos.com/
Turf Group LLC,https://turfgroup.net/
Allertein Therapeutics,https://www.allergytherapeutics.com/
LG NANOH2O,http://www.lgwatersolutions.com/en/main
Kodak Alaris Inc.,https://www.kodakalaris.com/
Koch Biological Solutions,https://kochbiologicalsolutions.com/
Landauer,https://www.landauer.com/
APPLIED STEMCELL,https://www.appliedstemcell.com/
Innolux Corporation,http://www.innolux.com/Pages/EN/Index_EN.html
IMEC,https://www.imec.org/
Interface Performance Materials,http://interfacematerials.com/products/
Electrix,https://www.electrixillumination.com/
nLIGHT,http://nlight.net/
SolarCity Corporation,https://www.tesla.com/solarpanels?energy_redirect=true
Kimberly-Clark Worldwide,https://www.kimberly-clark.com/en-us
FUJIFILM Dimatix,https://www.fujifilmusa.com/products/industrial_inkjet_printheads/index.html
Kashiv Pharma,https://www.kashivpharma.com/
Imperial Innovations Limited,https://www.imperialinnovations.co.uk/
Coriant Advanced Technology,https://www.coriant.com/
Inaeris Technologies,http://www.inaeristech.com/
Kamtec,http://www.kamtec.co.uk
J. E. WHITE,http://jewhites.com.au/
AFMODEL,https://afmodels.com/
Micron Technology,https://www.micron.com/
NOVA Chemicals (International) S.A.,http://www.novachem.com/pages/home.aspx
LGS Innovations LLC,https://www.lgsinnovations.com/
IMDS Corporation,http://imds-ohio.com/
Longhorn Vaccines and Diagnostics,https://www.lhnvd.com/news?_escaped_fragment_=
INENTEC INC.,http://inentec.com/
Pentair Thermal Management LLC,https://www.nventthermal.com/
Ignis Innovation,http://www.ignisinnovation.com/
DISCOVERYBIOMED INC.,https://discoverybiomed.com/
Kajima Corporation,https://kajimausa.com/
Ideal Power Inc.,http://www.idealpower.com/
X DEVELOPMENT LLC,https://www.x.org/wiki/Development/
Interez,https://www.interez.sk/
INFINEUM INTERNATIONAL LIMITED,https://www.infineum.com/
Auterra,http://auterrainc.com/
Inphenix,https://www.inphenix.com/en/
Zeno Semiconductor Inc,https://www.zenosemi.com/
Adeka Corporation,http://www.adeka.co.jp/en/
Ceramatec,https://www.ceramtec.com/
Hunter Douglas Inc.,https://www.hunterdouglas.com/
Infineon Technologies AG,https://www.infineon.com/
Incyte Holdings Corporation,https://www.incyte.com/
Advanced Water Technology,https://www.advancedwatertechnology.com/
Microchips Biotech,http://microchipsbiotech.com/
Intellectual Keystone Technology LLC,http://ikt.us.com/
II-VI Incorporated,https://www.ii-vi.com/
Lockheed Martin Corporation,https://lockheedmartin.com/en-us/index.html
iBio,https://ibioinc.com/
VIOLIN MEMORY,https://www.violinsystems.com/
Hysitron Incorporated,https://www.hysitron.com/
Hollywood Trucks,http://www.hollywoodtrucksllc.com
Nutech Ventures,http://www.nutechventures.org/
The Henry M. Jackson Foundation for the Advancement of Military Medicine,http://www.hjf.org/
Hewlett Packard Enterprise Development LP,https://www.hpe.com/us/en/home.html
Hunt Energy Enterprises LLC,http://huntenergyenterprises.com/
Pendar Technologies,http://www.pendar.com
HTS,http://www.htstechnologies.com/
Hosiden Corporation,https://www.hosiden.com/
Commonwealth Scientific & Industrial Research Organization,https://www.csiro.au/
Dexerials Corporation,http://www.dexerials.jp/en/
Hoya Corporation,https://www.hoyavision.com/
Locus Energy,https://locusenergy.com:443/
SolaBlock LLC,https://www.solablock.com/
GEN-PROBE INCORPORATED,https://www.hologic.com/
Lehigh Technologies,http://www.lehightechnologies.com/
HNO Greenfuels,https://www.hnogreenfuels.com/
System Biosciences,https://www.systembio.com/
Hitachi High-Technologies Corporation,https://www.hitachi-hightech.com/global/
LG Electronics Inc.,https://www.lg.com/us
BlackBerry Limited,https://www.blackberry.com/us/en
Molecular Rebar Design,http://www.molecularrebar.com/
Heat Seal LLC,https://heatsealco.com/
PeterBrod Corp.,http://petroblend.com/
FastCAP Systems Corporation,https://www.nanoramic.com/
Bridgestone Corporation,https://www.bridgestone.com/regional/north_america/united_states.html
FutureWei Technologies,https://www.huawei.com/us/
Gtech Corporation,https://www.gtech.co.uk/
American Air Liquide,https://industry.airliquide.us/
McAlister Technologies,https://mcallister.com/
Headway Technologies,http://headway.com/
Sanken Electric Co.,https://www.sanken-ele.co.jp/en/index.php
HIQ SOLAR,http://hiqsolar.com/
Heliae Development,https://heliae.com/
Proton Power,http://www.protonpower.com/
Harris Corporation,https://www.harris.com//
Fianium Ltd.,https://www.nktphotonics.com/
Hadasit Medical Research Services & Development Company Ltd.,http://www.hadasit.co.il/
TRI ALPHA ENERGY,https://tae.com/
Dentsply International,https://corporate.dentsplysirona.com/en.html
Green Solar Transportation,http://greensolartransport.com/
G.D.O. Inc,https://www.golfdigest.co.jp/
GROW ENERGY,http://growenergy.org/
Mumetel,http://mumetel.com/index.html
Entech Solar,http://entechsolutions.us/
Bausch & Lomb Incorporated,http://www.bausch.com/
GENCO SCIENCES LLC,https://www.gpen.com/
GOSOLARLIFE,http://www.gosolarlife.com/
GOJO Industries,http://gojo.com/en?sc_lang=en
SunEdison Semiconductor Limited,https://www.gw-semi.com/
Polaris Products LLC,http://www.polaris.com/en-us
GTherm,http://gtherm.net/
Maxout Renewables,http://maxoutrenewables.com/
Green Extraction Technologies,https://www.greenextractiontechnologiesllc.com/
JNC Corporation,https://jncwheels.com/
Mediatek Inc.,https://www.mediatek.com/
NGK Spark Plug Co.,http://ngksparkplugs.com/
Micro Cooling Concepts,http://microcoolingconcepts.com/
Integrated Nano-Technologies,http://www.intpalladium.com
Narsys,http://narsystech.com/
IntriEnergy Inc.,http://www.intrienergy.com/?_escaped_fragment_=
GOAL ZERO LLC,https://www.goalzero.com/
Alnylam Pharmaceuticals,https://www.alnylam.com/
Johnson & Johnson Consumer Companies,https://www.jnj.com/healthcare-products/consumer
Seiko Epson Corporation,https://global.epson.com/
Genomatica,https://www.genomatica.com/
Immunolight,http://www.immunolight.com/
Saint-Gobain Performance Plastics Corporation,https://www.plastics.saint-gobain.com/
United Microelectronics Corp.,http://www.umc.com/English/
Genomic Health,https://www.genomichealth.com/en-US/
Boehringer Ingelheim International GmbH,https://www.boehringer-ingelheim.com/
Novon,http://novon.com/
GlassPoint Solar,https://glasspoint.com/
Fuji Xerox Co.,https://www.fujixerox.com/eng
OFS Fitel,https://www.ofsoptics.com/
Gemex Systems,https://gemex.com/
Furukawa Electric Co.,https://www.furukawa.co.jp/en/
Electrovaya Inc.,http://electrovaya.com/
Gas Technology Institute,https://www.gti.energy/
GE Healthcare Limited,http://www.gehealthcare.com/
Global OLED Technology LLC,http://globaloledtech.com/
Gardner-Gibson,https://gardner-gibson.com/
Garland Industries,https://www.garlandco.com/
FRONT EDGE TECHNOLOGY INC.,http://frontedgetechnology.com/
ADMA Products,https://www.admaproducts.com/?_escaped_fragment_=
Yissum,http://yissum.co.il/
Chipmos Technologies Inc.,https://www.chipmos.com/index-en.aspx
Nestec S. A.,http://www.nestle.com/
Dolby Laboratories Licensing Corporation,https://www.dolby.com/us/en/professional/licensing.html
FPInnovations,https://fpinnovations.ca/Pages/index.aspx
Greatbatch Ltd.,https://integer.net/
Agrivida,https://agrivida.com/
The Boeing Company,http://www.boeing.com/
NOK Corporation,http://www.nok.co.jp/en/
Kia Motors Corporation ,https://www.kia.com/us/en/home
Eastman Chemical Company,https://www.eastman.com/pages/solutia.aspx
Intermolecular,https://intermolecular.com/
Hon Hai Precision Industry Co.,http://www.foxconn.com/
Selecta Biosciences,https://selectabio.com/
DSP Group LTD.,https://www.dspg.com/
Evri,https://www.everi.com/
Amicus Therapeutics,https://www.amicusrx.com/
Regeneron Pharmaceuticals,https://www.regeneron.com/
RF Micro Devices,https://www.qorvo.com/
Innovation Hammer,http://ihammerllc.com/
Faurecia Interior Systems,http://www.faurecia.com/en
HRL Laboratories,http://www.hrl.com/
Abbott Molecular Inc.,https://www.molecular.abbott/us/en/home
HGST NETHERLANDS B.V.,https://www.westerndigital.com
Bio-Rad Laboratories,http://www.bio-rad.com/
Federal Signal Corporation,https://www.federalsignal.com/
Glucan Biorenewables LLC,http://glucanbio.com/
Bostik,https://www.bostik.com/us/
Ethicon Endo-Surgery,https://www.ethicon.com/
Novus Energy LLC,http://www.novusenergy.ca/index.php?page=investor_documents_news_release
Envisionit LLC,https://www.envisionit.com/
PQ CORPORATION,https://www.pqcorp.com/
Cornell Research Foundation,http://www.cornell.edu/research/
ESCAPE THERAPEUTICS,http://escapetherapeutics.com/
AIR PRODUCTS AND CHEMICALS,http://www.airproducts.com/
Bayer Materialscience LLC,https://www.bayer.com
EMC Corporation,https://www.emcins.com/index.aspx
Illinois Tool Works,http://www.itw.com/
Eisai Co.,https://www.eisai.com/index.html
NEWFIELD THERAPEUTICS CORPORATION,https://newfieldthera.com/
Pacific Light Technologies,http://www.pacificlighttech.com/
ACUCELA INC.,https://www.acucela.com/
First Solar,http://firstsolar.com/
Fuji Electric Co.,https://www.fujielectric.com/
Professional Compounding Centers of America,http://pccarx.com/
FUJIFILM Corporation,http://www.fujifilm.com/
Warsaw Orthopedic,https://mywarsaw.net/
Fujitsu Limited,http://www.fujitsu.com/jp/
Carbon3D,https://www.carbon3d.com/
Cbrite Inc.,http://cbriteinc.com/
Ferro Corporation,https://www.ferro.com/
SABIC GLOBAL TECHNOLOGIES B.V.,https://www.sabic.com/en
CAMBRIDGE ENTERPRISE LIMITED,https://www.enterprise.cam.ac.uk/
ARBOR THERAPEUTICS,http://arborpharma.com/
Babcock Power Services,https://www.babcockpower.com/
Ansun Biopharma,http://www.ansunbiopharma.com/
Evernote Corporation,https://evernote.com/
Kobe Steel,http://www.kobelco.co.jp/english/
Englewood Lab,http://englewoodlab.com/
Stora Enso Oyj,https://www.storaenso.com/
Columbia Insurance Company,http://colinsgrp.com/site/
MILLENIUM SYNTHFUELS CORPORATION,http://milleniumsynthfuels.com/
Uniseal Solutions Inc.,https://www.unisealsolutions.com/
Express Imaging Systems,https://www.eiscallcenter.com/eis/
Elwha LLC,https://www.elwha.org/
Kaneka Corporation,http://www.kaneka.co.jp/en/
ElectraTherm,https://electratherm.com/
ADVANCED CERAMIC FIBERS,http://acfibers.com/index.html
Avalanche Technology,http://www.avalanche-technology.com/
Ecolab Inc.,https://www.ecolab.com/
Echogen Power Systems,https://www.echogen.com/
Bitrode Corporation,https://www.bitrode.com/
Calient Technologies,https://www.calient.net/
Nippon Chemi-Con Corporation,http://www.chemi-con.co.jp/e/index.html
Deployable Space Systems,https://www.dss-space.com/
Dow AgroSciences LLC,http://www.dowagro.com/en-us/
Senga Advisors,https://www.coengadvisors.com/
The Charles Stark Draper Laboratory,https://www.draper.com/
Domtar Paper Company,https://www.domtar.com/en
Genzyme Corporation,https://www.sanofigenzyme.com
The Babcock & Wilcox Company,https://www.babcock.com
Wostec,https://www.westec.org/
Dell Software Inc.,https://www.quest.com/
Plant Sensory Systems,https://www.plantsensorysystems.com/
Energysolutions,https://www.energysolutions.com/
Dialight Corporation,https://www.dialight.com/
DEKA Products Limited Partnership,http://www.dekaresearch.com/
Empire Technology Development LLC,http://empirelabauto.com/index.html
IDEA TREE,https://www.ideatreepromos.com/
Denso Corporation,https://www.denso.com/global/en/
Globus Medical,http://www.globusmedical.com/
ASML Netherlands B.V.,https://www.asml.com/asml/en/s427
Dialogic Corporation,https://www.dialogic.com/
Relypsa,https://www.relypsa.com/
Phoseon Technology,https://www.phoseon.com/
Global Filtration Systems,http://globalfiltrationsystems.com/
Dermazone Solutions,http://dermazone.com/
UCB Pharma S.A.,https://www.ucb.com/
Flextronics AP,https://flex.com/
U.S. NUTRACEUTICALS,https://www.nutraceutical.com/
UNISANTIS ELECTRONICS SINGAPORE PTE. LTD.,http://www.unisantis.com/
Fina Technology,http://www.finatg.com/
Pfizer Inc.,https://www.pfizer.com/
GangaGen,http://www.gangagen.com/
Advanced Analogic Technologies,http://analogictech.com/
Cetac Technologies Inc.,http://www.teledynecetac.com/
Delavau LLC,https://www.delavaufood.com/
Amgen Fremont Inc.,https://www.amgen.com/
Biotta LLC,http://biottajuices.com/
Milliken & Company,http://www.milliken.com/en-us/Pages/default.aspx
Delphi Technologies,https://www.delphi.com/new-delphi-technologies
ITN Energy Systems,http://itnes.com/
Deep Science,http://deepscience.ai/
Authenex,http://authenex.com/site_en/index.html
DECA Technologies Inc.,http://www.decatechnologies.com/
Mission Product Holdings,https://www.mission.com/
COOK MEDICAL TECHNOLOGIES LLC,https://www.cookmedical.com/
Coleman Cable,http://colemancables.com/
GCP Applied Technologies Inc.,https://gcpat.com/en
Dr. Reddy's Laboratories Ltd.,http://www.drreddys.com/
Cura Vac,http://www.curavac.com/
Taiyo Ink Mfg. Co.,http://taiyo-hd.co.jp/en/group/ink/
Bayer Cropscience AG,https://www.cropscience.bayer.com/
