firm_name,url,label,gid
Kansai Paint Co.,https://www.kansai.com/about-us/corporate_data.html,,491
Kansai Paint Co.,https://www.kansai.com/about-us/brand.html,,491
Kansai Paint Co.,https://www.kansai.com/about-us/,,491
AGFA-GEVAERT N.V.,https://www.agfa.com/corporate/press/,,11
k-Space Associates,https://www.k-space.com/company/distributors/,,1046
AGFA-GEVAERT N.V.,https://www.agfa.com/corporate/,,11
AGFA-GEVAERT N.V.,http://agfa.com/corporate/about-us/technology/,,11
Wine.com,https://www.wine.com/content/landing/corporate-gifting,,1021
Vaxiion Therapeutics,http://www.vaxiion.com/executive-management.html,,999
Vaxiion Therapeutics,http://www.vaxiion.com/the-company.html,,999
Kronos International Inc,https://www.kronos.com/about-us/careers,,505
Kansai Paint Co.,https://www.kansai.com/about-us/history.html,,491
AGFA-GEVAERT N.V.,http://agfa.com/corporate/press/,,11
Kansai Paint Co.,https://www.kansai.com/100th/about/movie/,,491
k-Space Associates,https://www.k-space.com/company/shows/,,1046
AGFA-GEVAERT N.V.,http://agfa.com/corporate/about-us/history/,,11
k-Space Associates,https://www.k-space.com/company/company-videos/,,1046
Kronos International Inc,https://www.kronos.com/about-us/kronos-history,,505
Kronos International Inc,https://www.kronos.com/about-us/awards-and-recognition,,505
Kronos International Inc,https://www.kronos.com/about-us/locations-and-global-reach,,505
Kronos International Inc,https://www.kronos.com/about-us/events/kronos-hr-payroll-esymposium,,505
Kronos International Inc,https://www.kronos.com/about-us/newsroom,,505
Kansai Paint Co.,https://www.kansai.com/about-us/spiritual_foundations.html,,491
Wine.com,https://www.wine.com/content/about-us/home,,1021
k-Space Associates,https://www.k-space.com/company/customers/,,1046
Kronos International Inc,https://www.kronos.com/about-us,,505
AGFA-GEVAERT N.V.,http://agfa.com/corporate/contact/,,11
Kronos International Inc,https://www.kronos.com/about-us/events,,505
AGFA-GEVAERT N.V.,https://www.agfa.com/corporate/contact/,,11
k-Space Associates,https://www.k-space.com/company/contact/,,1046
k-Space Associates,https://www.k-space.com/company/careers/,,1046
AGFA-GEVAERT N.V.,https://www.agfa.com/corporate/faq/,,11
WHATSAPP INC.,https://www.whatsapp.com/about/,,1010
k-Space Associates,https://www.k-space.com/company/newsletter-archive/,,1046
k-Space Associates,https://www.k-space.com/company/news/,,1046
k-Space Associates,https://www.k-space.com/company/,,1046
Kronos International Inc,https://www.kronos.com/about-us/leadership,,505
Wine.com,https://www.wine.com/content/about-us/careers,,1021
bioTheranostics,http://www.biotheranostics.com/management-team,,1041
bioTheranostics,http://www.biotheranostics.com/,,1041
Nederlandse Organisatie voor toegepast-natuurwetenschappelijk onderzoek TNO,https://www.tno.nl/en/about-tno/events/,,619
Kronos International Inc,https://www.kronos.com/about-us/our-culture,,505
Kronos International Inc,https://www.kronos.com/about-us/1-100-million,,505
Nederlandse Organisatie voor toegepast-natuurwetenschappelijk onderzoek TNO,https://www.tno.nl/en/about-tno/more-about-our-work/,,619
Nederlandse Organisatie voor toegepast-natuurwetenschappelijk onderzoek TNO,https://www.tno.nl/en/about-tno/organisation/,,619
Nederlandse Organisatie voor toegepast-natuurwetenschappelijk onderzoek TNO,https://www.tno.nl/en/about-tno/contact/faq/,,619
bioTheranostics,http://www.biotheranostics.com/about-biotheranostics,,1041
Nederlandse Organisatie voor toegepast-natuurwetenschappelijk onderzoek TNO,https://www.tno.nl/en/about-tno/,,619
Nederlandse Organisatie voor toegepast-natuurwetenschappelijk onderzoek TNO,https://www.tno.nl/en/about-tno/news/,,619
Nederlandse Organisatie voor toegepast-natuurwetenschappelijk onderzoek TNO,https://www.tno.nl/en/about-tno/contact/,,619
Nederlandse Organisatie voor toegepast-natuurwetenschappelijk onderzoek TNO,https://www.tno.nl/en/about-tno/locations/,,619
eNow,https://enowenergy.com/our-team/,,1042
eNow,https://enowenergy.com/,,1042
Nederlandse Organisatie voor toegepast-natuurwetenschappelijk onderzoek TNO,https://www.tno.nl/en/about-tno/international/,,619
eNow,https://enowenergy.com/learn-about-solar/,,1042
eNow,https://enowenergy.com/download-the-enow-company-brochure/,,1042
Nederlandse Organisatie voor toegepast-natuurwetenschappelijk onderzoek TNO,https://www.tno.nl/en/about-tno/mission-and-strategy/,,619
Nederlandse Organisatie voor toegepast-natuurwetenschappelijk onderzoek TNO,https://www.tno.nl/en/about-tno/contact/tno-infodesk/,,619
AccuRay Corporation,https://www.accuray.com/who-we-are/news/,,33
AccuRay Corporation,https://www.accuray.com/who-we-are/media/,,33
AccuRay Corporation,https://www.accuray.com/company/,,33
AccuRay Corporation,https://www.accuray.com/who-we-are/careers/,,33
AccuRay Corporation,https://www.accuray.com/who-we-are/events-2/,,33
AccuRay Corporation,https://www.accuray.com/who-we-are/locations/,,33
AccuRay Corporation,https://www.accuray.com/who-we-are/leadership/,,33
AccuRay Corporation,https://www.accuray.com/software/idms-data-management/,,33
Instron Corporation ,http://www.instron.us/en-us/our-company?region=North%20America,,455
AccuRay Corporation,https://www.accuray.com/india-ewaste-management-program/,,33
Instron Corporation ,http://www.instron.us/en-us/our-company/careers?region=North%20America,,455
Wizard Labs,https://wizardlabs.us/about-us,,1023
Instron Corporation ,http://www.instron.us/en-us?region=North%20America,,455
Instron Corporation ,http://www.instron.us/en-us/our-company/press-room/webinars?region=North%20America,,455
Wizard Labs,https://wizardlabs.us/jam-monster-cream-team-cinnaroll-100ml,,1023
Instron Corporation ,http://www.instron.us/en-us/our-company/contact-us?region=North%20America,,455
Instron Corporation ,http://www.instron.us/en-us/our-company/press-room/events?region=North%20America,,455
Instron Corporation ,http://www.instron.us/en-us/our-company/library/literature?region=North%20America,,455
Instron Corporation ,http://www.instron.us/en-us/our-company/about-us/cookie-notice?region=North%20America,,455
SixPoint Materials,http://spmaterials.com/team.htm,,847
SixPoint Materials,http://spmaterials.com/history.htm,,847
Instron Corporation ,http://www.instron.us/en-us/our-company/library/glossary?region=North%20America,,455
Instron Corporation ,http://www.instron.us/en-us/our-company/press-room/newsletters?region=North%20America,,455
Instron Corporation ,http://www.instron.us/en-us/our-company/about-us/terms-of-use?region=North%20America,,455
Interface Performance Materials,http://interfacematerials.com/about/employment/,,461
Interface Performance Materials,http://interfacematerials.com/about/,,461
Interface Performance Materials,http://interfacematerials.com/about/locations/,,461
Interface Performance Materials,http://interfacematerials.com/about/our-company/,,461
Interface Performance Materials,http://interfacematerials.com/about/corporate-strategy-brand-promise/,,461
GE-Hitachi Nuclear Energy Americas LLC,https://nuclear.gepower.com/company-info/our-experts,,348
GE-Hitachi Nuclear Energy Americas LLC,https://nuclear.gepower.com/company-info/in-the-news,,348
GE-Hitachi Nuclear Energy Americas LLC,https://nuclear.gepower.com/company-info/media-contacts,,348
GE-Hitachi Nuclear Energy Americas LLC,https://nuclear.gepower.com/company-info/about-ge-hitachi,,348
TRANE INTERNATIONAL INC.,http://www.trane.com/commercial/north-america/us/en/about-us/locate-a-parts-store.html,,919
Hyundai Motor Company,https://www.hyundaiusa.com/about-hyundai/events/index.aspx?intcmp=footer%20nav;bottom;text;events,,428
NOVA Chemicals (International) S.A.,http://www.novachem.com/Pages/company/leadership.aspx,,601
Disney Enterprises,https://www.thewaltdisneycompany.com/investor-relations/,,270
Fluidigm Corporation,https://www.fluidigm.com/about/aboutfluidigm,,335
NOVA Chemicals (International) S.A.,http://www.novachem.com/Pages/company/locations.aspx,,601
Total Marketing Services,https://www.total.com/en/info/company-websites,,960
Total Marketing Services,https://www.total.com/en/group/identity/governance,,960
NOVA Chemicals (International) S.A.,http://www.novachem.com/Pages/company/project-stop.aspx,,601
GE-Hitachi Nuclear Energy Americas LLC,https://nuclear.gepower.com/company-info/news-releases,,348
Total Marketing Services,https://www.total.com/en/investors/individual-shareholders/dedicated-team,,960
GE-Hitachi Nuclear Energy Americas LLC,https://nuclear.gepower.com/company-info/leadership,,348
GE-Hitachi Nuclear Energy Americas LLC,https://nuclear.gepower.com/company-info/ge-in-the-community,,348
GE-Hitachi Nuclear Energy Americas LLC,https://nuclear.gepower.com/company-info/nuclear-power-basics,,348
GE-Hitachi Nuclear Energy Americas LLC,https://nuclear.gepower.com/company-info/our-experts/eric-mino,,348
GE-Hitachi Nuclear Energy Americas LLC,https://nuclear.gepower.com/service-and-optimize/solutions/all-solutions/long-term-asset-management,,348
GE-Hitachi Nuclear Energy Americas LLC,https://nuclear.gepower.com/company-info/our-experts/patty-mccumbee,,348
TRANE INTERNATIONAL INC.,https://www.trane.com/about_trane.aspx,,919
Hyundai Motor Company,https://www.hyundaiusa.com/about-hyundai/doing-business.aspx?intcmp=footer%20nav;bottom;text;doing%20business,,428
Hyundai Motor Company,https://www.hyundaiusa.com/about-hyundai/our-company/index.aspx?intcmp=footer%20nav;bottom;text;our%20company,,428
Hyundai Motor Company,https://www.hyundaiusa.com/about-hyundai/news/index.aspx?intcmp=footer%20nav;bottom;text;news,,428
Hyundai Motor Company,https://www.hyundaiusa.com/about-hyundai/careers/index.aspx?intcmp=footer%20nav;bottom;text;careers,,428
Hyundai Motor Company,https://www.hyundaiusa.com/about-hyundai/diversity/index.aspx?intcmp=footer%20nav;bottom;text;diversity,,428
Disney Enterprises,https://www.thewaltdisneycompany.com/about/,,270
Total Marketing Services,https://www.total.com/en/group/identity/governance/biographies,,960
Pentair Thermal Management LLC,https://www.nventthermal.com/about-us/index.aspx,,694
Pentair Thermal Management LLC,https://www.nventthermal.com/news/index.aspx?id=tcm:432-57387,,694
Pentair Thermal Management LLC,https://www.nventthermal.com/about-us/careers/index.aspx,,694
VINDICO NANOBIO TECHNOLOGY INC.,http://vindicoat.com/joomla1/index.php/meet-the-team,,992
NOVA Chemicals (International) S.A.,http://www.novachem.com/Pages/company/about-us.aspx,,601
NOVA Chemicals (International) S.A.,http://www.novachem.com/Pages/company/governance.aspx,,601
Total Marketing Services,https://www.total.com/en/commitment/protecting-people/industrial-safety/risk-management,,960
Total Marketing Services,https://www.total.com/en/group/identity/five-strong-values-embedded-our-dna,,960
Pentair Thermal Management LLC,https://www.nventthermal.com/about-us/virtual-patent-marking/index.aspx,,694
Auterra,http://auterrainc.com/about.php,,104
INVISTA North America S.a.r.l.,https://www.invista.com/about/who-we-are,,437
The Carbon Cable Company,https://www.thecableco.com/about-us,,941
Bigelow Aerospace,http://bigelowaerospace.com/pages/whoweare/,,136
The Carbon Cable Company,https://www.thecableco.com/vibrapod_company.html,,941
RenovaCare Sciences Corp.,https://www.renovacareinc.com/team/,,750
Applied Materials,http://www.appliedmaterials.com/company/news/events,,85
Applied Materials,http://www.appliedmaterials.com/company/collaboration,,85
Total Marketing Services,https://www.total.com/en/group/identity/governance/general-management,,960
Zeno Semiconductor Inc,https://www.zenosemi.com,,1036
The Carbon Cable Company,https://www.thecableco.com/eat_euro_audio_team.html,,941
The Carbon Cable Company,https://www.thecableco.com/the_cable_company.html,,941
Applied Materials,http://www.appliedmaterials.com/company/careers/jobs,,85
Applied Materials,http://www.appliedmaterials.com/company/applied-ventures,,85
iBio,https://ibioinc.com/index.php/company-background/disclaimer,,1044
iBio,https://ibioinc.com/index.php/company-background/privacy-statement,,1044
iBio,https://ibioinc.com/index.php/company-background/management-team,,1044
iBio,https://ibioinc.com/index.php/company-background/board-of-directors,,1044
Total Marketing Services,https://www.total.com/en/group/identity/history,,960
Hollywood Trucks,http://www.hollywoodtrucksllc.com/media/2014/11/3/louisiana-based-entertainment-transportation-company-signs-exclusive-deal-with-mississippis-largest-film-studio,,417
VINDICO NANOBIO TECHNOLOGY INC.,http://vindicoat.com/joomla1/index.php/meet-the-team-mobile,,992
INVISTA North America S.a.r.l.,https://www.invista.com/About/Who-We-Are,,437
RenovaCare Sciences Corp.,https://www.renovacareinc.com/about/,,750
Applied Materials,http://www.appliedmaterials.com/company/about/our-story,,85
Applied Materials,http://www.appliedmaterials.com/company/about,,85
Applied Materials,http://www.appliedmaterials.com/company/news-media,,85
Applied Materials,http://www.appliedmaterials.com/company/careers,,85
Applied Materials,http://www.appliedmaterials.com/company/contact,,85
The Carbon Cable Company,https://www.thecableco.com/chord_company.html,,941
Cardiva Medical,https://www.cardivamedical.com/about-us/patents/,,189
Cardiva Medical,https://www.cardivamedical.com/about-us/ethics/,,189
Zephyr Energy Systems LLC,http://zephyrenergy.com/?page_id=1057,,1037
Applied Materials,http://www.appliedmaterials.com/company/about/leadership,,85
iBio,https://ibioinc.com/index.php/company-background/events,,1044
iBio,https://ibioinc.com/index.php/company-background/company-background-2,,1044
iBio,https://ibioinc.com/index.php/company-background/lab2launch-newsletters,,1044
Synopsys,https://www.synopsys.com/silicon/yield-management.html,,907
Synopsys,https://www.synopsys.com/company/resources/events.html,,907
THYSSENKRUPP INDUSTRIAL SOLUTIONS GMBH,https://www.thyssenkrupp.com/en/company/,,915
THYSSENKRUPP INDUSTRIAL SOLUTIONS GMBH,https://www.thyssenkrupp.com/en/company/strategy/,,915
Synopsys,https://www.synopsys.com/company/resources.html,,907
Synopsys,https://www.synopsys.com/company/management-team.html,,907
THYSSENKRUPP INDUSTRIAL SOLUTIONS GMBH,https://www.thyssenkrupp.com/en/company/history/index/,,915
THYSSENKRUPP INDUSTRIAL SOLUTIONS GMBH,https://www.thyssenkrupp.com/en/company/history/,,915
THYSSENKRUPP INDUSTRIAL SOLUTIONS GMBH,https://www.thyssenkrupp.com/en/company/compliance/,,915
Synopsys,https://www.synopsys.com/company/synopsys-careers.html,,907
Synopsys,https://www.synopsys.com/company/newsroom.html,,907
THYSSENKRUPP INDUSTRIAL SOLUTIONS GMBH,https://www.thyssenkrupp.com/en/company/procurement/,,915
Synopsys,https://www.synopsys.com/community/snug/about-snug.html,,907
Hunt Energy Enterprises LLC,http://huntenergyenterprises.com/about.aspx,,424
THYSSENKRUPP INDUSTRIAL SOLUTIONS GMBH,https://www.thyssenkrupp.com/en/company/history/the-logos/,,915
Synopsys,https://www.synopsys.com/company/contact-synopsys.html,,907
THYSSENKRUPP INDUSTRIAL SOLUTIONS GMBH,https://www.thyssenkrupp.com/en/company/innovation/,,915
THYSSENKRUPP INDUSTRIAL SOLUTIONS GMBH,https://www.thyssenkrupp.com/en/company/sustainability/,,915
THYSSENKRUPP INDUSTRIAL SOLUTIONS GMBH,https://www.thyssenkrupp.com/en/company/corporate-culture/,,915
THYSSENKRUPP INDUSTRIAL SOLUTIONS GMBH,https://www.thyssenkrupp.com/en/company/compliance/program/,,915
Synopsys,https://www.synopsys.com/community/blogs.html,,907
TEKNOR APEX COMPANY,https://www.teknorapex.com/about,,913
TEKNOR APEX COMPANY,https://www.teknorapex.com/history,,913
Tarveda Therapeutics,http://www.tarvedatx.com/mgmt.html,,929
Tarveda Therapeutics,http://www.tarvedatx.com/about.html,,929
Gracenote,http://www.gracenote.com/,,380
Gracenote,http://www.gracenote.com/company/careers/,,380
Synopsys,https://www.synopsys.com/company.html,,907
Gracenote,http://www.gracenote.com/company/leadership/,,380
Gracenote,http://www.gracenote.com/contact-us-form/,,380
Gracenote,http://www.gracenote.com/company/about-us/,,380
SunRun,https://www.sunrun.com/about/solar-careers,,893
Tarveda Therapeutics,http://www.tarvedatx.com/benefits.html,,929
SunRun,https://www.sunrun.com/about/our-team,,893
Stratasys,https://www.stratasys.com/corporate/about-us,,879
Avantor Performance Materials,https://www.avantorinc.com/About/News.aspx,,108
Avantor Performance Materials,https://www.avantorinc.com/About/Choose-Avantor.aspx,,108
Gracenote,http://www.gracenote.com/company/press/,,380
Gracenote,http://www.gracenote.com/company/support/,,380
SunRun,https://www.sunrun.com/home-solar-blog/why-i-joined-the-sunrun-team-a-year-after-hurricane-maria,,893
Avantor Performance Materials,https://www.avantorinc.com/About/Contact-Us.aspx,,108
Avantor Performance Materials,https://www.avantorinc.com/About/History.aspx,,108
Avantor Performance Materials,https://www.avantorinc.com/About/About-Avantor.aspx,,108
Avantor Performance Materials,https://www.avantorinc.com/About/Privacy-Policy.aspx,,108
Avantor Performance Materials,https://www.avantorinc.com/About/Leadership.aspx,,108
Avantor Performance Materials,https://www.avantorinc.com/About/Global-Footprint.aspx,,108
Avantor Performance Materials,https://www.avantorinc.com/Corporate/Terms-of-Use.aspx,,108
Avantor Performance Materials,https://www.avantorinc.com/About/Environment-Health-and-Safety.aspx,,108
ZIH Corp.,https://www.zebra.com/us/en/about-zebra/contact-zebra/global-locations.html,,1034
ZIH Corp.,https://www.zebra.com/us/en/partners/partner-interaction-center.html,,1034
Avantor Performance Materials,https://www.avantorinc.com/About/Our-Vision-and-Values.aspx,,108
ZIH Corp.,https://www.zebra.com/us/en/about-zebra/newsroom/world-events.html,,1034
HNO Greenfuels,https://www.hnogreenfuels.com/about-us.html,,398
ZIH Corp.,https://www.zebra.com/us/en/about-zebra/careers.html,,1034
ZIH Corp.,https://www.zebra.com/us/en/solutions/healthcare/identity.html,,1034
ZIH Corp.,https://www.zebra.com/us/en/about-zebra/newsroom.html,,1034
ZIH Corp.,https://www.zebra.com/us/en/services/signature-services/program-management.html,,1034
ZIH Corp.,https://www.zebra.com/us/en/about-zebra/company-information/legal/terms-of-use.html,,1034
ZIH Corp.,https://www.zebra.com/us/en/about-zebra/company-information/legal/copyright.html,,1034
3M Innovative Properties Company,https://www.3m.com/,,1
3M Innovative Properties Company,https://www.3m.com/3M/en_US/company-us/site-map/,,1
3M Innovative Properties Company,https://www.3m.com/3M/en_US/company-us/about-3m/,,1
ZIH Corp.,https://www.zebra.com/us/en/about-zebra.html,,1034
SRG Global,http://www.srgglobal.com/our-company/history,,786
SRG Global,http://www.srgglobal.com/our-company,,786
Solvay Specialty Polymers USA,https://www.solvay.com/en/our-company,,865
SRG Global,http://www.srgglobal.com/our-company/philosophy,,786
3M Innovative Properties Company,https://www.3m.com/3M/en_US/home-improvement-us/,,1
ZIH Corp.,https://www.zebra.com/us/en/about-zebra/contact-zebra/contact-tech-support.html,,1034
Molecular Rebar Design,http://www.molecularrebar.com/our-team-molecular-rebar/,,587
SRG Global,http://www.srgglobal.com/our-company/beyond-the-finish,,786
SRG Global,http://www.srgglobal.com/our-company/locations,,786
3M Innovative Properties Company,https://www.3m.com/3M/en_US/company-us/SDS-search/,,1
Solvay Specialty Polymers USA,https://www.solvay.com/en/investors/corporate-governance,,865
Solvay Specialty Polymers USA,https://www.solvay.com/en/company-information/procurement,,865
Solvay Specialty Polymers USA,https://www.solvay.com/en/company-information/our-strategy,,865
Solvay Specialty Polymers USA,https://www.solvay.com/en/company-information/philanthropy,,865
Solvay Specialty Polymers USA,https://www.solvay.com/en/company-information/our-businesses,,865
American Air Liquide,https://industry.airliquide.us/about-us/careers,,68
Solvay Specialty Polymers USA,https://www.solvay.com/en/company-information/history,,865
American Air Liquide,https://industry.airliquide.us/about-us,,68
Wyatt Technology Corporation,https://www.wyatt.com/about.html,,1025
Wyatt Technology Corporation,https://www.wyatt.com/about/museum.html,,1025
3M Innovative Properties Company,https://www.3m.com/3M/en_US/company-us/patent/,,1
Sola U.S.A. Inc.,https://www.sola.at/en/about-sola/news,,852
Wyatt Technology Corporation,https://www.wyatt.com/about/careers.html,,1025
American Air Liquide,https://industry.airliquide.us/about-us/hse-policy-air-liquide-usa,,68
Sola U.S.A. Inc.,https://www.sola.at/en/about-sola/press,,852
American Air Liquide,https://industry.airliquide.us/about-us/air-liquide-businesses-us,,68
Wyatt Technology Corporation,https://www.wyatt.com/about/team-wyatt.html,,1025
American Air Liquide,https://industry.airliquide.us/about-us/responsible-care-air-liquide,,68
American Air Liquide,https://industry.airliquide.us/services/cylinder-gas-and-liquid-management-system,,68
American Air Liquide,https://industry.airliquide.us/about-us/california-supply-chains-act-disclosure,,68
Headway Technologies,http://headway.com/history.html,,407
Headway Technologies,http://headway.com/aboutus.html,,407
Sola U.S.A. Inc.,https://www.sola.at/en/about-sola/contact/sola-general-management,,852
Headway Technologies,http://headway.com/home.html,,407
Sola U.S.A. Inc.,https://www.sola.at/en/about-sola/company,,852
Wyatt Technology Corporation,https://www.wyatt.com/about/iso/9001-2008.html,,1025
Wyatt Technology Corporation,https://www.wyatt.com/about/team-wyatt-europe.html,,1025
TRI ALPHA ENERGY,https://tae.com/company/board-of-directors/,,920
3M Innovative Properties Company,https://www.3m.com/3M/en_US/company-us/help-center/,,1
Wyatt Technology Corporation,https://www.wyatt.com/about/trademarks.html,,1025
Wyatt Technology Corporation,https://www.wyatt.com/about/our-history.html,,1025
Wyatt Technology Corporation,https://www.wyatt.com/solutions/user-profiles.html,,1025
Wyatt Technology Corporation,https://www.wyatt.com/about/scientific-advisors.html,,1025
TRI ALPHA ENERGY,https://tae.com/company/collaborators/,,920
Hynix Semiconductor Inc.,http://skhynix.com/eng/sv/ethicsManage.jsp,,426
Hynix Semiconductor Inc.,http://skhynix.com/eng/about/bcpSystem.jsp,,426
TRI ALPHA ENERGY,https://tae.com/company/,,920
Wyatt Technology Corporation,https://www.wyatt.com/about/team-wyatt-france-uk.html,,1025
TRI ALPHA ENERGY,https://tae.com/company/management-team/,,920
Hynix Semiconductor Inc.,http://skhynix.com/eng/about/global.jsp,,426
Hynix Semiconductor Inc.,http://skhynix.com/eng/sv/operSystem.jsp,,426
Hynix Semiconductor Inc.,http://skhynix.com/eng/about/ceoGreeting.jsp,,426
Hynix Semiconductor Inc.,http://skhynix.com/eng/sv/enviOverview.jsp,,426
Hynix Semiconductor Inc.,http://skhynix.com/eng/about/history1980.jsp,,426
Nippon Shokubai Co.,http://www.shokubai.co.jp/en/csr/risk/,,634
Nippon Shokubai Co.,http://www.shokubai.co.jp/en/company/aboutus.html,,634
Nippon Shokubai Co.,http://www.shokubai.co.jp/en/company/map.html,,634
Nippon Shokubai Co.,http://www.shokubai.co.jp/en/company/movie.html,,634
Semprius,https://www.semprius.com/about-us/,,818
GOJO Industries,http://gojo.com/en/About-GOJO?sc_lang=en,,356
Nippon Shokubai Co.,http://www.shokubai.co.jp/en/company/outline.html,,634
Nippon Shokubai Co.,http://www.shokubai.co.jp/en/company/message.html,,634
Nippon Shokubai Co.,http://www.shokubai.co.jp/en/company/,,634
Hynix Semiconductor Inc.,http://skhynix.com/eng/about/history2010.jsp,,426
Hynix Semiconductor Inc.,http://skhynix.com/eng/about/history2000.jsp,,426
Hynix Semiconductor Inc.,http://skhynix.com/eng/about/history1990.jsp,,426
Nippon Shokubai Co.,http://www.shokubai.co.jp/en/company/world.html,,634
GOJO Industries,http://gojo.com/en/Corporate-Hand-Hygiene-Hub/Hand-Hygiene-Tools-And-Downloads?sc_lang=en,,356
Hynix Semiconductor Inc.,http://skhynix.com/eng/about/bcpOverview.jsp,,426
Nippon Shokubai Co.,http://www.shokubai.co.jp/en/csr/governance/,,634
GOJO Industries,http://gojo.com/en/About-GOJO/Community-Responsibility?sc_lang=en,,356
GOJO Industries,http://gojo.com/Corporate-Featured-News?sc_lang=en,,356
GOJO Industries,http://gojo.com/en/Markets/Offices-Workplace/Office-Building-Management?sc_lang=en,,356
Maxout Renewables,http://maxoutrenewables.com/about,,561
Solar Junction Corporation,http://sj-solar.com/about_us/management.php,,856
Sunlight Photonics Inc.,https://www.sunlightphotonics.com/our-team,,897
GOJO Industries,http://gojo.com/en/About-GOJO/History?sc_lang=en,,356
Nippon Shokubai Co.,http://www.shokubai.co.jp/en/company/factory.html,,634
Solar Junction Corporation,http://sj-solar.com/about_us/,,856
Solar Junction Corporation,http://sj-solar.com/about_us/careers.php,,856
Sunlight Photonics Inc.,https://www.sunlightphotonics.com/about-us,,897
Solar Junction Corporation,http://sj-solar.com/about_us/latest-news.php,,856
Crossbar,https://crossbar-inc.com/en/technology/reram-overview/,,237
Crossbar,https://crossbar-inc.com/en/company/management-team/,,237
Crossbar,https://crossbar-inc.com/en/company/media-resources/,,237
Crossbar,https://crossbar-inc.com/en/company/careers/,,237
Crossbar,https://crossbar-inc.com/en/company/contact/,,237
Bluestar Silicones France,https://silicones.elkem.com/EN/Pages/PrivacyPolicy.aspx,,152
Bluestar Silicones France,https://silicones.elkem.com/EN/Pages/ContactUs.aspx,,152
Bluestar Silicones France,https://silicones.elkem.com/EN/about-us/news-events,,152
GOAL ZERO LLC,https://www.goalzero.com/story/,,355
Bluestar Silicones France,https://silicones.elkem.com/EN/about-us,,152
Crossbar,https://crossbar-inc.com/en/,,237
Schneider Electric USA,https://www.schneider-electric.us/en/about-us/social-media/,,807
Crossbar,https://crossbar-inc.com/en/company/board-of-directors/,,237
Crossbar,https://crossbar-inc.com/en/company/technology-advisory-board/,,237
Schneider Electric USA,https://www.schneider-electric.us/en/about-us/events/,,807
The Paymaster Corporation,https://paymaster.com/p/company/,,947
The Paymaster Corporation,https://paymaster.com/p/company/about/,,947
Bluestar Silicones France,https://silicones.elkem.com/EN/company/Lists/Event_company/Dispform.aspx?ID=149,,152
Schneider Electric USA,https://www.schneider-electric.us/en/about-us/sustainability/,,807
Schneider Electric USA,https://www.schneider-electric.us/en/about-us/press-us/,,807
Schneider Electric USA,https://www.schneider-electric.us/en/about-us/,,807
The Paymaster Corporation,https://paymaster.com/p/company/network/,,947
Bluestar Silicones France,https://silicones.elkem.com/EN/company/Lists/Event_company/Dispform.aspx?ID=152,,152
Bluestar Silicones France,https://silicones.elkem.com/EN/company/Lists/Event_company/Dispform.aspx?ID=151,,152
Crossbar,https://crossbar-inc.com/en/company/about-crossbar/,,237
Schneider Electric USA,https://www.schneider-electric.us/en/about-us/supplier-diversity/,,807
The Paymaster Corporation,https://paymaster.com/p/company/contact/,,947
Schneider Electric USA,https://www.schneider-electric.us/en/about-us/events/index-us.jsp,,807
Bluestar Silicones France,https://silicones.elkem.com/EN/company/Research_And_Development/Pages/home.aspx,,152
Schneider Electric USA,https://www.schneider-electric.us/en/about-us/company-profile/,,807
Schneider Electric USA,https://www.schneider-electric.us/en/about-us/careers/our-teams.jsp,,807
Bluestar Silicones France,https://silicones.elkem.com/EN/company/About_Us/Pages/Our-values.aspx,,152
Bluestar Silicones France,https://silicones.elkem.com:443/EN/company/About_Us/Pages/home.aspx,,152
Celanese Corporation,https://celanese.com/About-Us.aspx,,197
Genomatica,https://www.genomatica.com/resources/,,367
Archer Daniels Midland Company,https://www.adm.com/our-company/community-giving,,89
Schneider Electric USA,https://www.schneider-electric.us/en/about-us/careers/why-se.jsp,,807
Schneider Electric USA,https://www.schneider-electric.us/en/about-us/careers/overview.jsp,,807
Archer Daniels Midland Company,https://www.adm.com/our-company/procurement,,89
GOLBA LLC,https://golba.com/profile/,,357
Genomatica,https://www.genomatica.com/careers/,,367
Genomatica,https://www.genomatica.com/about/,,367
Archer Daniels Midland Company,https://www.adm.com/our-company/associations,,89
Archer Daniels Midland Company,https://www.adm.com/our-company/senior-leadership,,89
Silicon Genesis Corporation,http://sigen.net/about_sigen_mgmnt.html,,834
Archer Daniels Midland Company,https://www.adm.com/our-company/history,,89
Sumco Corporation,http://sumco.com/CompanyPolicy.aspx,,881
Silicon Genesis Corporation,http://sigen.net/about_sigen_events.html,,834
Silicon Genesis Corporation,http://sigen.net/about_sigen_overview.html,,834
Silicon Genesis Corporation,http://sigen.net/about_sigen_positions.html,,834
Archer Daniels Midland Company,https://www.adm.com/our-company,,89
Archer Daniels Midland Company,https://www.adm.com/careers/values-vision,,89
Genomic Health,https://www.genomichealth.com/en-US/join_our_team,,368
Silicon Genesis Corporation,http://sigen.net/about_sigen_eb.html,,834
Silicon Genesis Corporation,http://sigen.net/about_sigen_news.html,,834
Silicon Genesis Corporation,http://sigen.net/about_sigen_careers.html,,834
Archer Daniels Midland Company,https://www.adm.com/our-company/adm-facts,,89
COVERIS FLEXIBLES US LLC,http://www.coveris.com/company/about-us/,,176
Archer Daniels Midland Company,https://www.adm.com/investors/corporate-governance,,89
Genomic Health,https://www.genomichealth.com/en-US/who_we_are,,368
Genomic Health,https://www.genomichealth.com/en-US/who_we_are/contact_us,,368
Archer Daniels Midland Company,https://www.adm.com/our-company/us-political-contributions,,89
Archer Daniels Midland Company,https://www.adm.com/our-company/the-adm-way/code-of-conduct,,89
COVERIS FLEXIBLES US LLC,http://www.coveris.com/company/sustainability/,,176
Genomic Health,https://www.genomichealth.com/en-US/who_we_are/our_founders,,368
Genomic Health,https://www.genomichealth.com/en-US/who_we_are/company_timeline_milestones,,368
Genomic Health,https://www.genomichealth.com/en-US/join_our_team/international_benefits,,368
COVERIS FLEXIBLES US LLC,http://www.coveris.com/company/compliance/,,176
COVERIS FLEXIBLES US LLC,http://www.coveris.com/company/locations/,,176
Claret Medical,https://www.claretmedical.com/us-healthcare-professionals/about-us/,,210
Genomic Health,https://www.genomichealth.com/en-US/who_we_are/leadership,,368
COVERIS FLEXIBLES US LLC,http://www.coveris.com/company/customer-services/,,176
Genomic Health,https://www.genomichealth.com/en-US/who_we_are/our_mission,,368
Renewable Power Conversion,http://rpcincorporated.com/about-rpc.html,,749
Renewable Power Conversion,http://rpcincorporated.com/rpc-technology.html,,749
Genomic Health,https://www.genomichealth.com/en-US/join_our_team/US_benefits,,368
COVERIS FLEXIBLES US LLC,http://www.coveris.com/company/,,176
Novon,http://novon.com/about.htm,,644
COVERIS FLEXIBLES US LLC,http://www.coveris.com/coveris-management-host-call-discuss-first-quarter-2018-financial-results/,,176
Sensor-Kinesis Corporation,http://sensor-kinesis.com/who-we-are/,,822
Sensor-Kinesis Corporation,http://sensor-kinesis.com/,,822
Sensor-Kinesis Corporation,http://sensor-kinesis.com/our-team/,,822
Sensor-Kinesis Corporation,http://sensor-kinesis.com/management-team/,,822
Quantum Materials Corporation,http://qmcdots.com/company.php,,736
Quantum Materials Corporation,http://qmcdots.com/company-businessdev.php,,736
Quantum Materials Corporation,http://qmcdots.com/company-scientificadvisoryboard.php,,736
Quantum Materials Corporation,http://qmcdots.com/company-board.php,,736
Chipmos Technologies Inc.,https://www.chipmos.com/english/ir/company.aspx,,206
Chipmos Technologies Inc.,https://www.chipmos.com/english/about/detail.aspx,,206
Chipmos Technologies Inc.,https://www.chipmos.com/english/csr/overview.aspx,,206
Chipmos Technologies Inc.,https://www.chipmos.com/english/ir/editor01.aspx,,206
Chipmos Technologies Inc.,https://www.chipmos.com/english/about/detail.aspx?AID=5,,206
Chipmos Technologies Inc.,https://www.chipmos.com/english/csr/editor.aspx?CID=12,,206
Shin-Etsu Chemical Co.,http://www.shinetsu.co.jp/en/company/r_d.html,,827
Danisco US Inc.,https://www.dupontnutritionandhealth.com/about-us/news-archive.html,,255
Danisco US Inc.,https://www.dupontnutritionandhealth.com/about-us/where-we-are-located.html,,255
Chipmos Technologies Inc.,https://www.chipmos.com/english/about/detail.aspx?AID=8,,206
Chipmos Technologies Inc.,https://www.chipmos.com/english/about/detail.aspx?AID=1,,206
POSiFA MICROSYSTEMS,http://posifamicrosystems.com/about_us.php,,681
Shin-Etsu Chemical Co.,http://www.shinetsu.co.jp/en/company/history.html,,827
AVOGY,https://nexgenpowersystems.com/management/,,26
Caribou Biosciences,https://cariboubio.com/about-us/management-team,,191
Shin-Etsu Chemical Co.,http://www.shinetsu.co.jp/en/company/movie.html,,827
Danisco US Inc.,https://www.dupontnutritionandhealth.com/about-us/what-we-do.html,,255
Danisco US Inc.,https://www.dupontnutritionandhealth.com/about-us/event-calendar.html,,255
Chipmos Technologies Inc.,https://www.chipmos.com/english/about/detail.aspx?AID=10,,206
Shin-Etsu Chemical Co.,http://www.shinetsu.co.jp/en/ir/policy.html,,827
Danisco US Inc.,https://www.dupontnutritionandhealth.com/about-us/who-we-are.html,,255
Shin-Etsu Chemical Co.,http://www.shinetsu.co.jp/en/company/profile.html,,827
Shin-Etsu Chemical Co.,http://www.shinetsu.co.jp/en/company/quality.html,,827
AVOGY,https://nexgenpowersystems.com/about/,,26
PolyPlus Battery Company,http://polyplus.com/company/,,718
Chipmos Technologies Inc.,https://www.chipmos.com/english/about/detail.aspx?AID=9,,206
Shin-Etsu Chemical Co.,http://www.shinetsu.co.jp/en/company/,,827
Danisco US Inc.,https://www.dupontnutritionandhealth.com/about-us.html,,255
Shin-Etsu Chemical Co.,http://www.shinetsu.co.jp/en/company/network.html,,827
Eastman Chemical Company,https://www.eastman.com/Company/Worldwide/Pages/Introduction.aspx,,285
Shin-Etsu Chemical Co.,http://www.shinetsu.co.jp/en/company/supplier_hotline.html,,827
Caribou Biosciences,https://cariboubio.com/about-us,,191
Caribou Biosciences,https://cariboubio.com/about-us/scientific-advisory-board,,191
AVOGY,https://nexgenpowersystems.com/contact/,,26
Sumitomo Electric Device Innovations,http://www.sedi.co.jp/about/index.html?version=en,,882
Intermolecular,https://intermolecular.com/company/news/,,462
Intermolecular,https://intermolecular.com/company/,,462
Eastman Chemical Company,https://www.eastman.com/Company/News_Center/Pages/RSS_Feeds.aspx,,285
Eastman Chemical Company,https://www.eastman.com/Company/About_Eastman/Pages/Military.aspx,,285
Eastman Chemical Company,https://www.eastman.com/Company/About_Eastman/Pages/Profile.aspx,,285
Eastman Chemical Company,https://www.eastman.com/Company/Investors/Pages/Introduction.aspx,,285
Eastman Chemical Company,https://www.eastman.com/Company/investors/Pages/Annual_Meeting.aspx,,285
Eastman Chemical Company,https://www.eastman.com/Company/investors/Pages/SEC_Information.aspx,,285
Eastman Chemical Company,https://www.eastman.com/Company/News_Center/Pages/Home.aspx,,285
Eastman Chemical Company,https://www.eastman.com/Company/About_Eastman/Pages/Values.aspx,,285
Intermolecular,https://intermolecular.com/company/careers/,,462
Intermolecular,https://intermolecular.com/company/management/,,462
Eastman Chemical Company,https://www.eastman.com/Company/Pages/MyInsideConnection.aspx,,285
Eastman Chemical Company,https://www.eastman.com/Company/Pages/Home.aspx,,285
Intermolecular,https://intermolecular.com/company/contact-us/,,462
Ampio Pharmaceuticals,https://ampiopharma.com/,,73
Ampio Pharmaceuticals,https://ampiopharma.com/about-us/,,73
Ampio Pharmaceuticals,https://ampiopharma.com/about-us/scientific-advisory-board/,,73
Bio-Rad Laboratories,http://www.bio-rad.com/en-us/corporate/newsroom?ID=1006,,137
Ampio Pharmaceuticals,http://ampiopharma.com/pipeline/optina/,,73
Ampio Pharmaceuticals,https://ampiopharma.com/pipeline/about-osteoarthritis/,,73
Palo Alto Research Center Incorporated,https://www.parc.com/about-parc/parc-cleanroom/,,687
Palo Alto Research Center Incorporated,https://www.parc.com/about-parc/parc-history/,,687
Bio-Rad Laboratories,http://www.bio-rad.com/en-us/corporate/protecting-environment?ID=MR8IX6ESH,,137
Ampio Pharmaceuticals,https://ampiopharma.com/investors/corporate-governance/,,73
Ampio Pharmaceuticals,https://ampiopharma.com/about-us/board-of-directors/,,73
Quantum Devices,https://www.quantumdev.com/about/,,735
Ampio Pharmaceuticals,https://ampiopharma.com/pipeline/about-diabetic-macular-edema/,,73
Ampio Pharmaceuticals,https://ampiopharma.com/news/ampio-provides-corporate-update-2/,,73
Bio-Rad Laboratories,http://www.bio-rad.com/en-us/corporate/careers?ID=1004,,137
Ampio Pharmaceuticals,http://ampiopharma.com/pipeline/ampion/,,73
Bio-Rad Laboratories,http://www.bio-rad.com/en-us/corporate/about-bio-rad?ID=1003,,137
Bio-Rad Laboratories,http://www.bio-rad.com/en-us/corporate/community-outreach?ID=MR8IUCKG4,,137
Bio-Rad Laboratories,http://www.bio-rad.com/en-us/corporate/investor-relations?ID=1007,,137
Ampio Pharmaceuticals,https://ampiopharma.com/about-us/management-team/,,73
Palo Alto Research Center Incorporated,https://www.parc.com/about-parc/our-people/,,687
Federal Signal Corporation,https://www.federalsignal.com/who-we-are,,328
PQ CORPORATION,https://www.pqcorp.com/careers/join-our-team,,683
Bio-Rad Laboratories,http://www.bio-rad.com/en-us/corporate?ID=1002,,137
Roll-N-Lock Corporation,https://rollnlock.com/about-us,,766
ESCAPE THERAPEUTICS,http://escapetherapeutics.com/overview.html,,282
Palo Alto Research Center Incorporated,https://www.parc.com/about-parc/,,687
Palo Alto Research Center Incorporated,https://www.parc.com/about-parc/working-with-parc/,,687
Palo Alto Research Center Incorporated,https://www.parc.com/about-parc/careers-culture/,,687
PQ CORPORATION,https://www.pqcorp.com/about-us/materials-science,,683
VINYLAST,http://palisaderail.com/about-vinylast/,,993
ESCAPE THERAPEUTICS,http://escapetherapeutics.com/mission.html,,282
Oki Data Corporation,https://www.oki.com/en/profile/spirit/,,659
Oki Data Corporation,https://www.oki.com/en/profile/info/greet.html,,659
Oki Data Corporation,https://www.oki.com/en/ir/corporate/governance/,,659
Oki Data Corporation,https://www.oki.com/en/profile/info/,,659
Bio-Rad Laboratories,http://www.bio-rad.com/en-us/corporate/faqs?ID=MR8IZ38UU,,137
PQ CORPORATION,https://www.pqcorp.com/about-us,,683
ESCAPE THERAPEUTICS,http://escapetherapeutics.com/management.html,,282
Karsten Manufacturing Corporation,https://ping.com/legal/about-ads,,493
Oki Data Corporation,https://www.oki.com/en/profile/history/,,659
Karsten Manufacturing Corporation,https://ping.com/bags/carry-bags/mascot-team,,493
MICROMIDAS,https://www.originmaterials.com/about-us,,546
Oki Data Corporation,https://www.oki.com/en/profile/brand/,,659
Oki Data Corporation,https://www.oki.com/en/profile/conduct/cond.html,,659
Universal Display Corporation,https://oled.com/about/history/,,988
Universal Display Corporation,https://oled.com/about/,,988
Universal Display Corporation,https://oled.com/about/legal/,,988
Genentech,https://www.gene.com/about-us,,365
Universal Display Corporation,https://oled.com/about/awards/,,988
Genentech,https://www.gene.com/about-us/suppliers,,365
Universal Display Corporation,https://oled.com/about/contact/,,988
Oki Data Corporation,https://www.oki.com/en/csr/,,659
Oki Data Corporation,https://www.oki.com/en/profile/info/manage.html,,659
Oki Data Corporation,https://www.oki.com/en/about/,,659
Oki Data Corporation,https://www.oki.com/en/press/2018/11/z18038e.html,,659
Genentech,https://www.gene.com/about-us/leadership,,365
Genentech,https://www.gene.com/about-us/compliance,,365
Genentech,https://www.gene.com/media/company-information,,365
Genentech,https://www.gene.com/about-us/awards-recognition,,365
First Solar,http://www.firstsolar.com/About-Us/Contact,,332
First Solar,http://www.firstsolar.com/en/PV-Plants/Corporate,,332
First Solar,http://www.firstsolar.com/en/About-Us/Terms-of-Use,,332
First Solar,http://www.firstsolar.com/en/About-Us/Press-Center,,332
Karsten Manufacturing Corporation,https://ping.com/media/videos/2018/take-59-seconds-to-learn-about-the-sigma-2,,493
Universal Display Corporation,https://oled.com/about/careers/,,988
Genentech,https://www.gene.com/about-us/california-transparency-law,,365
First Solar,http://www.firstsolar.com/en/About-Us/Contact,,332
First Solar,http://www.firstsolar.com/en/About-Us/Overview,,332
First Solar,http://www.firstsolar.com/en/About-Us/Locations,,332
First Solar,http://www.firstsolar.com/en/About-Us/Imprint,,332
First Solar,http://www.firstsolar.com/en/About-Us/Privacy-Policy,,332
PolyOne Corporation,http://www.polyone.com/company/strategy-vision,,717
PolyOne Corporation,http://www.polyone.com/company,,717
First Solar,http://www.firstsolar.com/About-Us/Privacy-Policy,,332
First Solar,http://www.firstsolar.com/en/About-Us/Leadership,,332
PolyOne Corporation,http://www.polyone.com/company/sustainability,,717
PolyOne Corporation,http://www.polyone.com/company/policies-and-governance,,717
PolyOne Corporation,http://www.polyone.com/company/sustainability/no-surprises-pledge,,717
PolyOne Corporation,http://www.polyone.com/company/sustainability/community-involvement,,717
PolyOne Corporation,http://www.polyone.com/company/policies-and-governance/ethics-hotline,,717
Heidelberger Druckmaschinen AG,https://www.heidelberg.com/global/de/company/events/calendar/all_events.jsp,,409
Heidelberger Druckmaschinen AG,https://www.heidelberg.com/global/de/company/procurement/suppliers/suppliers.jsp,,409
Fujitsu Limited,http://www.fujitsu.com/jp/about/,,343
Fujitsu Limited,http://www.fujitsu.com/jp/about/message/,,343
Fujitsu Limited,http://www.fujitsu.com/jp/about/resources/,,343
PolyOne Corporation,http://www.polyone.com/company/sustainability/responsible-care,,717
PolyOne Corporation,http://www.polyone.com/company/company-officers,,717
PolyOne Corporation,http://www.polyone.com/company/sustainability/workforce-and-culture,,717
Heidelberger Druckmaschinen AG,https://www.heidelberg.com/global/de/company/company_overview.jsp,,409
Heidelberger Druckmaschinen AG,https://www.heidelberg.com/global/de/company/events/drupa_2016/drupa_lp.html,,409
Richtek Technology Corporation,https://www.richtek.com/About%20Richtek?sc_lang=en,,755
Richtek Technology Corporation,https://www.richtek.com/static/404.html?item=%2fhistory&user=extranet%5cAnonymous&site=richtekweb,,755
Fujitsu Limited,http://www.fujitsu.com/jp/about/index.html,,343
Rio Grande Valley Sugar Growers,https://www.rgvsugar.com/history,,758
Rio Grande Valley Sugar Growers,https://www.rgvsugar.com/company,,758
Fujitsu Limited,http://www.fujitsu.com/jp/about/philosophy/,,343
Richtek Technology Corporation,https://www.richtek.com/About%20Richtek/Newsletters?sc_lang=en,,755
Richtek Technology Corporation,https://www.richtek.com/About%20Richtek/News%20Release?sc_lang=en,,755
Heidelberger Druckmaschinen AG,https://www.heidelberg.com/global/de/company/about_us/sustainability/eco_overview.jsp,,409
Heidelberger Druckmaschinen AG,https://www.heidelberg.com/global/de/company/other_business_areas/industry_solutions.jsp,,409
Heidelberger Druckmaschinen AG,https://www.heidelberg.com/global/de/company/career/career_overview.jsp,,409
OmniVision Technologies,https://www.ovt.com/company,,661
OmniVision Technologies,https://www.ovt.com/company/company-profile,,661
PolyOne Corporation,http://www.polyone.com/company/our-businesses,,717
Fujitsu Limited,http://www.fujitsu.com/jp/vision/,,343
Fujitsu Limited,http://www.fujitsu.com/jp/about/corporate/,,343
Heidelberger Druckmaschinen AG,https://www.heidelberg.com/global/de/company/press_1/press_team/press_team.jsp,,409
Fujitsu Limited,http://www.fujitsu.com/jp/about/csr/,,343
Fujitsu Limited,http://www.fujitsu.com/jp/about/activities/,,343
Fujitsu Limited,http://www.fujitsu.com/jp/about/environment/,,343
Heidelberger Druckmaschinen AG,https://www.heidelberg.com/global/de/company/procurement/guidelines/guideline.jsp,,409
Richtek Technology Corporation,https://www.richtek.com/My%20Richtek/My%20Profile?sc_lang=en,,755
Heidelberger Druckmaschinen AG,https://www.heidelberg.com/global/de/company/press_1/press_release/ov_press_lounge.jsp,,409
OmniVision Technologies,https://www.ovt.com/company/locations,,661
Ansun Biopharma,http://www.ansunbiopharma.com/meet-the-team/,,81
Sequenom,https://www.sequenom.com/company/international,,823
Sequenom,https://www.sequenom.com/company/careers,,823
Sequenom,https://www.sequenom.com/redirect?page=https://www.integratedgenetics.com/about/posters-and-publications,,823
Sequenom,https://www.sequenom.com/redirect?page=https://www.integratedgenetics.com/for-providers/services/genetic-counseling,,823
Fujitsu Limited,http://www.fujitsu.com/jp/about/news/,,343
Ansun Biopharma,http://www.ansunbiopharma.com/about-ansun-biopharma/,,81
Sequenom,https://www.sequenom.com/company,,823
Columbia Insurance Company,http://colinsgrp.com/site/history,,218
Columbia Insurance Company,http://colinsgrp.com/site/our-purpose,,218
Englewood Lab,http://englewoodlab.com/about-us/history/,,302
FULL CIRCLE BIOCHAR,http://fullcirclebiochar.com/people/team-and-management/,,324
Princeton Optronics,https://ams.com/about-ams,,724
Princeton Optronics,https://ams.com/management-board,,724
Princeton Optronics,https://ams.com/lighting-management-units,,724
Princeton Optronics,https://ams.com/power-management,,724
Humanetics Corporation,http://www.humaneticsatd.com/about-us/legal,,423
OmniVision Technologies,https://www.ovt.com/news-events/corporate-releases,,661
Princeton Optronics,https://ams.com/smart-lighting-management,,724
Princeton Optronics,http://ams.com/,,724
Echogen Power Systems,https://www.echogen.com/about/our-team/,,289
Echogen Power Systems,https://www.echogen.com/about/our-team/partners/,,289
Princeton Optronics,http://ams.com/about-ams,,724
Evernote Corporation,https://evernote.com/about,,311
Ansun Biopharma,http://www.ansunbiopharma.com/our-team/,,81
Sequenom,https://www.sequenom.com/company/careers/job-search,,823
Sequenom,https://www.sequenom.com/company/lab-certifications,,823
Columbia Insurance Company,http://colinsgrp.com/site/about-us,,218
Princeton Optronics,https://ams.com/display-management,,724
Sequenom,https://www.sequenom.com/company/contact,,823
Englewood Lab,http://englewoodlab.com/about-us/,,302
Princeton Optronics,https://ams.com/power-management-units,,724
Humanetics Corporation,http://www.humaneticsatd.com/about-us/events,,423
FULL CIRCLE BIOCHAR,http://fullcirclebiochar.com/company/,,324
FULL CIRCLE BIOCHAR,http://fullcirclebiochar.com/,,324
Princeton Optronics,https://ams.com/corporate-responsibility,,724
Humanetics Corporation,http://www.humaneticsatd.com/about-us/News,,423
Humanetics Corporation,http://www.humaneticsatd.com/about-us,,423
Echogen Power Systems,https://www.echogen.com/about/our-story/,,289
Echogen Power Systems,https://www.echogen.com/about/careers/,,289
Echogen Power Systems,https://www.echogen.com/about/our-culture/,,289
Echogen Power Systems,https://www.echogen.com/about/our-team/supply-chain/,,289
Echogen Power Systems,https://www.echogen.com/about/,,289
Humanetics Corporation,http://www.humaneticsatd.com/about-us/technical-publications,,423
SII Semiconductor Corporation,https://www.ablic.com/en/semicon/corp/vision/,,781
Humanetics Corporation,http://www.humaneticsatd.com/about-us/message-president,,423
Humanetics Corporation,http://www.humaneticsatd.com/about-us/platinum-spares,,423
SII Semiconductor Corporation,https://www.ablic.com/en/semicon/corp/,,781
Pixar,https://www.pixar.com/company-faqs,,710
Humanetics Corporation,http://www.humaneticsatd.com/services/fleet-management-services,,423
SII Semiconductor Corporation,https://www.ablic.com/en/semicon/corp/outline/,,781
Echogen Power Systems,https://www.echogen.com/our-solution/your-application/,,289
SII Semiconductor Corporation,https://www.ablic.com/en/semicon/corp/history/,,781
SII Semiconductor Corporation,https://www.ablic.com/en/semicon/techanalye/part3/?rf=topics%0D,,781
Evoqua Water Technologies LLC,http://evoqua.com/en/about,,313
Evoqua Water Technologies LLC,http://evoqua.com/en/about/Pages/contact-us.aspx,,313
Evoqua Water Technologies LLC,http://evoqua.com/en/about/data-protection/Pages/Cookies-Policy.aspx,,313
Evoqua Water Technologies LLC,http://evoqua.com/en/about/data-protection/Pages/Data-Privacy-Protection-Policy.aspx,,313
Humanetics Corporation,http://www.humaneticsatd.com/about-us/careers,,423
Echogen Power Systems,https://www.echogen.com/about/our-team/our-people/,,289
Humanetics Corporation,http://www.humaneticsatd.com/about-us/news/recent-media,,423
Humanetics Corporation,http://www.humaneticsatd.com/about-us/press-releases,,423
Pixar,https://www.pixar.com/pixar-profiles,,710
Echogen Power Systems,https://www.echogen.com/about/careers/internship-program/,,289
SII Semiconductor Corporation,https://www.ablic.com/en/semicon/corp/csr/,,781
SII Semiconductor Corporation,https://www.ablic.com/en/semicon/corp/vision/?rf=subbnr,,781
Evoqua Water Technologies LLC,http://evoqua.com/en/about/Pages/default.aspx,,313
Evoqua Water Technologies LLC,http://evoqua.com/de/about/Seiten/Impressum.aspx,,313
Evoqua Water Technologies LLC,http://evoqua.com/de/about/Seiten/Datenschutzerklaerung.aspx,,313
Evoqua Water Technologies LLC,http://evoqua.com/en/about/data-protection/Pages/default.aspx,,313
Evoqua Water Technologies LLC,https://www.evoqua.com/en/about/data-protection/Pages/Cookies-Policy.aspx,,313
Pixar,https://www.pixar.com/contact-us,,710
Surebeam Corporation,http://smebeam.com/about.html,,899
InView Technology Corporation,http://www.inview.tv/company-overview/,,444
InView Technology Corporation,http://www.inview.tv/meet-the-team/,,444
Plant Sensory Systems,https://www.plantsensorysystems.com/team/,,712
Plant Sensory Systems,https://www.plantsensorysystems.com/management-team-pics/,,712
THE BOARD INSTITUTE,https://theboardinstitute.com/company/management/,,914
ASML Netherlands B.V.,https://www.asml.com/company/who-we-are/en/s277?rid=51980,,19
Nissan North America,https://www.nissanusa.com/about/corporate-information.html,,635
Nissan North America,https://www.nissanusa.com/about/heritage.html,,635
Nissan North America,https://www.nissanusa.com/about.html,,635
Green Box Batteries,https://biggreenbox.com/pages/how-it-works,,386
Plant Sensory Systems,https://www.plantsensorysystems.com/pss-team/,,712
Semics Inc.,http://www.prober.com/about-us/,,817
THE BOARD INSTITUTE,https://theboardinstitute.com/company/,,914
Nissan North America,https://www.nissanusa.com/about/green-program.html,,635
ASML Netherlands B.V.,https://www.asml.com/company/organization/en/s277?rid=51984,,19
ASML Netherlands B.V.,https://www.asml.com/company/in-a-nutshell/en/s277?rid=51978,,19
ASML Netherlands B.V.,https://www.asml.com/company/all-our-stories/en/s223?rid=57263,,19
Fairchild Semiconductor Corporation,https://www.onsemi.com/PowerSolutions/taxonomy.do?id=2124,,325
Wostec,https://www.westec.org/about.html,,1024
Fairchild Semiconductor Corporation,https://www.onsemi.com/PowerSolutions/taxonomy.do?id=75,,325
Fairchild Semiconductor Corporation,https://www.onsemi.com/PowerSolutions/home.do,,325
Plant Sensory Systems,https://www.plantsensorysystems.com/advisory-team/,,712
ASML Netherlands B.V.,https://www.asml.com/company/faq/en/s32894,,19
ASML Netherlands B.V.,https://www.asml.com/company/company-calendar/en/s32775,,19
ASML Netherlands B.V.,https://www.asml.com/company/management/en/s233,,19
ASML Netherlands B.V.,https://www.asml.com/company/what-we-do/en/s277?rid=51981,,19
Nissan North America,https://www.nissanusa.com/about/diversity.html,,635
Nissan North America,https://www.nissanusa.com/about/community-relations.html,,635
ASML Netherlands B.V.,https://www.asml.com/company/why-we-exist/en/s277?rid=51983,,19
Nissan North America,https://www.nissanusa.com/about/nissan-customer-promise.html,,635
ASML Netherlands B.V.,https://www.asml.com/company/how-we-do-it/en/s277?rid=51979,,19
ASML Netherlands B.V.,https://www.asml.com/company/our-history/en/s277?rid=51985,,19
Swift Engineering,https://swiftengineering.com/about/,,903
Amgen Fremont Inc.,https://www.amgen.com/about/how-we-operate/,,70
Amgen Fremont Inc.,https://www.amgen.com/about/how-we-operate/corporate-governance/,,70
Milliken & Company,http://www.milliken.com/en-us/ourcompany/Pages/privacy.aspx,,581
Milliken & Company,http://www.milliken.com/en-us/ourcompany/Pages/Contacts.aspx,,581
Amgen Fremont Inc.,https://www.amgen.com/about/how-we-operate/business-ethics-and-compliance/,,70
Amgen Fremont Inc.,https://www.amgen.com/science/clinical-trials/about-clinical-trials/,,70
Milliken & Company,http://www.milliken.com/en-us/ourcompany/Pages/TermsAndConditions.aspx,,581
Milliken & Company,http://www.milliken.com/en-us/ourcompany/newsandmedia/Pages/Videos.aspx,,581
Amgen Fremont Inc.,https://www.amgen.com/about/leadership/,,70
Amgen Fremont Inc.,https://www.amgen.com/about/mission-and-values/,,70
Amgen Fremont Inc.,https://www.amgen.com/about/awards-and-accolades/,,70
Milliken & Company,http://www.milliken.com/en-us/ourcompany/Pages/company.aspx,,581
Amgen Fremont Inc.,https://www.amgen.com/about/how-we-operate/policies-practices-and-disclosures/,,70
Amgen Fremont Inc.,https://www.amgen.com/media/featured-news/2018/11/how-amgen-svp-of-hr-lori-johnston-manages-the-companys-most-important-asset/,,70
Milliken & Company,http://www.milliken.com/en-us/ourcompany/careers/Pages/careers.aspx,,581
Milliken & Company,http://www.milliken.com/en-us/ourcompany/about-us/Pages/about-us.aspx,,581
Milliken & Company,http://www.milliken.com/en-us/ourcompany/about-us/Pages/our-values.aspx,,581
Milliken & Company,http://www.milliken.com/en-us/ourcompany/newsandmedia/Pages/default.aspx,,581
ITN Energy Systems,http://itnes.com/about.html,,438
ITN Energy Systems,http://itnes.com/team/management.html,,438
ITN Energy Systems,http://itnes.com/team.html,,438
ITN Energy Systems,http://itnes.com/team/programmanagers.html,,438
COOK MEDICAL TECHNOLOGIES LLC,https://www.cookmedical.com/about/history/,,175
COOK MEDICAL TECHNOLOGIES LLC,https://www.cookmedical.com/lead-management/,,175
COOK MEDICAL TECHNOLOGIES LLC,https://www.cookmedical.com/about/,,175
Swift Engineering,https://swiftengineering.com/history/,,903
Amgen Fremont Inc.,https://www.amgen.com/about/,,70
Amgen Fremont Inc.,https://www.amgen.com/about/quick-facts/,,70
Kureha Corporation,http://www.kureha.co.jp/en/about/group.html,,507
Kureha Corporation,http://www.kureha.co.jp/en/about/index.html,,507
Kureha Corporation,http://www.kureha.co.jp/en/about/challenge/philosophy.html,,507
ITN Energy Systems,http://itnes.com/about/facilities.html,,438
ITN Energy Systems,http://itnes.com/team/advisoryboard.html,,438
ITN Energy Systems,http://itnes.com/about/corecapabilities.html,,438
Milliken & Company,http://www.milliken.com/en-us/ourcompany/visitors/Pages/home.aspx,,581
Milliken & Company,http://www.milliken.com/en-us/ourcompany/lifeatmilliken/Pages/default.aspx,,581
ITN Energy Systems,http://itnes.com/about/ourstory.html,,438
ITN Energy Systems,http://itnes.com/about/rd.html,,438
COOK MEDICAL TECHNOLOGIES LLC,https://www.cookmedical.com/about/ethics-compliance/,,175
ITN Energy Systems,http://itnes.com/about/businessmodel.html,,438
ITN Energy Systems,http://itnes.com/team/boardofdirectors.html,,438
COOK MEDICAL TECHNOLOGIES LLC,https://www.cookmedical.com/about/ethics-compliance/human-rights-statement/,,175
COOK MEDICAL TECHNOLOGIES LLC,https://www.cookmedical.com/about/mission-and-values/,,175
COOK MEDICAL TECHNOLOGIES LLC,https://www.cookmedical.com/about/sustainability-environmental-practices/,,175
Lattice Semiconductor Corporation,http://www.latticesemi.com/About/Jobs,,517
Lattice Semiconductor Corporation,http://www.latticesemi.com/About/Newsroom,,517
Lattice Semiconductor Corporation,https://www.latticesemi.com/About/Jobs,,517
COOK MEDICAL TECHNOLOGIES LLC,https://www.cookmedical.com/about/diversity-inclusion/,,175
Lattice Semiconductor Corporation,http://www.latticesemi.com/About/Sitemap,,517
Lattice Semiconductor Corporation,https://www.latticesemi.com/About,,517
Lattice Semiconductor Corporation,https://www.latticesemi.com/About/Newsroom,,517
Lattice Semiconductor Corporation,http://www.latticesemi.com/About,,517
Lattice Semiconductor Corporation,http://www.latticesemi.com/About/LegalNotices,,517
Dana Corporation,http://www.dana.com/corporate-pages/brands,,253
Dana Corporation,http://www.dana.com/corporate-pages/supplier/supplier-application/dana1source,,253
CoolEarth Solar,http://coolearthsolar.com/,,230
Dana Corporation,http://www.dana.com/corporate-pages/terms-of-use,,253
Dana Corporation,http://www.dana.com/corporate-pages/standards-of-business-conduct,,253
Dana Corporation,http://www.dana.com/corporate-pages/history,,253
Dana Corporation,http://www.dana.com/corporate-pages/privacy-policy,,253
Dana Corporation,http://www.dana.com/corporate-pages/careers/careers,,253
Solarmer Energy,http://solarmer.com/aboutus/,,862
Dana Corporation,http://www.dana.com/corporate-pages/dana/at-a-glance,,253
Canon,https://www.usa.canon.com/internet/portal/us/home/about/newsroom,,184
Canon,https://www.usa.canon.com/internet/portal/us/home/about/careers,,184
Canon,https://www.usa.canon.com/internet/portal/us/home/about/,,184
Canon,https://www.usa.canon.com/internet/portal/us/home/about/legal/,,184
Canon,https://www.usa.canon.com/internet/portal/us/home/about/careers/,,184
Canon,https://www.usa.canon.com/internet/portal/us/home/mycanon/myprofile,,184
Canon,https://www.usa.canon.com/internet/portal/us/home/about/innovation/,,184
LUCERA LABS,https://www.luceralabs.com/team/,,514
Canon,https://www.usa.canon.com/internet/portal/us/home/company/sitemap/,,184
Canon,https://www.usa.canon.com/internet/portal/us/home/about/newsroom/,,184
Canon,https://www.usa.canon.com/internet/portal/us/home,,184
Stanley Electric Co.,http://www.stanley.co.jp/e/company/,,874
Dana-Farber Cancer Institute,https://www.dana-farber.org/about-us/community-outreach/,,254
Dana-Farber Cancer Institute,https://www.dana-farber.org/about-us/locations/,,254
Dana-Farber Cancer Institute,https://www.dana-farber.org/about-us/locations/?homepagewidget,,254
Dana-Farber Cancer Institute,https://www.dana-farber.org/about-us/,,254
Dana-Farber Cancer Institute,https://www.dana-farber.org/about-us/events-calendar/,,254
Dana-Farber Cancer Institute,https://www.dana-farber.org/about-us/history-and-milestones/,,254
MBC Ventures,https://www.mbc.net/en/corporate.html,,542
MBC Ventures,https://www.mbc.net/en/corporate/news.html,,542
Dana-Farber Cancer Institute,https://www.dana-farber.org/about-us/directions/,,254
MBC Ventures,https://www.mbc.net/mbc/en/corporate/ventures,,542
MBC Ventures,https://www.mbc.net/en/corporate/about-us.html,,542
Dana-Farber Cancer Institute,https://www.dana-farber.org/about-us/leadership/,,254
Taiwan Semiconductor Manufacturing Company,https://tsmc.com/english/aboutTSMC/tsmc_foundation.htm,,923
MBC Ventures,https://www.mbc.net/en/corporate/channels.html,,542
Dana-Farber Cancer Institute,https://www.dana-farber.org/about-us/careers-at-dana-farber/,,254
Taiwan Semiconductor Manufacturing Company,https://tsmc.com/english/aboutTSMC/mission.htm,,923
PNM,https://WWW.PNM.COM/web/pnm.com/about-pnm,,679
Dana-Farber Cancer Institute,https://www.dana-farber.org/about-us/staff-and-patients-connect-in-new-ad-campaign/,,254
MBC Ventures,https://www.mbc.net/ar/corporate.html,,542
Taiwan Semiconductor Manufacturing Company,https://tsmc.com/english/aboutTSMC/company_profile.htm,,923
Taiwan Semiconductor Manufacturing Company,https://tsmc.com/english/aboutTSMC/business_contacts.htm,,923
Taiwan Semiconductor Manufacturing Company,https://tsmc.com/english/aboutTSMC/executives.htm,,923
PNM,https://WWW.PNM.COM/web/pnm.com/contact-us,,679
MBC Ventures,https://www.mbc.net/mbc/ar/corporate/ventures,,542
MBC Ventures,https://www.mbc.net/en/corporate/csr.html,,542
Taiwan Semiconductor Manufacturing Company,https://tsmc.com/english/investorRelations/corporate_governance.htm,,923
Taiwan Semiconductor Manufacturing Company,https://tsmc.com/english/aboutTSMC/index.htm,,923
Taiwan Semiconductor Manufacturing Company,https://tsmc.com/csr/en/index.html,,923
Taiwan Semiconductor Manufacturing Company,https://tsmc.com/english/aboutTSMC/quality_and_reliability.htm,,923
MBC Ventures,https://www.mbc.net/en/corporate/ventures.html,,542
Taiwan Semiconductor Manufacturing Company,https://tsmc.com/english/aboutTSMC/values.htm,,923
MBC Ventures,https://www.mbc.net/en/corporate/advertise.html,,542
Taiwan Semiconductor Manufacturing Company,https://tsmc.com/english/newsEvents/document_center.htm,,923
MBC Ventures,https://www.mbc.net/en/corporate/vacancies.html,,542
PPG Industries Ohio,http://corporate.ppg.com/Our-Company/Diversity.aspx,,682
PPG Industries Ohio,http://corporate.ppg.com/Our-Company.aspx,,682
PPG Industries Ohio,http://corporate.ppg.com/Our-Company/PPG-Vision.aspx,,682
PPG Industries Ohio,http://corporate.ppg.com/Our-Company/Governance.aspx,,682
PPG Industries Ohio,http://corporate.ppg.com/Our-Company/company-history.aspx,,682
UWM Research Foundation,https://uwmrf.org/about/team/,,979
Ion Power Group,https://ionpowergroup.com/history/,,467
Ion Power Group,https://ionpowergroup.com/,,467
UWM Research Foundation,https://uwmrf.org/about/,,979
PPG Industries Ohio,http://corporate.ppg.com/Our-Company/Ethics.aspx,,682
Ion Power Group,https://ionpowergroup.com/contactteam/,,467
PPG Industries Ohio,http://corporate.ppg.com/Our-Company/Worldwide-Operations.aspx,,682
ConocoPhillips Company,http://www.conocophillips.com/about-us/leadership/,,226
ConocoPhillips Company,http://www.conocophillips.com/about-us/,,226
ConocoPhillips Company,http://www.conocophillips.com/about-us/social-media/,,226
ConocoPhillips Company,http://www.conocophillips.com/about-us/spirit-values/,,226
ConocoPhillips Company,http://www.conocophillips.com/about-us/how-energy-works/,,226
ConocoPhillips Company,http://www.conocophillips.com/company-reports-resources/fact-sheets/,,226
ConocoPhillips Company,http://www.conocophillips.com/about-us/diversity-inclusion/,,226
ConocoPhillips Company,http://www.conocophillips.com/about-us/sustainability-approach/,,226
ConocoPhillips Company,http://www.conocophillips.com/company-reports-resources/,,226
ConocoPhillips Company,http://www.conocophillips.com/company-reports-resources/global-maps/,,226
ConocoPhillips Company,http://www.conocophillips.com/about-us/our-history/present-2010/,,226
Selas Heat Technology Company LLC,https://www.selas.com/about/,,813
MirTech,http://www.mirtechusa.com/our-company/,,583
MirTech,http://www.mirtechusa.com/our-company/news/,,583
Lextar Electronics Corp.,http://lextar.com/?sn=94&lang=en-US,,520
MirTech,http://www.mirtechusa.com/our-company/careers/,,583
Lextar Electronics Corp.,http://lextar.com/?sn=95&lang=en-US,,520
Lextar Electronics Corp.,http://lextar.com/?sn=332&lang=en-US,,520
GENERAL MOTORS LLC,https://www.gm.com/our-company/about-gm.html,,352
DHPC TECHNOLOGIES,http://www.dhpctech.com/about/,,245
GENERAL MOTORS LLC,https://www.gm.com/corporate-offers.html,,352
DHPC TECHNOLOGIES,http://www.dhpctech.com/about/overview-history/,,245
PluroGen Therapeutics,http://plurogen.com/about-us/board-of-managers/,,714
Lextar Electronics Corp.,http://lextar.com/?sn=93&lang=en-US,,520
DHPC TECHNOLOGIES,http://www.dhpctech.com/careers/,,245
DHPC TECHNOLOGIES,http://www.dhpctech.com/about/dhpcs-founder/,,245
GENERAL MOTORS LLC,https://www.gm.com/our-company/leadership.html,,352
DHPC TECHNOLOGIES,http://www.dhpctech.com/about/leadership/,,245
GENERAL MOTORS LLC,https://www.gm.com/our-company/social-investment.html,,352
DHPC TECHNOLOGIES,http://www.dhpctech.com/about/commitment-value/,,245
PluroGen Therapeutics,http://plurogen.com/about-us/,,714
PluroGen Therapeutics,http://plurogen.com/about-us/investor-relations/,,714
PluroGen Therapeutics,http://plurogen.com/about-us/the-team/,,714
PluroGen Therapeutics,http://plurogen.com/about-us/about-dr-rodeheaver/,,714
Scientific Design Company,http://scidesign.com/about,,808
PluroGen Therapeutics,http://plurogen.com/about-us/investor-relations/investor-updates/,,714
GENERAL MOTORS LLC,https://www.gm.com/our-stories/community/gm-engineer-guides-award-winning-girls-robotics-team.html,,352
Applied Optoelectronics,http://ao-inc.com/about-our-company/legal,,88
Adobe Systems Incorporated,https://www.adobe.com/creativecloud.html?promoid=CD922NLK&mv=other,,39
Applied Optoelectronics,http://ao-inc.com/about-our-company/management-team,,88
Applied Optoelectronics,http://ao-inc.com/about-our-company/global-compliance,,88
U S MICROPOWER INC,https://micropower-group.com/about/about/,,973
Adobe Systems Incorporated,https://www.adobe.com/about-adobe.html?promoid=2NVQCDBQ&mv=other,,39
Adobe Systems Incorporated,https://www.adobe.com/about-adobe/events.html?promoid=39JWBRNK&mv=other,,39
Adobe Systems Incorporated,https://www.adobe.com/corporate-responsibility/supply-chain.html?promoid=Z9X3FQLZ&mv=other,,39
Kinestral Technologies,https://www.kinestral.com/about/,,499
Meso Scale Technologies,https://www.mesoscale.com/en/our_company/contact_us,,567
Meso Scale Technologies,https://www.mesoscale.com/en/our_company/legal_terms_and_policies/terms_of_use,,567
Meso Scale Technologies,https://www.mesoscale.com/en/our_company/legal_terms_and_policies/privacy_notice,,567
Applied Optoelectronics,http://ao-inc.com/about-our-company,,88
Adobe Systems Incorporated,https://www.adobe.com/corporate-responsibility.html?promoid=322TC14M&mv=other,,39
Novartis AG,https://www.novartis.com/our-company/our-culture-and-values,,643
Applied Optoelectronics,http://ao-inc.com/about-our-company/visit-aoi,,88
Applied Optoelectronics,http://ao-inc.com/about-our-company/board-of-directors,,88
Adobe Systems Incorporated,https://www.adobe.com/creativecloud/business/teams.html?promoid=NYTLR3CX&mv=other,,39
MERCK SHARP & DOHME CORP.,https://www.merck.com/about/home.html,,545
MERCK SHARP & DOHME CORP.,https://www.merck.com/about/our-people/index.html,,545
MERCK SHARP & DOHME CORP.,https://www.merck.com/about/leadership/home.html,,545
MERCK SHARP & DOHME CORP.,https://www.merck.com/about/our-work/oncology.html,,545
Meso Scale Technologies,https://www.mesoscale.com/en/our_company/careers,,567
Meso Scale Technologies,https://www.mesoscale.com/en/our_company/events/search_events,,567
Novartis AG,https://www.novartis.com/our-company/executive-committee,,643
Novartis AG,https://www.novartis.com/our-company/diversity-inclusion,,643
Meso Scale Technologies,https://www.mesoscale.com/en/our_company/news,,567
Meso Scale Technologies,https://www.mesoscale.com/en/our_company,,567
Novartis AG,https://www.novartis.com/our-company/corporate-responsibility,,643
Novartis AG,https://www.novartis.com/our-company/our-strategy,,643
Meso Scale Technologies,https://www.mesoscale.com/en/our_company/your-feedback,,567
Meso Scale Technologies,https://www.mesoscale.com/en/our_company/iso_certification,,567
Novartis AG,https://www.novartis.com/our-company/novartis-oncology,,643
Meso Scale Technologies,https://www.mesoscale.com/en/our_company/careers/company_benefits,,567
Meso Scale Technologies,https://www.mesoscale.com/en/our_company/legal_terms_and_policies,,567
Novartis AG,https://www.novartis.com/privacy-policy,,643
Novartis AG,https://www.novartis.com/our-company/contact-us,,643
Novartis AG,https://www.novartis.com/our-company/board-directors,,643
MERCK SHARP & DOHME CORP.,https://www.merck.com/about/our-work/amr.html,,545
Novartis AG,https://www.novartis.com/our-company,,643
Olympus NDT,https://www.olympus-ims.com/en/resources/webinars/5-things-you-need-to-know-about-surface-metrology/,,660
MERCK SHARP & DOHME CORP.,https://www.merck.com/about/our-history/home.html,,545
Novartis AG,https://www.novartis.com/our-company/novartis-pharmaceuticals,,643
MERCK SHARP & DOHME CORP.,https://www.merck.com/about/our-work/vaccine.html,,545
MERCK SHARP & DOHME CORP.,https://www.merck.com/about/our-work/diabetes.html,,545
MERCK SHARP & DOHME CORP.,https://www.merck.com/about/our-work/index.html,,545
CSEM Centre Suisse d'Electronique et de Microtechnique SA-Recherche et Developpement,https://www.csem.ch/About/History,,178
CSEM Centre Suisse d'Electronique et de Microtechnique SA-Recherche et Developpement,https://www.csem.ch/Vision,,178
CSEM Centre Suisse d'Electronique et de Microtechnique SA-Recherche et Developpement,https://www.csem.ch/About/Start-ups,,178
CSEM Centre Suisse d'Electronique et de Microtechnique SA-Recherche et Developpement,https://www.csem.ch/About/Socialresponsibility,,178
MERCK SHARP & DOHME CORP.,https://www.merck.com/about/our-work/hiv.html,,545
MERCK SHARP & DOHME CORP.,https://www.merck.com/about/perspectives/home.html,,545
ENI S.p.A.,https://www.eni.com/en_IT/company/our-management.page,,281
Medicis Pharmaceutical Corporation,https://www.bauschhealth.com/about-us/our-locations,,566
Saint-Gobain Ceramics & Plastics,https://www.ceramicmaterials.saint-gobain.com/history,,794
Medicis Pharmaceutical Corporation,https://www.bauschhealth.com/about-us/our-mission-vision-and-values,,566
ENI S.p.A.,https://www.eni.com/en_IT/company/company-profile.page,,281
Medicis Pharmaceutical Corporation,https://www.bauschhealth.com/about-us/executive-management-team,,566
ENI S.p.A.,https://www.eni.com/en_IT/company/news-company.page,,281
Medicis Pharmaceutical Corporation,https://www.bauschhealth.com/responsibility/submitting-a-supplier-diversity-profile,,566
ENI S.p.A.,https://www.eni.com/en_IT/investors/risk-management.page,,281
Avery Dennison Corporation,http://www.averydennison.com/en/home/about-us/careers.html,,109
ENI S.p.A.,https://www.eni.com/en_IT/company/eni-history.page,,281
ENI S.p.A.,https://www.eni.com/en_IT/company/governance/by-laws.page,,281
Revivicor,http://revivicor.com/about.html,,753
Avery Dennison Corporation,http://www.averydennison.com/en/home/about-us/values.html,,109
ENI S.p.A.,https://www.eni.com/en_IT/company/governance/eni-model.page,,281
Avery Dennison Corporation,http://www.averydennison.com/en/home/about-us/our-company.html,,109
CSEM Centre Suisse d'Electronique et de Microtechnique SA-Recherche et Developpement,https://www.csem.ch/About,,178
CSEM Centre Suisse d'Electronique et de Microtechnique SA-Recherche et Developpement,https://www.csem.ch/About/Certifications,,178
Avery Dennison Corporation,http://www.averydennison.com/en/home/about-us.html,,109
ENI S.p.A.,https://www.eni.com/en_IT/company.page,,281
Avery Dennison Corporation,http://www.averydennison.com/en/home/about-us/leadership-team.html,,109
ENI S.p.A.,https://www.eni.com/en_IT/company/governance/audit-firm.page,,281
ENI S.p.A.,https://www.eni.com/en_IT/company/fuel-cafe.page,,281
Avery Dennison Corporation,http://www.averydennison.com/en/home/about-us/averydennisonfoundation.html,,109
CSEM Centre Suisse d'Electronique et de Microtechnique SA-Recherche et Developpement,https://www.csem.ch/About/Awards,,178
Avery Dennison Corporation,http://www.averydennison.com/en/home/about-us/avery-dennison-social-media.html,,109
CSEM Centre Suisse d'Electronique et de Microtechnique SA-Recherche et Developpement,https://www.csem.ch/About/Governance,,178
CSEM Centre Suisse d'Electronique et de Microtechnique SA-Recherche et Developpement,https://www.csem.ch/About/Partnerships,,178
ENI S.p.A.,https://www.eni.com/en_IT/company/governance.page,,281
Medicis Pharmaceutical Corporation,https://www.bauschhealth.com/about-us/contact-us,,566
Medicis Pharmaceutical Corporation,https://www.bauschhealth.com/about-us,,566
Medicis Pharmaceutical Corporation,https://www.bauschhealth.com/about-us/who-we-are,,566
Avery Dennison Corporation,http://www.averydennison.com/en/home/about-us/careers/Global-career-search.html,,109
Avery Dennison Corporation,http://www.averydennison.com/en/home/about-us/careers/european-career-search.html,,109
CSEM Centre Suisse d'Electronique et de Microtechnique SA-Recherche et Developpement,https://www.csem.ch/About/MissionVisionStrategy,,178
Avery Dennison Corporation,http://www.averydennison.com/en/home/about-us/reports-and-downloads.html,,109
ACell,https://acell.com/about-us/,,6
Olympus NDT,https://www.olympus-ims.com/en/support/ethics-corporate-compliance/,,660
Olympus NDT,https://www.olympus-ims.com/en/training-academy/about/,,660
Meyer Tool,https://www.meyertool.com/about-us/,,570
Meyer Tool,https://www.meyertool.com/vision-systems/,,570
MANUFACTURING RESOURCES INTERNATIONAL,https://www.resourcemfg.com/about-us/,,539
HOWARD INDUSTRIES,http://beta.howard-ind.com/Power/Home/Responsibility,,399
HOWARD INDUSTRIES,http://beta.howard-ind.com/Power/Home/AboutUs,,399
Olympus NDT,https://www.olympus-ims.com/en/about-us/,,660
Lake Lite,https://www.lakelite.com/profiles-add/,,515
Lake Lite,https://www.lakelite.com/login/?return_url=index.php%3Fdispatch%3Dprofiles.update,,515
Lake Lite,https://www.lakelite.com/about-us/,,515
Neural Signals,http://www.neuralsignals.com/?page_id=29,,624
BASF,https://www.basf.com/us/en/who-we-are/sustainability.html,,114
BASF,https://www.basf.com/us/en/careers.html,,114
Production Resource Group,https://www.prg.com/about-prg/company,,726
Magnolia Optical Technologies,http://magnoliaoptical.com/index.php?rt=about/index,,553
Wave Energy Conversion Corporation of America,https://weccamerica.com/about/,,1014
Advanced Aqua Group,http://aadvancedaqua.com/About-Us.html,,42
ExxonMobil Chemical Patents Inc.,https://www.exxonmobilchemical.com/en/exxonmobil-chemical/about-us,,315
BASF,https://www.basf.com/us/en/media/news-releases.html,,114
BASF,https://www.basf.com/us/en/who-we-are.html,,114
BASF,https://www.basf.com/global/en/media/events/2018/strategy-press-conference.html,,114
Magnolia Optical Technologies,http://magnoliaoptical.com/index.php?rt=about/mgt,,553
Siemens Medical Solutions USA,https://usa.healthcare.siemens.com/corporate-info,,831
Siemens Medical Solutions USA,https://usa.healthcare.siemens.com/about-us/leading-the-way-in-pama-readiness,,831
Siemens Medical Solutions USA,https://usa.healthcare.siemens.com/about-us/compliance,,831
Magnolia Optical Technologies,http://magnoliaoptical.com/index.php?rt=about/contact,,553
Elenion Technologies,https://elenion.com/team/,,298
ExxonMobil Chemical Patents Inc.,https://www.exxonmobilchemical.com/en/,,315
BASF,https://www.basf.com/us/en/media/multimedia.html,,114
BASF,https://www.basf.com/us/en/media.html,,114
BASF,https://www.basf.com/us/en/who-we-are/innovation.html,,114
Magnolia Optical Technologies,http://magnoliaoptical.com/index.php?rt=about/vision,,553
Siemens Medical Solutions USA,https://usa.healthcare.siemens.com/point-of-care-testing/chronic-disease-management,,831
Magnolia Optical Technologies,http://magnoliaoptical.com/index.php?rt=about/strategy,,553
Elenion Technologies,https://elenion.com/summary/,,298
Siemens Medical Solutions USA,https://usa.healthcare.siemens.com/about,,831
HAMAMATSU PHOTONICS K.K.,https://www.hamamatsu.com/jp/en/our-company/csr/index.html,,393
HAMAMATSU PHOTONICS K.K.,https://www.hamamatsu.com/jp/en/our-company/about-crl/index.html,,393
Siemens Medical Solutions USA,https://usa.healthcare.siemens.com/healthineers-population-health-management,,831
HAMAMATSU PHOTONICS K.K.,https://www.hamamatsu.com/jp/en/our-company/at-a-glance/index.html,,393
HAMAMATSU PHOTONICS K.K.,https://www.hamamatsu.com/jp/en/our-company/index.html,,393
Life Technologies Corporation,https://www.thermofisher.com/us/en/home/life-science/lab-data-management-analysis-software/lab-apps/cell-staining-tool.html,,521
Life Technologies Corporation,https://www.thermofisher.com/us/en/home/life-science/lab-data-management-analysis-software/lab-apps.html,,521
Life Technologies Corporation,https://www.thermofisher.com/us/en/home/about-us/events.html,,521
Life Technologies Corporation,https://www.thermofisher.com/us/en/home/about-us/corporate-social-responsibility.html,,521
BROADCOM CORPORATION,https://www.broadcom.com/company/news/,,119
BROADCOM CORPORATION,https://www.broadcom.com/,,119
Life Technologies Corporation,https://www.thermofisher.com/us/en/home/about-us/partnering-licensing/oem-commercial-supply.html,,521
Life Technologies Corporation,https://www.thermofisher.com/us/en/home/about-us/partnering-licensing.html,,521
BROADCOM CORPORATION,https://www.broadcom.com/company/about-us/,,119
BROADCOM CORPORATION,https://www.broadcom.com/company/contact/,,119
Gram Power,https://grampower.com/about-us/join-us.html,,382
HAMAMATSU PHOTONICS K.K.,https://www.hamamatsu.com/jp/en/our-company/our-philosophy/index.html,,393
HAMAMATSU PHOTONICS K.K.,https://www.hamamatsu.com/jp/en/our-company/history/index.html,,393
Lintec Corporation,http://www.lintec-global.com/about/motto/,,524
Lintec Corporation,http://www.lintec-global.com/about/,,524
Lintec Corporation,http://www.lintec-global.com/about/overview/,,524
Kulite Semiconductor Products,https://www.kulite.com/company/,,506
NanoGram Corporation,http://www.nanogram.com/home/,,602
Lintec Corporation,http://www.lintec-global.com/about/country/japan.html,,524
Lintec Corporation,http://www.lintec-global.com/about/country/eme.html,,524
Kulite Semiconductor Products,https://www.kulite.com/company/events/,,506
Kulite Semiconductor Products,https://www.kulite.com/company/mission-statement/,,506
Kulite Semiconductor Products,https://www.kulite.com/company/community-engagement/,,506
Kulite Semiconductor Products,https://www.kulite.com/company/history/,,506
Thorlabs,https://www.thorlabs.com/,,950
Sigma-Aldrich Co. LLC,https://www.sigmaaldrich.com/,,833
Life Technologies Corporation,https://www.thermofisher.com/us/en/home/life-science/lab-data-management-analysis-software.html,,521
Life Technologies Corporation,https://www.thermofisher.com/us/en/home/life-science/lab-data-management-analysis-software/enterprise-level-lab-informatics.html,,521
Life Technologies Corporation,https://www.thermofisher.com/us/en/home/life-science/sample-storage-management.html,,521
BROADCOM CORPORATION,https://www.broadcom.com/company/careers/,,119
Gram Power,https://grampower.com/about-us/about-us.html,,382
Esolar,http://esolar.solar/about,,309
Gram Power,https://grampower.com/about-us/our-team.html,,382
Lintec Corporation,http://www.lintec-global.com/about/message/,,524
Lintec Corporation,http://www.lintec-global.com/about/history/,,524
Lintec Corporation,http://www.lintec-global.com/ir/management/,,524
Lintec Corporation,http://www.lintec-global.com/about/brochure/book/,,524
Kulite Semiconductor Products,https://www.kulite.com/company/news/,,506
Lintec Corporation,http://www.lintec-global.com/about/country/americas.html,,524
Lintec Corporation,http://www.lintec-global.com/about/network/,,524
Kulite Semiconductor Products,https://www.kulite.com/company/contact-info/,,506
Kulite Semiconductor Products,https://www.kulite.com/company/customer-resources/,,506
Kulite Semiconductor Products,https://www.kulite.com/company/corporate-responsibility/,,506
Kulite Semiconductor Products,https://www.kulite.com/company/supplier-code-of-conduct/,,506
SOLAZYME,http://solazyme.com/,,783
