firm_name,url,is_about
22nd Century Limited,http://www.xxiicentury.com/our-management/,0.0
22nd Century Limited,http://www.xxiicentury.com/history/,1.0
22nd Century Limited,http://www.xxiicentury.com/,1.0
22nd Century Limited,http://www.xxiicentury.com/profile/,1.0
3M Innovative Properties Company,https://www.3m.com/3M/en_US/company-us/partners-suppliers/,0.0
3M Innovative Properties Company,https://www.3m.com/,0.0
3M Innovative Properties Company,https://www.3m.com/3M/en_US/company-us/site-map/,0.0
3M Innovative Properties Company,https://www.3m.com/3M/en_US/company-us/about-3m/,1.0
3M Innovative Properties Company,https://www.3m.com/3M/en_US/home-improvement-us/,0.0
3M Innovative Properties Company,https://www.3m.com/3M/en_US/company-us/SDS-search/,0.0
3M Innovative Properties Company,https://www.3m.com/3M/en_US/company-us/patent/,0.0
3M Innovative Properties Company,https://www.3m.com/3M/en_US/company-us/help-center/,0.0
ACACIA RESEARCH GROUP,http://acaciaresearch.com/corporate-governance/,0.0
ACACIA RESEARCH GROUP,http://acaciaresearch.com/history/,0.0
ACACIA RESEARCH GROUP,http://acaciaresearch.com/corporate-profile/,1.0
AGFA-GEVAERT NV,https://www.agfa.com/corporate/press/,0.0
AGFA-GEVAERT NV,https://www.agfa.com/corporate/,0.0
AGFA-GEVAERT NV,http://agfa.com/corporate/about-us/technology/,1.0
AGFA-GEVAERT NV,http://agfa.com/corporate/press/,0.0
AGFA-GEVAERT NV,http://agfa.com/corporate/about-us/history/,1.0
AGFA-GEVAERT NV,http://agfa.com/corporate/contact/,0.0
AGFA-GEVAERT NV,https://www.agfa.com/corporate/contact/,0.0
AGFA-GEVAERT NV,https://www.agfa.com/corporate/faq/,0.0
ALGETERNAL TECHNOLOGIES,https://algeternal.com/,1.0
ASML Netherlands BV,https://www.asml.com/company/who-we-are/en/s277?rid=51980,1.0
ASML Netherlands BV,https://www.asml.com/company/organization/en/s277?rid=51984,1.0
ASML Netherlands BV,https://www.asml.com/company/in-a-nutshell/en/s277?rid=51978,1.0
ASML Netherlands BV,https://www.asml.com/company/all-our-stories/en/s223?rid=57263,0.0
ASML Netherlands BV,https://www.asml.com/company/faq/en/s32894,0.0
ASML Netherlands BV,https://www.asml.com/company/company-calendar/en/s32775,0.0
ASML Netherlands BV,https://www.asml.com/company/management/en/s233,0.0
ASML Netherlands BV,https://www.asml.com/company/what-we-do/en/s277?rid=51981,1.0
ASML Netherlands BV,https://www.asml.com/company/why-we-exist/en/s277?rid=51983,1.0
ASML Netherlands BV,https://www.asml.com/company/how-we-do-it/en/s277?rid=51979,1.0
ASML Netherlands BV,https://www.asml.com/company/our-history/en/s277?rid=51985,1.0
AVI BioPharma,https://www.sarepta.com/,0.0
AVI BioPharma,https://www.sarepta.com/our-team/working-sarepta,0.0
AVI BioPharma,https://www.sarepta.com/company/senior-leadership,0.0
AVI BioPharma,https://www.sarepta.com/company/strategic-partnerships,0.0
AVI BioPharma,https://www.sarepta.com/company/board-directors,0.0
AVI BioPharma,https://www.sarepta.com/our-team/career-opportunities,0.0
AVI BioPharma,https://www.sarepta.com/our-company,1.0
AVI BioPharma,https://www.sarepta.com/join-our-team,0.0
AVI BioPharma,https://www.sarepta.com/company/locations,0.0
AVOGY,https://nexgenpowersystems.com/management/,0.0
AVOGY,https://nexgenpowersystems.com/about/,1.0
AVOGY,https://nexgenpowersystems.com/contact/,0.0
Abbott Molecular,https://www.molecular.abbott/us/en/about-us/contact,0.0
Abbott Molecular,https://www.molecular.abbott/us/en/about-us/who-we-are,1.0
Abbott Point of Care,https://www.pointofcare.abbott/us/en/about-us/benefits-of-point-of-care-testing,0.0
Abbott Point of Care,https://www.pointofcare.abbott/us/en/about-us/locations,0.0
Abbott Point of Care,https://www.pointofcare.abbott/us/en/about-us/phone-numbers,0.0
Abbott Point of Care,https://www.pointofcare.abbott/us/en/about-us/careers,0.0
Abbott Point of Care,https://www.pointofcare.abbott/us/en/about-us/contact-us,0.0
Adlens Beacon,https://adlens.com/,1.0
Advanced Analogic Technologies,http://analogictech.com/About.aspx,1.0
Agienic,http://agienic.com/about/management,0.0
Agienic,http://agienic.com/about/company,1.0
Agienic,http://agienic.com/about/partners,0.0
Agienic,http://agienic.com/95-corporate,0.0
Allertein Therapeutics,https://www.allergytherapeutics.com/investors/corporate-governance/our-board-and-its-committees/,0.0
Allertein Therapeutics,https://www.allergytherapeutics.com/about-us/how-we-create-value/,1.0
Allertein Therapeutics,https://www.allergytherapeutics.com/investors/corporate-governance/,0.0
Allertein Therapeutics,https://www.allergytherapeutics.com/investors/corporate-governance/board-of-directors/,0.0
Allertein Therapeutics,https://www.allergytherapeutics.com/about-us/overview/,1.0
Allertein Therapeutics,https://www.allergytherapeutics.com/about-us/our-markets/,1.0
Allertein Therapeutics,https://www.allergytherapeutics.com/about-us/mission-and-vision/,1.0
Allertein Therapeutics,https://www.allergytherapeutics.com/careers/career-vacancies/,0.0
Allison Transmission,https://allisontransmission.com/company/centennial,1.0
Allison Transmission,https://allisontransmission.com/careers/our-values,1.0
Allison Transmission,https://allisontransmission.com/company,1.0
Allison Transmission,https://allisontransmission.com/careers/meet-our-team,0.0
Allison Transmission,https://allisontransmission.com/company/newsroom,0.0
Allison Transmission,https://allisontransmission.com/company/media-gallery,0.0
Allison Transmission,https://allisontransmission.com/company/certifications,0.0
Allison Transmission,https://allisontransmission.com/company/corporate-leadership,0.0
Allison Transmission,https://allisontransmission.com/company/ceo-message,0.0
Allison Transmission,https://allisontransmission.com/company/history-heritage,0.0
Allison Transmission,https://allisontransmission.com/company/about,1.0
Altex Technologies,http://altextech.com/about.html,1.0
Amberwave,http://amberwave.com/about.html,1.0
Amgen Fremont,https://www.amgen.com/about/how-we-operate/,1.0
Amgen Fremont,https://www.amgen.com/about/how-we-operate/corporate-governance/,1.0
Amgen Fremont,https://www.amgen.com/about/how-we-operate/business-ethics-and-compliance/,1.0
Amgen Fremont,https://www.amgen.com/science/clinical-trials/about-clinical-trials/,0.0
Amgen Fremont,https://www.amgen.com/about/leadership/,0.0
Amgen Fremont,https://www.amgen.com/about/mission-and-values/,1.0
Amgen Fremont,https://www.amgen.com/about/awards-and-accolades/,1.0
Amgen Fremont,https://www.amgen.com/about/how-we-operate/policies-practices-and-disclosures/,1.0
Amgen Fremont,https://www.amgen.com/media/featured-news/2018/11/how-amgen-svp-of-hr-lori-johnston-manages-the-companys-most-important-asset/,0.0
Amgen Fremont,https://www.amgen.com/about/,1.0
Amgen Fremont,https://www.amgen.com/about/quick-facts/,1.0
Amicus Therapeutics,https://www.amicusrx.com/about-us/belief-statement/,1.0
Amicus Therapeutics,https://www.amicusrx.com/about-us/message-from-bio/,0.0
Amicus Therapeutics,https://www.amicusrx.com/responsibility/corporate-giving/,0.0
Amicus Therapeutics,https://www.amicusrx.com/about-us/welcome-from-chairman-ceo/,0.0
Amicus Therapeutics,https://www.amicusrx.com/about-us/contact-us/global-locations/,0.0
Amicus Therapeutics,https://www.amicusrx.com/about-us/,1.0
Amicus Therapeutics,https://www.amicusrx.com/about-us/contact-us/,0.0
Amicus Therapeutics,https://www.amicusrx.com/about-us/leadership/,0.0
Amtech Systems,http://amtechsystems.com/profile.htm,1.0
Andritz,https://www.andritz.com/group-en/about-us/gr-quality,1.0
Andritz,https://www.andritz.com/group-en/about-us/suppliers,0.0
Andritz,https://www.andritz.com/group-en/about-us/suppliers/help,0.0
Andritz,https://www.andritz.com/group-en/about-us,1.0
Andritz,https://www.andritz.com/careers-en,0.0
Andritz,https://www.andritz.com/group-en/investors/corporate-bonds,0.0
Andritz,https://www.andritz.com/group-en/about-us/gr-history,1.0
Andritz,https://www.andritz.com/group-en/about-us/gr-manufacturing,1.0
Andritz,https://www.andritz.com/group-en/about-us/suppliers/portal,0.0
Andritz,https://www.andritz.com/group-en/about-us/gr-company-boards,0.0
Andritz,https://www.andritz.com/group-en,0.0
Angiotech Pharmaceuticals (US),http://angiotech.com/about/itemlist/category/59-come-see-us,0.0
Angiotech Pharmaceuticals (US),http://angiotech.com/about,1.0
Angiotech Pharmaceuticals (US),http://angiotech.com/about/itemlist/category/5-corporate-profile,1.0
Applied Materials,http://www.appliedmaterials.com/company/news/events,0.0
Applied Materials,http://www.appliedmaterials.com/company/collaboration,0.0
Applied Materials,http://www.appliedmaterials.com/company/careers/jobs,0.0
Applied Materials,http://www.appliedmaterials.com/company/applied-ventures,0.0
Applied Materials,http://www.appliedmaterials.com/company/about/our-story,1.0
Applied Materials,http://www.appliedmaterials.com/company/about,1.0
Applied Materials,http://www.appliedmaterials.com/company/news-media,0.0
Applied Materials,http://www.appliedmaterials.com/company/careers,0.0
Applied Materials,http://www.appliedmaterials.com/company/contact,0.0
Applied Materials,http://www.appliedmaterials.com/company/about/leadership,0.0
Archer Daniels Midland Company,https://www.adm.com/our-company/community-giving,0.0
Archer Daniels Midland Company,https://www.adm.com/our-company/procurement,1.0
Archer Daniels Midland Company,https://www.adm.com/our-company/associations,0.0
Archer Daniels Midland Company,https://www.adm.com/our-company/senior-leadership,0.0
Archer Daniels Midland Company,https://www.adm.com/our-company/history,1.0
Archer Daniels Midland Company,https://www.adm.com/our-company,1.0
Archer Daniels Midland Company,https://www.adm.com/careers/values-vision,1.0
Archer Daniels Midland Company,https://www.adm.com/our-company/adm-facts,1.0
Archer Daniels Midland Company,https://www.adm.com/investors/corporate-governance,0.0
Archer Daniels Midland Company,https://www.adm.com/our-company/us-political-contributions,0.0
Archer Daniels Midland Company,https://www.adm.com/our-company/the-adm-way/code-of-conduct,0.0
Arkema,https://www.arkema.com/en/social-responsibility/vision-and-strategy/,1.0
Arkema,https://www.arkema.com/en/arkema-group/profile/,1.0
Arkema,https://www.arkema.com/en/innovation/water-management/,0.0
Arkema,https://www.arkema.com/en/investor-relations/arkema-share/share-profile/,0.0
Arkema,https://www.arkema.com/en/arkema-group/governance/executive-committee/,0.0
Arkema,https://www.arkema.com/en/careers/working-at-arkema/career-management-/,0.0
Arkema,https://www.arkema.com/en/investor-relations/corporate-governance/compensation/,0.0
Arkema,https://www.arkema.com/en/investor-relations/corporate-governance/specialized-committees/,0.0
Arkema,https://www.arkema.com/en/social-responsibility/vision-and-strategy/materiality-analysis/,1.0
Arkema,https://www.arkema.com/en/investor-relations/corporate-governance/board-of-directors/,0.0
AstenJohnson,https://www.astenjohnson.com/about/,1.0
AstenJohnson,https://www.astenjohnson.com/about/news/,0.0
AstenJohnson,https://www.astenjohnson.com/about/our-companies/,1.0
AstenJohnson,https://www.astenjohnson.com/about/history/,1.0
AstenJohnson,https://www.astenjohnson.com/about/leadership/,0.0
AstenJohnson,https://www.astenjohnson.com/about/sustainability/,0.0
AstenJohnson,https://www.astenjohnson.com/about/news/press-release-astenjohnson-announces-a-price-increase-for-paper-machine-clothing-fabrics-in-north-america-effective-november-1-2018/,0.0
AstenJohnson,https://www.astenjohnson.com/about/news/astenjohnson-asia-establishes-a-pulp-papermaking-scholarship/,0.0
AstenJohnson,https://www.astenjohnson.com/about/contact/,0.0
Atom Nanoelectronics,http://www.atomoe.com/team.html,0.0
Atom Nanoelectronics,http://www.atomoe.com/about.html,1.0
BRIGHTLEAF TECHNOLOGIES,http://www.brightleafpower.com/values/,1.0
BRIGHTLEAF TECHNOLOGIES,http://www.brightleafpower.com/about-us/,1.0
BRIGHTLEAF TECHNOLOGIES,http://www.brightleafpower.com/innovation/,1.0
BRIGHTLEAF TECHNOLOGIES,http://www.brightleafpower.com/executive-leadership/,0.0
Baker Hughes,https://www.bhge.com/our-company,1.0
Baker Hughes,https://www.bhge.com/annualreport/company-portfolio.html?utm_campaign=AR&utm_content=Dig&utm_medium=card&utm_source=bhge,0.0
Baker Hughes,https://www.bhge.com/,0.0
Baxter Healthcare SA,https://www.baxter.com/our-story/our-history,1.0
Baxter Healthcare SA,https://www.baxter.com/our-story/corporate-responsibility,0.0
Baxter Healthcare SA,https://www.baxter.com/our-story,1.0
Baxter Healthcare SA,https://www.baxter.com/perspectives/patients-stories/remote-patient-management-gives-peritoneal-dialysis-patient-peace,0.0
Biocon Limited,http://biocon.com/biocon_aboutus_factsheet.asp,1.0
Biocon Limited,http://biocon.com/biocon_aboutus.asp,1.0
Biocon Limited,http://biocon.com/biocon_press_kmprofile.asp?subLink=down,0.0
Biocon Limited,https://www.biocon.com/biocon_aboutus_biomalaysia.asp,0.0
Biocon Limited,http://biocon.com/220918_Biocon_Company_Statement_SE.asp,0.0
Biocon Limited,http://biocon.com/biocon_aboutus_businesses.asp,1.0
Biocon Limited,http://biocon.com/biocon_press_media_bioprofile.asp?subLink=down,0.0
Biocon Limited,https://www.biocon.com/301118_Biocon_Company_Statement_SE.asp,0.0
Bostik,https://www.bostik.com/our-company/about-arkema/,1.0
Bostik,https://www.bostik.com/our-company/,1.0
Braun Intertec Geothermal,https://braunintertec.com/about-us/awards/,1.0
Braun Intertec Geothermal,https://braunintertec.com/about-us/history/,1.0
Braun Intertec Geothermal,https://braunintertec.com/about-us/safety-quality-certifications/,0.0
Braun Intertec Geothermal,https://braunintertec.com/about-us/community-engagement/,0.0
Braun Intertec Geothermal,https://braunintertec.com/about-us/fleet-equipment/,0.0
Braun Intertec Geothermal,https://braunintertec.com/about-us/leadership/,0.0
Braun Intertec Geothermal,https://braunintertec.com/about-us/,1.0
Brookhaven Science Associates,http://bsa-hq.org/about/about.php,1.0
Brookhaven Science Associates,http://bsa-hq.org/about/board.php,0.0
Brookhaven Science Associates,http://bsa-hq.org/,0.0
Brookhaven Science Associates,http://bsa-hq.org/about/committee.php,0.0
Brookhaven Science Associates,http://www.bsa-hq.org/contract.php,0.0
Butamax(TM) Advanced Biofuels,http://www.butamax.com/biofuel-company.aspx,1.0
CI4 Technologies,http://ci4.us/infosci-cautions-federal-lawmakers-about-security-vulnerabilities-in-distributed-ledger-technology/,0.0
CI4 Technologies,http://ci4.us/about,1.0
CMC ICOS BIOLOGICS,http://www.agcbio.com/about_us,1.0
CMC ICOS BIOLOGICS,http://www.agcbio.com/about/environmental_policy,1.0
CMC ICOS BIOLOGICS,http://www.agcbio.com/joinourteam/usa_careers,0.0
CMC ICOS BIOLOGICS,http://www.agcbio.com/about/executive_management,0.0
CMC ICOS BIOLOGICS,http://www.agcbio.com/about/our_history,1.0
CMC ICOS BIOLOGICS,http://www.agcbio.com/joinourteam/our_benefits,0.0
CMC ICOS BIOLOGICS,http://www.agcbio.com/join_our_team,0.0
CMC ICOS BIOLOGICS,http://www.agcbio.com/joinourteam/copenhagen_careers,0.0
CMC ICOS BIOLOGICS,http://www.agcbio.com/joinourteam/heidelberg_careers_agc,0.0
COOK MEDICAL TECHNOLOGIES,https://www.cookmedical.com/about/history/,1.0
COOK MEDICAL TECHNOLOGIES,https://www.cookmedical.com/lead-management/,0.0
COOK MEDICAL TECHNOLOGIES,https://www.cookmedical.com/about/,1.0
COOK MEDICAL TECHNOLOGIES,https://www.cookmedical.com/about/ethics-compliance/,1.0
COOK MEDICAL TECHNOLOGIES,https://www.cookmedical.com/about/ethics-compliance/human-rights-statement/,0.0
COOK MEDICAL TECHNOLOGIES,https://www.cookmedical.com/about/mission-and-values/,1.0
COOK MEDICAL TECHNOLOGIES,https://www.cookmedical.com/about/sustainability-environmental-practices/,0.0
COOK MEDICAL TECHNOLOGIES,https://www.cookmedical.com/about/diversity-inclusion/,0.0
Cadence Design Systems,https://www.cadence.com/content/cadence-www/global/en_US/home/company/culture.html,1.0
Cadence Design Systems,https://www.cadence.com/content/cadence-www/global/en_US/home/company/careers.html,0.0
Cadence Design Systems,https://www.cadence.com/content/cadence-www/global/en_US/home/company/executive-team.html,0.0
Cadence Design Systems,https://www.cadence.com/content/cadence-www/global/en_US/home/company/newsroom.html,0.0
Cadence Design Systems,https://www.cadence.com/content/cadence-www/global/en_US/home/company/investors.html,0.0
Cadence Design Systems,https://www.cadence.com/content/cadence-www/global/en_US/home/company/customers.html,0.0
Cadence Design Systems,https://www.cadence.com/content/cadence-www/global/en_US/home/company/contact-us.html,0.0
Cadence Design Systems,https://www.cadence.com/content/cadence-www/global/en_US/home/company/u-s-trademarks.html,0.0
Cadence Design Systems,https://www.cadence.com/content/cadence-www/global/en_US/home/company.html,1.0
Cadence Design Systems,https://www.cadence.com/content/cadence-www/global/en_US/home/company/board-of-directors.html,0.0
Calysta,http://calysta.com/company/locations/,0.0
Calysta,http://calysta.com/company/investors/,0.0
Calysta,http://calysta.com/company/advisory-board/,0.0
Calysta,http://calysta.com/company/,1.0
Calysta,http://calysta.com/company/board/,0.0
Calysta,http://calysta.com/company/management/,0.0
Calysta,http://calysta.com/calysta-and-uk-partners-win-icheme-global-team-award-for-excellence-from-institution-of-chemical-engineers/,0.0
Canon Kabushiki Kaisha,https://global.canon/en/corporate/,1.0
Canon Kabushiki Kaisha,https://global.canon/en/csr/management/,0.0
Canon Kabushiki Kaisha,https://global.canon/en/about/,1.0
Canon Kabushiki Kaisha,https://global.canon/en/csr/message/,0.0
Canon Kabushiki Kaisha,https://global.canon/en/corporate/pdf/,0.0
Canon Kabushiki Kaisha,https://global.canon/en/csr/policy/,0.0
Canon Kabushiki Kaisha,https://global.canon/ctc/,0.0
Canon Kabushiki Kaisha,https://global.canon/en/ir/strategies/,0.0
Canon Kabushiki Kaisha,https://global.canon/en/vision/,1.0
Canon Kabushiki Kaisha,https://global.canon/en/about/index.html,1.0
Canon Kabushiki Kaisha,https://global.canon/en/corporate/logo/,0.0
Chemtreat,http://www.chemtreat.com/about/,1.0
Chemtreat,http://www.chemtreat.com/about/environmental-health-safety-policy/,0.0
Chemtreat,https://www.chemtreat.com/applications/boiler-water-treatment/,0.0
Chevron Phillips Chemical Company LP,http://www.cpchem.com/en-us/news/Pages/QA-.aspx,0.0
Chevron Phillips Chemical Company LP,http://www.cpchem.com/en-us/company/pages/default.aspx,1.0
Chevron Phillips Chemical Company LP,http://www.cpchem.com/en-us/company/pages/ownerinformation.aspx,0.0
Chevron Phillips Chemical Company LP,http://www.cpchem.com/en-us/company/pages/glossary.aspx,0.0
Chevron Phillips Chemical Company LP,http://www.cpchem.com/en-us/company/pages/faq.aspx,0.0
Chevron Phillips Chemical Company LP,http://www.cpchem.com/en-us/company/loc/Pages/Default.aspx,0.0
Chevron Phillips Chemical Company LP,http://www.cpchem.com/en-us/company/pages/hqvisitors.aspx,0.0
Chevron Phillips Chemical Company LP,http://www.cpchem.com/en-us/Pages/default.aspx,0.0
Chevron Phillips Chemical Company LP,http://www.cpchem.com/en-us/company/diversity/pages/default.aspx,0.0
Christie Digital Systems,https://www.christiedigital.com/en-us/about-christie/cookie-notice,0.0
Christie Digital Systems,https://www.christiedigital.com/en-us/about-christie/terms-and-conditions,0.0
Christie Digital Systems,https://www.christiedigital.com/en-us/about-christie,1.0
Christie Digital Systems,https://www.christiedigital.com/en-us/about-christie/careers,0.0
Christie Digital Systems,https://www.christiedigital.com/en-us/about-christie/sustainability,0.0
Christie Digital Systems,https://www.christiedigital.com/en-us,0.0
Christie Digital Systems,https://www.christiedigital.com/en-us/about-christie/contact-us,0.0
Christie Digital Systems,https://www.christiedigital.com/en-us/about-christie/news-room,0.0
Christie Digital Systems,https://www.christiedigital.com/en-us/about-christie/executive-profiles,0.0
Christie Digital Systems,https://www.christiedigital.com/en-us/about-christie/privacy-policy,0.0
Christie Digital Systems,https://www.christiedigital.com/en-us/about-christie/christie-locations,0.0
Coloplast A/S,https://www.coloplast.us/about-us/,1.0
Coloplast A/S,https://www.coloplast.us/,0.0
Coloplast A/S,https://www.coloplast.us/about-us/press/,0.0
Coloplast A/S,https://www.coloplast.us/about-us/coloplast-careers/,0.0
Coloplast A/S,https://www.coloplast.us/about-us/contact/,0.0
Coloplast A/S,https://www.coloplast.us/about-us/our-company/coloplast_history/,1.0
Coloplast A/S,https://www.coloplast.us/about-us/our-company/,1.0
Coloplast A/S,https://www.coloplast.us/about-us/our-company/corporate-responsibility/,0.0
Coloplast A/S,https://www.coloplast.us/about-us/coloplast_samples/Catheter_Set_SpeediCath_Compact_Set_Samples/,0.0
Coloplast A/S,https://www.coloplast.us/about-us/our-company/Mission-and-Values/,1.0
Combined Energies,http://combined-energies.com/about-us,1.0
Cook Biotech,https://www.cookbiotech.com/about/,1.0
Cristal USA,http://www.cristal.com/about-us/Pages/global-reach.aspx,0.0
Cristal USA,http://www.cristal.com/about-us/Pages/community.aspx,0.0
Cristal USA,http://www.cristal.com/about-us/Pages/default.aspx,1.0
Cristal USA,http://www.cristal.com/chinese/Pages/about.aspx,1.0
Cristal USA,http://www.cristal.com/about-us/Pages/site-locations.aspx,0.0
Cristal USA,http://www.cristal.com/about-us/Pages/Code-of-Conduct.aspx,0.0
Cristal USA,http://www.cristal.com/news-room/Pages/publications.aspx,0.0
Cristal USA,http://www.cristal.com/about-us/Pages/Cristal-Vision.aspx,1.0
Cristal USA,http://www.cristal.com/about-us/Pages/research-technology.aspx,1.0
Crystal Solar,http://xtalsolar.com/company.html,1.0
Custom Electronics,https://www.customelec.com/company,1.0
Custom Electronics,https://www.customelec.com/team-cei,0.0
Custom Electronics,https://www.customelec.com/copy-of-team-cei,0.0
Custom Electronics,https://www.customelec.com/copy-of-company,1.0
Cyberonics,https://www.livanova.com/en-US/Home/About-Us/Our-Ethics.aspx,0.0
Cyberonics,https://livanova.cyberonics.com/,0.0
Cyberonics,https://livanova.cyberonics.com/about,1.0
Cyberonics,https://livanova.cyberonics.com/about/corporate-governance,0.0
DRS Network & Imaging Systems,https://leonardodrs.com/careers/,0.0
DRS Network & Imaging Systems,https://www.leonardodrs.com/about-us/ethics/,1.0
DRS Network & Imaging Systems,https://www.leonardodrs.com/about-us/,1.0
DRS Network & Imaging Systems,https://www.leonardodrs.com/about-us/management-team/,0.0
DRS Network & Imaging Systems,https://www.leonardodrs.com/about-us/thought-leadership/,1.0
DRS Network & Imaging Systems,https://www.leonardodrs.com/about-us/our-structure/,1.0
DRS Network & Imaging Systems,https://www.leonardodrs.com/about-us/in-the-community/,0.0
DRS Network & Imaging Systems,https://leonardodrs.com/about-us/management-team/bill-lynn-s-corner/,0.0
DRS Network & Imaging Systems,https://www.leonardodrs.com/about-us/sustainability/,0.0
DRS Network & Imaging Systems,https://www.leonardodrs.com/about-us/investors/,0.0
Da Yu Enterprises,http://dayuenterprises.com/Management.html,0.0
Da Yu Enterprises,http://dayuenterprises.com/About_Us.html,1.0
Delta Electronics,http://www.deltaww.com/ir/services.aspx?secID=4&pid=10&tid=0&hl=en-US,0.0
Delta Electronics,http://www.deltaww.com/about/brand.aspx?secID=5&pid=2&tid=0&hl=en-US,0.0
Delta Electronics,http://www.deltaww.com/about/company.aspx?secID=5&pid=0&tid=0&hl=en-US,1.0
Delta Electronics,http://www.deltaww.com/ir/governance.aspx?secID=4&pid=6&tid=0&hl=en-US,0.0
Delta Electronics,http://www.deltaww.com/about/grouplink.aspx?secID=5&pid=7&tid=0&hl=en-US,0.0
Delta Electronics,http://www.deltaww.com/about/innovation2.aspx?secID=5&pid=4&tid=0&hl=en-US,1.0
Delta Electronics,http://www.deltaww.com/about/milestone.aspx?secID=5&pid=5&tid=0&hl=en-US,1.0
Delta Electronics,http://www.deltaww.com/about/operations.aspx?secID=5&pid=3&tid=0&hl=en-US,0.0
Delta Electronics,http://www.deltaww.com/about/csr_Report.aspx?secID=5&pid=6&tid=9&hl=en-US,0.0
Delta Electronics,http://www.deltaww.com/about/csr_features_eng.aspx?secID=5&pid=6&tid=0&hl=en-US,0.0
Delta Electronics,http://www.deltaww.com/about/leadership.aspx?secID=5&pid=1&tid=0&hl=en-US,0.0
Dialogic,https://www.dialogic.com/company,1.0
Dialogic,https://www.dialogic.com/company/awards,1.0
Dialogic,https://www.dialogic.com/profile/login-help,0.0
Dialogic,https://www.dialogic.com/company/quality,0.0
Dialogic,https://www.dialogic.com/company/cookies,0.0
Dialogic,https://www.dialogic.com/company/privacy,0.0
Dialogic,https://www.dialogic.com/company/socialmedia,0.0
Dialogic,https://www.dialogic.com/about-us,1.0
Dialogic,https://www.dialogic.com/company/terms-of-use,0.0
Dialogic,https://www.dialogic.com/company?sc_lang=fr-fr,0.0
Dialogic,https://www.dialogic.com/company/executive-team,0.0
ECOSYNTHETIX,http://ecosynthetix.com/about-us,1.0
ECOSYNTHETIX,http://ecosynthetix.com/about-us/our-sustainability,0.0
ENI SpA,https://www.eni.com/en_IT/company/our-management.page,0.0
ENI SpA,https://www.eni.com/en_IT/company/company-profile.page,1.0
ENI SpA,https://www.eni.com/en_IT/company/news-company.page,0.0
ENI SpA,https://www.eni.com/en_IT/investors/risk-management.page,1.0
ENI SpA,https://www.eni.com/en_IT/company/eni-history.page,1.0
ENI SpA,https://www.eni.com/en_IT/company/governance/by-laws.page,0.0
ENI SpA,https://www.eni.com/en_IT/company/governance/eni-model.page,0.0
ENI SpA,https://www.eni.com/en_IT/company.page,1.0
ENI SpA,https://www.eni.com/en_IT/company/governance/audit-firm.page,0.0
ENI SpA,https://www.eni.com/en_IT/company/fuel-cafe.page,0.0
ENI SpA,https://www.eni.com/en_IT/company/governance.page,0.0
ESCAPE THERAPEUTICS,http://escapetherapeutics.com/overview.html,1.0
ESCAPE THERAPEUTICS,http://escapetherapeutics.com/mission.html,1.0
ESCAPE THERAPEUTICS,http://escapetherapeutics.com/management.html,0.0
Ecovative Design,http://ecovativedesign.com/team?ref=footer,0.0
Ecovative Design,http://ecovativedesign.com/,1.0
Ecovative Design,http://ecovativedesign.com/team,0.0
Element One,http://elementonescreens.com/element-one/vision/,1.0
Element One,http://elementonescreens.com/element-one/team/,0.0
Element One,http://elementonescreens.com/unser-vertriebsteam-sucht-verstaerkung/,0.0
Englewood Lab,http://englewoodlab.com/about-us/history/,1.0
Englewood Lab,http://englewoodlab.com/about-us/,1.0
Envision Solar,http://www.envisionsolar.com/about-envision-solar/,1.0
Envisionit,https://www.envisionit.com/about-us/our-people,0.0
Envisionit,https://www.envisionit.com/about-us/our-process,1.0
Envisionit,https://www.envisionit.com/about-us/blogs,0.0
Envisionit,https://www.envisionit.com/about-us/our-partners,0.0
Envisionit,https://www.envisionit.com/about-us/our-microsoft-partnership,0.0
Envisionit,https://www.envisionit.com/about-us,1.0
Envisionit,https://www.envisionit.com/about-us/our-customers,1.0
Everspin Technologies,https://www.everspin.com/our-company,1.0
Evoqua Water Technologies,http://evoqua.com/en/about,1.0
Evoqua Water Technologies,http://evoqua.com/en/about/Pages/contact-us.aspx,0.0
Evoqua Water Technologies,http://evoqua.com/en/about/data-protection/Pages/Cookies-Policy.aspx,0.0
Evoqua Water Technologies,http://evoqua.com/en/about/data-protection/Pages/Data-Privacy-Protection-Policy.aspx,0.0
Evoqua Water Technologies,http://evoqua.com/en/about/Pages/default.aspx,0.0
Evoqua Water Technologies,http://evoqua.com/de/about/Seiten/Impressum.aspx,0.0
Evoqua Water Technologies,http://evoqua.com/de/about/Seiten/Datenschutzerklaerung.aspx,0.0
Evoqua Water Technologies,http://evoqua.com/en/about/data-protection/Pages/default.aspx,0.0
Evoqua Water Technologies,https://www.evoqua.com/en/about/data-protection/Pages/Cookies-Policy.aspx,0.0
Evri,https://www.everi.com/we-are-everi/,1.0
Evri,https://www.everi.com/games/interactive/about-us/,1.0
First Solar,http://www.firstsolar.com/About-Us/Contact,0.0
First Solar,http://www.firstsolar.com/en/PV-Plants/Corporate,0.0
First Solar,http://www.firstsolar.com/en/About-Us/Terms-of-Use,0.0
First Solar,http://www.firstsolar.com/en/About-Us/Press-Center,0.0
First Solar,http://www.firstsolar.com/en/About-Us/Contact,0.0
First Solar,http://www.firstsolar.com/en/About-Us/Overview,1.0
First Solar,http://www.firstsolar.com/en/About-Us/Locations,0.0
First Solar,http://www.firstsolar.com/en/About-Us/Imprint,0.0
First Solar,http://www.firstsolar.com/en/About-Us/Privacy-Policy,0.0
First Solar,http://www.firstsolar.com/About-Us/Privacy-Policy,0.0
First Solar,http://www.firstsolar.com/en/About-Us/Leadership,0.0
Flextronics AP,https://flex.com/about/leadership-team,0.0
Flextronics AP,https://flex.com/about,1.0
Flextronics AP,https://flex.com/about/careers,0.0
Flextronics AP,https://flex.com/about/sustainability,0.0
Flextronics AP,https://flex.com/about/culture,1.0
Flextronics AP,https://flex.com/about/awards,1.0
Flextronics AP,https://flex.com/case-studies/cellnovo-mobile-diabetes-management-system,0.0
Flextronics AP,https://flex.com/about/innovation-partners,0.0
Ford Global Technologies,https://corporate.ford.com/contact-us.html,0.0
Ford Global Technologies,https://corporate.ford.com/company.html,1.0
Ford Global Technologies,https://corporate.ford.com/history.html,1.0
Ford Global Technologies,https://corporate.ford.com/legal/copyright.html,0.0
Ford Global Technologies,https://corporate.ford.com/company/community.html,0.0
Ford Global Technologies,https://corporate.ford.com/company/articles.html,0.0
Ford Global Technologies,https://corporate.ford.com/careers/profiles.html,0.0
Ford Global Technologies,https://corporate.ford.com/company/diversity.html,0.0
Ford Global Technologies,https://corporate.ford.com/company/governance.html,0.0
Ford Global Technologies,https://corporate.ford.com/company/operation-list.html,0.0
Freescale Semiconductor,https://www.nxp.com/,0.0
Freescale Semiconductor,https://www.nxp.com/about/about-nxp/about-nxp/careers-at-nxp:CAREERS,0.0
Freescale Semiconductor,https://www.nxp.com/about/about-nxp/about-nxp/our-customers:ABOUT_CUSTOMERS,1.0
Freescale Semiconductor,https://www.nxp.com/about/about-nxp/about-nxp/nxp-mobile-applications:MOBILE,0.0
Freescale Semiconductor,https://www.nxp.com/about/about-nxp/about-nxp/contact-us:CONTACTUS,0.0
Freescale Semiconductor,https://www.nxp.com/about/about-nxp/about-nxp:ABOUT-NXP,1.0
Freescale Semiconductor,https://www.nxp.com/about/about-nxp/about-nxp/corporate-responsibility:CORP_SOCIAL_RESP,0.0
Freescale Semiconductor,https://www.nxp.com/about/about-nxp/about-nxp/worldwide-locations:GLOBAL_SITES,0.0
Freescale Semiconductor,https://www.nxp.com/about/about-nxp/about-nxp/terms-of-use:TERMSOFUSE,0.0
Freescale Semiconductor,https://www.nxp.com/about/about-nxp/about-nxp/privacy:PRIVACYPRACTICES,0.0
GE-Hitachi Nuclear Energy Americas,https://nuclear.gepower.com/company-info/our-experts,0.0
GE-Hitachi Nuclear Energy Americas,https://nuclear.gepower.com/company-info/in-the-news,0.0
GE-Hitachi Nuclear Energy Americas,https://nuclear.gepower.com/company-info/about-ge-hitachi,1.0
GE-Hitachi Nuclear Energy Americas,https://nuclear.gepower.com/company-info/news-releases,0.0
GE-Hitachi Nuclear Energy Americas,https://nuclear.gepower.com/company-info/leadership,0.0
GE-Hitachi Nuclear Energy Americas,https://nuclear.gepower.com/company-info/ge-in-the-community,0.0
GE-Hitachi Nuclear Energy Americas,https://nuclear.gepower.com/company-info/nuclear-power-basics,0.0
GE-Hitachi Nuclear Energy Americas,https://nuclear.gepower.com/company-info/our-experts/eric-mino,0.0
GE-Hitachi Nuclear Energy Americas,https://nuclear.gepower.com/service-and-optimize/solutions/all-solutions/long-term-asset-management,0.0
GE-Hitachi Nuclear Energy Americas,https://nuclear.gepower.com/company-info/our-experts/patty-mccumbee,0.0
Genisphere,https://genisphere.com/about-us,1.0
Genomic Health,http://www.genomichealth.com/en-US/join_our_team,0.0
Genomic Health,http://www.genomichealth.com/en-US/who_we_are,1.0
Genomic Health,https://www.genomichealth.com/en-US/who_we_are/contact_us,0.0
Genomic Health,http://www.genomichealth.com/en-US/who_we_are/our_founders,0.0
Genomic Health,http://www.genomichealth.com/en-US/who_we_are/company_timeline_milestones,1.0
Genomic Health,http://www.genomichealth.com/en-US/join_our_team/international_benefits,0.0
Genomic Health,http://www.genomichealth.com/en-US/who_we_are/leadership,0.0
Genomic Health,http://www.genomichealth.com/en-US/who_we_are/our_mission,1.0
Genomic Health,http://www.genomichealth.com/en-US/join_our_team/US_benefits,0.0
Glucan Biorenewables,http://glucanbio.com/about/,1.0
Glucan Biorenewables,http://glucanbio.com/about/team/,0.0
Graphene Technologies,http://graphenetechnologies.com/,1.0
Greatbatch,https://integer.net/product-line/crm-neuromodulation/,0.0
Greatbatch,https://integer.net/market/cardiac-rhythm-management/,0.0
Greatbatch,https://integer.net/about-us/,1.0
Green Extraction Technologies,https://www.greenextractiontechnologiesllc.com/about/meet-our-team.php,0.0
Green Extraction Technologies,https://www.greenextractiontechnologiesllc.com/about/credentials.php,0.0
Green Extraction Technologies,https://www.greenextractiontechnologiesllc.com/about/career-opportunities.php,0.0
Green Extraction Technologies,https://www.greenextractiontechnologiesllc.com/about/company-background.php,1.0
HGST NETHERLANDS BV,https://www.westerndigital.com/company/innovations/publications,0.0
HGST NETHERLANDS BV,https://www.westerndigital.com/company,1.0
HGST NETHERLANDS BV,https://www.westerndigital.com/solutions/data-protection-management,0.0
HGST NETHERLANDS BV,https://www.westerndigital.com/company/newsroom/regional-events/risc-v,0.0
HGST NETHERLANDS BV,https://www.westerndigital.com/company/innovations/history,1.0
HGST NETHERLANDS BV,https://www.westerndigital.com/company/leadership,0.0
HGST NETHERLANDS BV,https://www.westerndigital.com/company/newsroom,0.0
HGST NETHERLANDS BV,https://www.westerndigital.com/company/innovations,0.0
HIQ SOLAR,http://hiqsolar.com/executive-team.html,0.0
HIQ SOLAR,http://hiqsolar.com/contact-us.html,1.0
HM3 Energy,http://hm3energy.com/about/investor-relations/,0.0
HM3 Energy,http://hm3energy.com/about/leadership/,0.0
HM3 Energy,http://hm3energy.com/about/hm3-energy-news/,0.0
HM3 Energy,http://hm3energy.com/about/hm3-energy-achievements/,1.0
HM3 Energy,http://hm3energy.com/about/,1.0
HM3 Energy,http://hm3energy.com/about/faq/,0.0
HRL Laboratories,http://www.hrl.com/about/tours,0.0
HRL Laboratories,http://www.hrl.com/about/contact,0.0
HRL Laboratories,http://www.hrl.com/about/board,0.0
HRL Laboratories,http://www.hrl.com/about,1.0
HRL Laboratories,http://www.hrl.com/about/history,1.0
HRL Laboratories,http://www.hrl.com/about/quality,1.0
HRL Laboratories,http://www.hrl.com/about/directions,0.0
HRL Laboratories,http://www.hrl.com/about/staff,0.0
HRL Laboratories,http://www.hrl.com/about/laser,0.0
HRL Laboratories,http://www.hrl.com/about/mission,1.0
HRL Laboratories,http://www.hrl.com/news/2018/08/23/hrls-history-of-the-future-podcast-episode-003-dan-sievenpiper,0.0
Hamilton Sundstrand,https://utcaerospacesystems.com/join-the-utc-team/,1.0
Hamilton Sundstrand,https://utcaerospacesystems.com/corporate-citizenship/,1.0
Heidelberger Druckmaschinen AG,https://www.heidelberg.com/global/de/company/events/calendar/all_events.jsp,0.0
Heidelberger Druckmaschinen AG,https://www.heidelberg.com/global/de/company/procurement/suppliers/suppliers.jsp,0.0
Heidelberger Druckmaschinen AG,https://www.heidelberg.com/global/de/company/company_overview.jsp,1.0
Heidelberger Druckmaschinen AG,https://www.heidelberg.com/global/de/company/events/drupa_2016/drupa_lp.html,0.0
Heidelberger Druckmaschinen AG,https://www.heidelberg.com/global/de/company/about_us/sustainability/eco_overview.jsp,0.0
Heidelberger Druckmaschinen AG,https://www.heidelberg.com/global/de/company/other_business_areas/industry_solutions.jsp,0.0
Heidelberger Druckmaschinen AG,https://www.heidelberg.com/global/de/company/career/career_overview.jsp,0.0
Heidelberger Druckmaschinen AG,https://www.heidelberg.com/global/de/company/press_1/press_team/press_team.jsp,0.0
Heidelberger Druckmaschinen AG,https://www.heidelberg.com/global/de/company/procurement/guidelines/guideline.jsp,0.0
Heidelberger Druckmaschinen AG,https://www.heidelberg.com/global/de/company/press_1/press_release/ov_press_lounge.jsp,0.0
Hewlett Packard Enterprise Development LP,https://www.hpe.com/us/en/about.html,1.0
Hewlett Packard Enterprise Development LP,https://www.hpe.com/us/en/storage/management-automation.html,0.0
Hewlett Packard Enterprise Development LP,https://www.hpe.com/us/en/about/executive-briefing-centers.html,0.0
Hewlett Packard Enterprise Development LP,https://www.hpe.com/us/en/about/diversity.html,0.0
Hewlett Packard Enterprise Development LP,https://www.hpe.com/us/en/servers/management.html,0.0
Hewlett Packard Enterprise Development LP,https://www.hpe.com/us/en/integrated-systems/software.html,0.0
Hewlett Packard Enterprise Development LP,https://www.hpe.com/us/en/about/accessibility-aging.html,0.0
Hewlett Packard Enterprise Development LP,https://www.hpe.com/us/en/about/jobs.html,0.0
Hewlett Packard Enterprise Development LP,https://www.hpe.com/us/en/solutions/cloud/hybrid-it-management.html,0.0
Hewlett Packard Enterprise Development LP,https://www.hpe.com/us/en/networking/management.html,0.0
Hewlett Packard Enterprise Development LP,https://www.hpe.com/us/en/about/legal/terms-of-use.html,0.0
Humanetics,http://www.humaneticsatd.com/about-us/legal,0.0
Humanetics,http://www.humaneticsatd.com/about-us/events,0.0
Humanetics,http://www.humaneticsatd.com/about-us/News,0.0
Humanetics,http://www.humaneticsatd.com/about-us,1.0
Humanetics,http://www.humaneticsatd.com/about-us/technical-publications,0.0
Humanetics,http://www.humaneticsatd.com/about-us/message-president,0.0
Humanetics,http://www.humaneticsatd.com/about-us/platinum-spares,0.0
Humanetics,http://www.humaneticsatd.com/services/fleet-management-services,0.0
Humanetics,http://www.humaneticsatd.com/about-us/careers,0.0
Humanetics,http://www.humaneticsatd.com/about-us/news/recent-media,0.0
Humanetics,http://www.humaneticsatd.com/about-us/press-releases,0.0
Hunter Douglas,https://www.hunterdouglas.com/corporate-responsibility,0.0
IMDS,http://imds-ohio.com/AboutUs/Contact/,0.0
IMDS,http://imds-ohio.com/AboutUs/Corp_Gov/,0.0
IMDS,http://imds-ohio.com/AboutUs/,1.0
IMDS,http://imds-ohio.com/AboutUs/Corp_Profile/,1.0
IMDS,http://imds-ohio.com/AboutUs/Careers/,0.0
INFINEUM LIMITED,https://www.infineum.com/en/about-us/,1.0
INFINEUM LIMITED,https://www.infineum.com/en/about-us/safety/,1.0
INFINEUM LIMITED,https://www.infineum.com/en/about-us/our-brand/,1.0
INFINEUM LIMITED,https://www.infineum.com/en/about-us/overview/,1.0
INFINEUM LIMITED,https://www.infineum.com/en/about-us/corporate-responsibility/,0.0
INFINEUM LIMITED,https://www.infineum.com/en/careers/our-teams/,1.0
INFINEUM LIMITED,https://www.infineum.com/en/about-us/history/,1.0
INFINEUM LIMITED,https://www.infineum.com/en/about-us/our-locations/,0.0
INTEVAC,https://www.intevac.com/company/,1.0
INTEVAC,https://www.intevac.com/company/locations/,0.0
INTEVAC,https://www.intevac.com/company/events/,0.0
INTEVAC,https://www.intevac.com/company/suppliers/,0.0
INTEVAC,https://www.intevac.com/company/careers/asia/,0.0
INTEVAC,https://www.intevac.com/company/map-and-driving-directions/,0.0
INTEVAC,https://www.intevac.com/company/careers/,0.0
INTEVAC,https://www.intevac.com/company/careers/benefits/,0.0
INTEVAC,https://www.intevac.com/company/philosophy-and-values/,1.0
INTEVAC,https://www.intevac.com/company/careers/united-states/,0.0
Incyte Holdings,https://www.incyte.com/who-we-are/our-community,0.0
Incyte Holdings,https://www.incyte.com/who-we-are/compliance-and-transparency,0.0
Incyte Holdings,https://www.incyte.com/who-we-are/biopharmaceutical-research,1.0
Incyte Holdings,https://www.incyte.com/media/company-statements,0.0
Incyte Holdings,https://www.incyte.com/who-we-are/our-leadership,0.0
Infinera,https://www.infinera.com/company/customers/,1.0
Infinera,https://www.infinera.com/,0.0
Infinera,https://www.infinera.com/company/career/,0.0
Infinera,https://www.infinera.com/company/mission/,1.0
Infinera,https://www.infinera.com/company/management/,0.0
Infinera,https://www.infinera.com/company/about-infinera/,1.0
Infinera,https://www.infinera.com/company/board-of-directors/,0.0
Infinera,https://www.infinera.com/company/contact-us/,0.0
Infinera,https://www.infinera.com/company/awards/,1.0
Infinera,https://www.infinera.com/company/partners/,0.0
Integrated Solar Technology,http://suntegrasolar.com/about-suntegra,1.0
Intermolecular,https://intermolecular.com/company/news/,0.0
Intermolecular,https://intermolecular.com/company/,1.0
Intermolecular,https://intermolecular.com/company/careers/,0.0
Intermolecular,https://intermolecular.com/company/management/,0.0
Intermolecular,https://intermolecular.com/company/contact-us/,0.0
Invensas,https://www.invensas.com/company/,1.0
Invensas,https://www.invensas.com/company/events/,0.0
JX Nippon Mining & Metals,http://www.nmm.jx-group.co.jp/english/company/chart.html,0.0
JX Nippon Mining & Metals,http://www.nmm.jx-group.co.jp/english/sustainability/,0.0
JX Nippon Mining & Metals,http://www.nmm.jx-group.co.jp/english/company/data.html,1.0
JX Nippon Mining & Metals,http://www.nmm.jx-group.co.jp/english/company/history.html,1.0
JX Nippon Mining & Metals,http://www.nmm.jx-group.co.jp/english/sustainability/index.html,0.0
JX Nippon Mining & Metals,http://www.nmm.jx-group.co.jp/english/company/philosophy.html,1.0
JX Nippon Mining & Metals,http://www.nmm.jx-group.co.jp/english/company/procurement/supply.html,0.0
JX Nippon Mining & Metals,http://www.nmm.jx-group.co.jp/english/company/,1.0
JX Nippon Mining & Metals,http://www.nmm.jx-group.co.jp/english/company/investor.html,0.0
JX Nippon Mining & Metals,http://www.nmm.jx-group.co.jp/english/company/message.html,0.0
JX Nippon Mining & Metals,http://www.nmm.jx-group.co.jp/english/company/group/group_01.html,0.0
Kaneka,http://www.kaneka.co.jp/en/corporate/map/tokyo.html,0.0
Kaneka,http://www.kaneka.co.jp/en/corporate/policy/,0.0
Kaneka,http://www.kaneka.co.jp/en/corporate/,1.0
Kaneka,http://www.kaneka.co.jp/en/corporate/map/osaka.html,0.0
Kaneka,http://www.kaneka.co.jp/en/corporate/message/,0.0
Kaneka,http://www.kaneka.co.jp/en/corporate/director/,1.0
Kaneka,http://www.kaneka.co.jp/en/corporate/chronicle/,0.0
Kaneka,http://www.kaneka.co.jp/en/corporate/managementplan/,0.0
Kashiv Pharma,https://www.kashivpharma.com/about/strategic-partnerships/,0.0
Kashiv Pharma,https://www.kashivpharma.com/about/business-model/,1.0
Kashiv Pharma,https://www.kashivpharma.com/about/people-management/,1.0
Kashiv Pharma,https://www.kashivpharma.com/about/,1.0
Kashiv Pharma,https://www.kashivpharma.com/about/mission-vision/,1.0
Kashiv Pharma,https://www.kashivpharma.com/about/facilities/,0.0
Kimberly-Clark Worldwide,https://www.kimberly-clark.com/en-us/company/supplier-link,0.0
Kimberly-Clark Worldwide,https://www.kimberly-clark.com/en-us/company/our-vision,1.0
Kimberly-Clark Worldwide,https://www.kimberly-clark.com/en-us/company/innovation,0.0
Kimberly-Clark Worldwide,https://www.kimberly-clark.com/en-us/company/employees,1.0
Kimberly-Clark Worldwide,https://www.kimberly-clark.com/en-us/company/awards,1.0
Kimberly-Clark Worldwide,https://www.kimberly-clark.com/en-us/company/patents,0.0
Kimberly-Clark Worldwide,https://www.kimberly-clark.com/en-us/company/technology-licensing,0.0
Kimberly-Clark Worldwide,https://www.kimberly-clark.com/en-us/company/supplier-link/procure-to-pay,0.0
Kimberly-Clark Worldwide,https://www.kimberly-clark.com/en-us/company/about-us,1.0
Kimberly-Clark Worldwide,https://www.kimberly-clark.com/en-us/company/leadership,0.0
Kimberly-Clark Worldwide,https://www.kimberly-clark.com/en-us/investors/corporate-governance,0.0
Kinestral Technologies,https://www.kinestral.com/about/,1.0
Kronos,https://www.kronos.com/about-us/careers,0.0
Kronos,https://www.kronos.com/about-us/kronos-history,1.0
Kronos,https://www.kronos.com/about-us/awards-and-recognition,1.0
Kronos,https://www.kronos.com/about-us/locations-and-global-reach,0.0
Kronos,https://www.kronos.com/about-us/events/kronos-hr-payroll-esymposium,0.0
Kronos,https://www.kronos.com/about-us/newsroom,0.0
Kronos,https://www.kronos.com/about-us,1.0
Kronos,https://www.kronos.com/about-us/events,0.0
Kronos,https://www.kronos.com/about-us/leadership,0.0
Kronos,https://www.kronos.com/about-us/our-culture,1.0
Kronos,https://www.kronos.com/about-us/1-100-million,0.0
Kureha,http://www.kureha.co.jp/en/about/group.html,0.0
Kureha,http://www.kureha.co.jp/en/about/index.html,1.0
Kureha,http://www.kureha.co.jp/en/about/challenge/philosophy.html,0.0
LUCERA LABS,https://www.luceralabs.com/team/,0.0
Lake Lite,https://www.lakelite.com/profiles-add/,0.0
Lake Lite,https://www.lakelite.com/login/?return_url=index.php%3Fdispatch%3Dprofiles.update,0.0
Lake Lite,https://www.lakelite.com/about-us/,1.0
Lextar Electronics Corp,http://lextar.com/?sn=94&lang=en-US,0.0
Lextar Electronics Corp,http://lextar.com/?sn=95&lang=en-US,0.0
Lextar Electronics Corp,http://lextar.com/?sn=332&lang=en-US,0.0
Lextar Electronics Corp,http://lextar.com/?sn=93&lang=en-US,1.0
Life Technologies,https://www.thermofisher.com/us/en/home/life-science/lab-data-management-analysis-software/lab-apps/cell-staining-tool.html,0.0
Life Technologies,https://www.thermofisher.com/us/en/home/life-science/lab-data-management-analysis-software/lab-apps.html,0.0
Life Technologies,https://www.thermofisher.com/us/en/home/about-us/events.html,0.0
Life Technologies,https://www.thermofisher.com/us/en/home/about-us/corporate-social-responsibility.html,0.0
Life Technologies,https://www.thermofisher.com/us/en/home/about-us/partnering-licensing/oem-commercial-supply.html,0.0
Life Technologies,https://www.thermofisher.com/us/en/home/about-us/partnering-licensing.html,0.0
Life Technologies,https://www.thermofisher.com/us/en/home/life-science/lab-data-management-analysis-software.html,0.0
Life Technologies,https://www.thermofisher.com/us/en/home/life-science/lab-data-management-analysis-software/enterprise-level-lab-informatics.html,0.0
Life Technologies,https://www.thermofisher.com/us/en/home/life-science/sample-storage-management.html,0.0
Litron Laboratories Limited,https://litronlabs.com/About-Us,1.0
Lockheed Martin,https://lockheedmartin.com/en-us/who-we-are/international.html,1.0
Lockheed Martin,https://lockheedmartin.com/en-us/who-we-are/communities.html,0.0
Lockheed Martin,https://lockheedmartin.com/en-us/who-we-are/sustainability.html,0.0
Lockheed Martin,https://lockheedmartin.com/en-us/who-we-are/international/india.html,0.0
Lockheed Martin,https://lockheedmartin.com/en-us/who-we-are/international/jordan.html,0.0
Lockheed Martin,https://lockheedmartin.com/en-us/news/features/history.html,1.0
Lockheed Martin,https://lockheedmartin.com/en-us/who-we-are/business-areas.html,0.0
Lockheed Martin,https://lockheedmartin.com/en-us/who-we-are.html,1.0
Lockheed Martin,https://lockheedmartin.com/en-us/who-we-are/ethics.html,1.0
Lockheed Martin,https://lockheedmartin.com/en-us/who-we-are/eesh.html,1.0
Lockheed Martin,https://lockheedmartin.com/en-us/who-we-are/international/poland.html,0.0
Lux Bio Group,http://luxbiogroup.com/about.html,1.0
MICROSOFT TECHNOLOGY LICENSING,https://www.microsoft.com/en-us/about,1.0
MICROSOFT TECHNOLOGY LICENSING,https://www.microsoft.com/en-US/legal/intellectualproperty/iplicensing/default.aspx,0.0
Marine Polymer Technologies,http://marinepolymer.com/management-team/,0.0
Maxout Renewables,http://maxoutrenewables.com/about,1.0
Michigan Biotechnology Institute,http://www.mbi.org/mbi-team/,0.0
Michigan Biotechnology Institute,http://mbi.org/,1.0
Microchips Biotech,http://microchipsbiotech.com/about.php,1.0
Microsemi SoC,https://www.microsemi.com/company/in-the-news,0.0
Microsemi SoC,https://www.microsemi.com/company/awards,1.0
Microsemi SoC,https://www.microsemi.com/company/privacy-policy,0.0
Microsemi SoC,https://www.microsemi.com/company/acquisitions,0.0
Microsemi SoC,https://www.microsemi.com/company/quality,1.0
Microsemi SoC,https://www.microsemi.com/company/technology,1.0
Microsemi SoC,https://www.microsemi.com/company/terms-of-use,0.0
Microsemi SoC,https://www.microsemi.com/corporate-contacts,0.0
Microsemi SoC,https://www.microsemi.com/company/about-us,1.0
Microsemi SoC,https://www.microsemi.com/company/cookie-policy,0.0
MirTech,http://www.mirtechusa.com/our-company/,1.0
MirTech,http://www.mirtechusa.com/our-company/news/,0.0
MirTech,http://www.mirtechusa.com/our-company/careers/,0.0
Molecular Rebar Design,http://www.molecularrebar.com/our-team-molecular-rebar/,0.0
Moxtek,http://moxtek.com/about/news-and-events/,0.0
Moxtek,http://moxtek.com/about/news-and-events/?cat=25,0.0
Moxtek,http://moxtek.com/about/,1.0
Moxtek,http://moxtek.com/about/news-and-events/?cat=24,0.0
NANOBIO,http://www.bluewillow.com/company/nanobios-investors/,0.0
NANOBIO,http://www.bluewillow.com/nanobio-announces-corporate-name-change-to-bluewillow-biologics-and-closes-10m-series-a-financing/,0.0
NANOBIO,http://www.bluewillow.com/company/careers/,0.0
NANOBIO,http://www.bluewillow.com/company/nanobios-founder/,0.0
NANOBIO,http://www.bluewillow.com/company/nanobios-board-of-directors/,0.0
NANOBIO,http://www.bluewillow.com/company/nanobios-strategic-alliances/,0.0
NANOBIO,http://www.bluewillow.com/company/about-nanobio/,1.0
NANOBIO,http://www.bluewillow.com/company/nanobios-management-team/,0.0
NEC,https://www.nec.com/en/global/about/index.html,1.0
NEC,https://www.nec.com/en/global/about/corporate_profile.html,1.0
NEC,https://www.nec.com/en/global/about/fact/index.html?cid=gltop183006,1.0
NEC,https://www.nec.com/en/global/about/country_region.html,0.0
NEC,https://www.nec.com/en/global/about/vision/index.html,1.0
NEC,https://www.nec.com/en/press/201811/global_20181129_01.html,0.0
NEC,https://www.nec.com/en/global/about/the-nec-way.html,1.0
NEC,https://www.nec.com/en/global/about/vision/index.html?cid=gltop183001,1.0
NGK Spark Plug Co,http://ngksparkplugs.com/about-ngk,1.0
NanoLab,https://www.nano-lab.com/aboutdefault.html,1.0
NanoTech Lubricants,http://nanotechlubricantsinc.com/Home.html,1.0
Nanocopocia,https://nanocopoeia.com/,0.0
Nanocopocia,https://nanocopoeia.com/executive-team-jim-schwier/,0.0
Nanocopocia,https://nanocopoeia.com/executive-team-michael-graves/,0.0
Nanocopocia,https://nanocopoeia.com/history-leadership/,0.0
Nanocopocia,https://nanocopoeia.com/executive-team-christian-wertz/,0.0
Nanomix,http://nano.com/nanomix.html,1.0
Nanomix,http://nano.com/,0.0
Nanomix,http://nano.com/nanomix-management.html,0.0
Nanosys,https://www.nanosysinc.com/experience-quantum-dot-display/,0.0
Nanosys,https://www.nanosysinc.com/,0.0
Nanosys,https://www.nanosysinc.com/who-we-are/,1.0
New England Biolabs,https://www.neb.com/about-neb/news-and-press-releases,0.0
New England Biolabs,https://www.neb.com/about-neb/contact-us,0.0
New England Biolabs,https://www.neb.com/about-neb/certifications,0.0
New England Biolabs,https://www.neb.com/about-neb/environmental-commitment,0.0
New England Biolabs,https://www.neb.com/about-neb/quality-at-neb,0.0
New England Biolabs,https://www.neb.com/about-neb/careers,0.0
New England Biolabs,https://www.neb.com/about-neb/passion-in-science-awards,0.0
New England Biolabs,https://www.neb.com/about-neb/leadership,0.0
New England Biolabs,https://www.neb.com/research,1.0
New England Biolabs,https://www.neb.com/about-neb,1.0
New England Biolabs,https://www.neb.com/about-neb/neb-overview,1.0
Northrop Grumman Systems,http://www.northropgrumman.com/AboutUs/Welcome/default.aspx,1.0
Northrop Grumman Systems,http://www.northropgrumman.com/ContactUs/Pages/default.aspx,0.0
Northrop Grumman Systems,http://www.northropgrumman.com/AboutUs/CompanyLeadership/Pages/default.aspx,0.0
Northrop Grumman Systems,http://www.northropgrumman.com/AboutUs/Pages/FAQ.aspx,0.0
Northrop Grumman Systems,http://www.northropgrumman.com/AboutUs/AnalysisCenter/Pages/default.aspx,0.0
Northrop Grumman Systems,http://www.northropgrumman.com/AboutUs/BusinessSectors/Pages/default.aspx,0.0
Northrop Grumman Systems,http://www.northropgrumman.com/AboutUs/OurHeritage/Pages/default.aspx,1.0
Northrop Grumman Systems,http://www.northropgrumman.com/AboutUs/AnnualReports/Pages/default.aspx,0.0
Northrop Grumman Systems,http://www.northropgrumman.com/AboutUs/Contracts/Pages/default.aspx,0.0
Northrop Grumman Systems,http://www.northropgrumman.com/AboutUs/InnovationNetwork/Pages/default.aspx,1.0
Northrop Grumman Systems,http://www.northropgrumman.com/CorporateResponsibility/Pages/default.aspx,0.0
Nova Technologies,https://novatechnologies.com/company.html,1.0
Nutech Ventures,http://www.nutechventures.org/about-us/,1.0
OLYMPUS,http://olympusamerica.com/corporate/settlements.asp,0.0
OLYMPUS,http://olympusamerica.com/corporate/corp_presscenter_headline.asp?pressNo=2150,0.0
OLYMPUS,http://olympusamerica.com/corporate/index.asp,1.0
OLYMPUS,http://olympusamerica.com/corporate/corp_contactus.asp,0.0
OLYMPUS,http://olympusamerica.com/corporate/corp_presscenter_headline.asp?pressNo=2149,0.0
OLYMPUS,http://olympusamerica.com/corporate/corp_presscenter.asp,0.0
OLYMPUS,http://olympusamerica.com/corporate/corp_careers.asp,0.0
OLYMPUS,http://olympusamerica.com/corporate/social_responsibility/community_involvement.asp,0.0
OLYMPUS,http://olympusamerica.com/corporate/corp_presscenter_headline.asp?pressNo=2145,0.0
OLYMPUS,http://www.olympusamerica.com/corporate/ethics_corporate_compliance.asp,0.0
OSI Optoelectronics,http://osioptoelectronics.com/our-company/terms-conditions.aspx,0.0
OSI Optoelectronics,http://osioptoelectronics.com/our-company/privacy-policy.aspx,0.0
Oki Data,https://www.oki.com/en/profile/spirit/,1.0
Oki Data,https://www.oki.com/en/profile/info/greet.html,0.0
Oki Data,https://www.oki.com/en/ir/corporate/governance/,0.0
Oki Data,https://www.oki.com/en/profile/info/,1.0
Oki Data,https://www.oki.com/en/profile/history/,1.0
Oki Data,https://www.oki.com/en/profile/brand/,1.0
Oki Data,https://www.oki.com/en/profile/conduct/cond.html,0.0
Oki Data,https://www.oki.com/en/csr/,0.0
Oki Data,https://www.oki.com/en/profile/info/manage.html,0.0
Oki Data,https://www.oki.com/en/about/,1.0
Oki Data,https://www.oki.com/en/press/2018/11/z18038e.html,0.0
One Earth Designs,https://www.oneearthdesigns.com/about-us/,1.0
Oracle,https://www.oracle.com/corporate/pricing/,0.0
Oracle,https://www.oracle.com/corporate/contact/,0.0
Oracle,https://www.oracle.com/cloud/,0.0
Oracle,https://www.oracle.com/corporate/careers/,0.0
Oracle,https://www.oracle.com/enterprise-manager/,0.0
Oracle,https://www.oracle.com/corporate/,1.0
Oracle,https://www.oracle.com/corporate/press/,0.0
Oracle,https://www.oracle.com/corporate/cvc.html,0.0
Oracle,https://www.oracle.com/index.html,0.0
PACCAR,https://www.paccar.com/about-us/awards/,1.0
PACCAR,https://www.paccar.com/careers,0.0
PACCAR,https://www.paccar.com/about-us/history/,1.0
PACCAR,https://www.paccar.com/about-us/contact/,0.0
PACCAR,https://www.paccar.com/about-us/philanthropy/,0.0
PACCAR,https://www.paccar.com/investors/stock-price-history/,0.0
PACCAR,https://www.paccar.com/about-us/get-to-know-paccar/,1.0
PLEX,https://www.plex.tv/about/charity/,0.0
PLEX,https://www.plex.tv/about/privacy-legal/,0.0
PLEX,https://www.plex.tv/about/,1.0
PLEX,https://www.plex.tv/about/careers/,0.0
PNM,https://WWW.PNM.COM/web/pnm.com/about-pnm,1.0
PNM,https://WWW.PNM.COM/web/pnm.com/contact-us,0.0
POET Research,https://poet.com/about,1.0
Pacific Biosciences of California,https://www.pacb.com/company/about-us/,1.0
Pacific Biosciences of California,https://www.pacb.com/company/leadership/,0.0
Pacific Biosciences of California,https://www.pacb.com/blog/an-interview-with-leslie-vosshall-buzzing-about-the-new-mosquito-reference-genome/,0.0
Pacific Biosciences of California,https://www.pacb.com/company/news-events/,0.0
Pacific Biosciences of California,https://www.pacb.com/company/news-events/media-resources/,0.0
Peytant Solutions,http://www.peytant.com/,1.0
Pfizer,https://www.pfizer.com/people/history,1.0
Pfizer,https://www.pfizer.com/news/press-kits/company,0.0
Pfizer,https://www.pfizer.com/health-wellness/manage-your-health/medication-management,0.0
Pfizer,https://www.pfizer.com/purpose/transparency/corporate-compliance,0.0
Pfizer,https://www.pfizer.com/news/featured_stories/featured_stories_detail/learn_about_the_power_of_family_during_world_diabetes_month,0.0
Pfizer,https://www.pfizer.com/about/leadership-and-structure/company-fact-sheet,1.0
Phoseon Technology,https://www.phoseon.com/company,1.0
Phoseon Technology,https://www.phoseon.com/company/working,0.0
Phoseon Technology,https://www.phoseon.com/about-industrial-curing,0.0
Pixar,https://www.pixar.com/company-faqs,0.0
Pixar,https://www.pixar.com/pixar-profiles,0.0
Pixar,https://www.pixar.com/contact-us,0.0
Propagation Research Associates,http://pra-corp.com/about.php,1.0
RA Miller Industries,https://www.rami.com/about/,1.0
Reliance Controls,http://www.reliancecontrols.com/,0.0
Reliance Controls,http://reliancecontrols.com/About-Us.aspx,1.0
Renewable Power Conversion,http://rpcincorporated.com/about-rpc.html,1.0
Renewable Power Conversion,http://rpcincorporated.com/rpc-technology.html,0.0
Reynolds Technologies,http://www.reynoldstechnology.biz/company-butted-steel-tubing/our-people/,0.0
Reynolds Technologies,http://www.reynoldstechnology.biz/company-butted-steel-tubing/register-for-updates/,0.0
Reynolds Technologies,http://www.reynoldstechnology.biz/company-butted-steel-tubing/,1.0
Reynolds Technologies,http://www.reynoldstechnology.biz/company-butted-steel-tubing/our-brand-high-performance-butted-steel-tubing/,1.0
Rockwell Collins,https://www.rockwellcollins.com:443/Our-Company.aspx,1.0
Rockwell Collins,https://www.rockwellcollins.com:443/Our-Company/Corporate-Responsibility.aspx,0.0
S C Johnson & Son,https://www.scjohnson.com/en/a-family-company/the-johnson-family,0.0
S C Johnson & Son,https://www.scjohnson.com/en/a-family-company/architecture-and-tours,0.0
S C Johnson & Son,https://www.scjohnson.com/en/a-family-company/faq-answers-to-your-questions-about-sc-johnson,0.0
S C Johnson & Son,https://www.scjohnson.com/en/a-family-company/what-it-means-to-be-a-family-company/this-we-believe-our-company-values-have-guided-sc-johnson-for-five-generations,0.0
S C Johnson & Son,https://www.scjohnson.com/en/our-purpose/environmental-responsibility/minimizing-our-footprint/zero-waste-management-over-65-of-sc-johnson-factories-are-now-zero-waste-to-landfill,0.0
S C Johnson & Son,https://www.scjohnson.com/en/a-family-company,1.0
S C Johnson & Son,https://www.scjohnson.com/en/a-family-company/what-it-means-to-be-a-family-company,0.0
S C Johnson & Son,https://www.scjohnson.com/en/press-releases/2018/october/sc-johnson-and-plastic-bank-team-up-to-address-the-global-ocean-plastic-crisis,0.0
S C Johnson & Son,https://www.scjohnson.com/en/a-family-company/the-johnson-family/samuel-curtis-johnson/samuel-curtis-johnson-the-generous-and-determined-founder-of-a-family-company,0.0
S C Johnson & Son,https://www.scjohnson.com/en/a-family-company/about-us,1.0
SAE Magnetics (HK),http://www.sae.com.hk/about-us,1.0
SAMSUNG DISPLAY CO,https://displaysolutions.samsung.com/about-us/notice,0.0
SAMSUNG DISPLAY CO,https://displaysolutions.samsung.com/about-us/contact-us-bridge,0.0
SAMSUNG DISPLAY CO,https://displaysolutions.samsung.com/about-us/our-vision,1.0
SAMSUNG DISPLAY CO,https://displaysolutions.samsung.com/industries/corporate/samsung-cisco-video-conference-solution,0.0
SAMSUNG DISPLAY CO,https://displaysolutions.samsung.com/solutions/partner-solution/remote-management-solution,0.0
SAMSUNG DISPLAY CO,https://displaysolutions.samsung.com/industries/corporate,1.0
SAMSUNG DISPLAY CO,https://displaysolutions.samsung.com/industries/corporate/audio-video-bundles,0.0
SAMSUNG DISPLAY CO,https://displaysolutions.samsung.com/about-us/technology-leadership,0.0
SELMAN AND ASSOCIATES,https://selmanlog.com/Default.aspx,1.0
STATS ChipPAC,http://www.statschippac.com/aboutus/seniormanagement.aspx,0.0
STATS ChipPAC,http://www.statschippac.com/aboutus/rba_stmt.aspx,0.0
STATS ChipPAC,http://www.statschippac.com/aboutus/drc_stmt.aspx,0.0
STATS ChipPAC,http://www.statschippac.com/aboutus/visionmissionvalues.aspx,1.0
STATS ChipPAC,http://www.statschippac.com/aboutus/qualitymanagement.aspx,0.0
STATS ChipPAC,http://www.statschippac.com/aboutus/boardofdirectors.aspx,0.0
STATS ChipPAC,http://www.statschippac.com/aboutus/environmentalpolicy.aspx,0.0
STATS ChipPAC,http://www.statschippac.com/en/aboutus/companyinformation.aspx,1.0
STATS ChipPAC,http://www.statschippac.com/aboutus/companyinformation.aspx,1.0
STATS ChipPAC,http://www.statschippac.com/news/pressreleases/2018/ann10292018b.aspx,0.0
Saint-Gobain Performance Plastics,https://www.plastics.saint-gobain.com/about-us,1.0
SanDisk Technologies,https://www.sandisk.com/about,1.0
SanDisk Technologies,https://www.sandisk.com/home/ssd,0.0
SanDisk Technologies,https://www.sandisk.com/home/extreme-team/jeff-lewis,0.0
SanDisk Technologies,https://www.sandisk.com/home/extreme-team/dom-daher,0.0
SanDisk Technologies,https://www.sandisk.com/home/extreme-team,0.0
SanDisk Technologies,https://www.sandisk.com/home/extreme-team/cs-ling,0.0
SanDisk Technologies,https://www.sandisk.com/home/extreme-team/tom-bol,0.0
SanDisk Technologies,https://www.sandisk.com/home/extreme-team/tim-laman,0.0
SanDisk Technologies,https://www.sandisk.com/home/extreme-team/akash-das,0.0
SanDisk Technologies,https://www.sandisk.com/home/extreme-team/alex-liu,0.0
Schlumberger Technology,https://www.slb.com/about/rd/research.aspx,1.0
Schlumberger Technology,https://www.slb.com/about/history.aspx,1.0
Schlumberger Technology,https://www.slb.com/about/rd.aspx,1.0
Schlumberger Technology,https://www.slb.com/hse/hse_mngt_sys.aspx,0.0
Schlumberger Technology,https://www.slb.com/about/codeofconduct.aspx,0.0
Schlumberger Technology,https://www.slb.com/about/tos.aspx,0.0
Schlumberger Technology,https://www.slb.com/about/who.aspx,1.0
Schlumberger Technology,https://www.slb.com/about/foundation.aspx,0.0
Schlumberger Technology,https://www.slb.com/about.aspx,1.0
Schlumberger Technology,https://www.slb.com/about/history/1920s.aspx,0.0
Schlumberger Technology,https://www.slb.com/about/privacy.aspx,0.0
Selecta Biosciences,https://selectabio.com/about/management-team/,0.0
Selecta Biosciences,https://selectabio.com/about/selecta-russia/,0.0
Selecta Biosciences,https://selectabio.com/about/board-of-directors/,0.0
Selecta Biosciences,https://selectabio.com/about/about-selecta/,1.0
Selecta Biosciences,https://selectabio.com/about/collaborations/,0.0
Selkermetrics,http://selkermetrics.com/company.htm,1.0
Siliconware Precision Industries Co,http://www.spil.com.tw/about/?u=2,0.0
Siliconware Precision Industries Co,http://www.spil.com.tw/about/?u=6,0.0
Siliconware Precision Industries Co,http://www.spil.com.tw/careers/?u=5,0.0
Siliconware Precision Industries Co,http://www.spil.com.tw/ir/?u=3*3,0.0
Siliconware Precision Industries Co,http://www.spil.com.tw/about/?u=4,1.0
Siliconware Precision Industries Co,http://www.spil.com.tw/about/,1.0
Siliconware Precision Industries Co,http://www.spil.com.tw/about/?u=1,1.0
Siliconware Precision Industries Co,http://www.spil.com.tw/about/?u=5,0.0
Siliconware Precision Industries Co,http://www.spil.com.tw/about/?u=1*2,0.0
Siliconware Precision Industries Co,http://www.spil.com.tw/about/?u=3,0.0
Silicor Materials,https://www.silicormaterials.com/about/company-overview,1.0
Silicor Materials,https://www.silicormaterials.com/about/board-of-directors,0.0
Silicor Materials,https://www.silicormaterials.com/about/management,0.0
Silicor Materials,https://www.silicormaterials.com/post/silicor-materials-and-am-technical-solutions-close-8-9m-usd-project-management-contract,0.0
Siluria Technologies,http://siluria.com/About/Board_of_Directors,0.0
Siluria Technologies,http://siluria.com/About/Advisory_Committee,0.0
Siluria Technologies,http://siluria.com/About/Investors,0.0
Siluria Technologies,http://siluria.com/About/Management,0.0
Siluria Technologies,http://siluria.com/About,1.0
Siluria Technologies,http://siluria.com/About/Vision_and_Culture,1.0
Siluria Technologies,http://siluria.com/About/Company_Overview,1.0
Sinton Consulting,https://www.sintoninstruments.com/about-sinton-instruments/,1.0
SixPoint Materials,http://spmaterials.com/team.htm,0.0
SixPoint Materials,http://spmaterials.com/history.htm,1.0
Southwest Research Institute,https://www.swri.org/content/who-we-are,1.0
Southwest Research Institute,https://www.swri.org/who-we-are/history,1.0
Southwest Research Institute,https://www.swri.org/industries/project-management-space,0.0
Southwest Research Institute,https://www.swri.org/content/subcontracts-team-member,0.0
Southwest Research Institute,https://www.swri.org/industries/program-management-regulatory-submissions,0.0
Southwest Research Institute,https://www.swri.org/who-we-are/presidents-message,0.0
Sumitomo Electric Device Innovations,http://www.sedi.co.jp/about/index.html?version=en,1.0
Sun Chemical,https://www.sunchemical.com/about/our-sustainability/our-approach/,0.0
Sun Chemical,https://www.sunchemical.com/about/,1.0
Sun Chemical,https://www.sunchemical.com/about/our-sustainability/,0.0
Sun Chemical,https://www.sunchemical.com/about/locations/,0.0
Sun Chemical,https://www.sunchemical.com/about/research-and-development/,1.0
Sun Chemical,https://www.sunchemical.com/about/leadership/,0.0
Sun Chemical,https://www.sunchemical.com/200-years/,1.0
Swagelok Company,https://www.swagelok.com:443/en/About/Global-Coverage,0.0
Swagelok Company,https://www.swagelok.com:443/en/About/Our-Values,1.0
Swagelok Company,https://www.swagelok.com:443/en/About,1.0
Swagelok Company,https://www.swagelok.com:443/en/About/Our-Business/Inventory,0.0
Swagelok Company,https://www.swagelok.com:443/en/About/Our-Business,0.0
Swagelok Company,https://www.swagelok.com:443/en/About/Our-Founder,0.0
Swagelok Company,https://www.swagelok.com:443/en/About/Our-Business/Quality,0.0
Swagelok Company,https://www.swagelok.com:443/en,0.0
Swagelok Company,https://www.swagelok.com:443/en/About/Our-Leadership,0.0
Swagelok Company,https://www.swagelok.com:443/en/About/Newsroom,0.0
Swagelok Company,https://www.swagelok.com:443/en/About/Our-Business/Services,0.0
System Biosciences,https://www.systembio.com/services/,0.0
System Biosciences,https://www.systembio.com/company/contact-us/,0.0
System Biosciences,https://www.systembio.com/company/sbi-events/,0.0
System Biosciences,https://www.systembio.com/company/careers/,0.0
System Biosciences,https://www.systembio.com/company/about/,1.0
System Biosciences,https://www.systembio.com/company/intellectual-property/,0.0
System Biosciences,https://www.systembio.com/company/mission/,1.0
System Biosciences,https://www.systembio.com/company/privacy-policy/,0.0
System Biosciences,https://www.systembio.com/company/,0.0
System Biosciences,https://www.systembio.com/company/distributors/,0.0
System Biosciences,https://www.systembio.com/company/support-request/,0.0
TP Solar,https://tpsolar.nl/?lang=en,1.0
TRANE,http://www.trane.com/commercial/north-america/us/en/about-us/locate-a-parts-store.html,0.0
TRANE,https://www.trane.com/about_trane.aspx,1.0
Taiyo Ink Mfg Co,http://taiyo-hd.co.jp/en/about/group/,1.0
Taiyo Ink Mfg Co,http://taiyo-hd.co.jp/en/group/thou/,1.0
Taiyo Ink Mfg Co,http://taiyo-hd.co.jp/en/about/philosophy/,1.0
Taiyo Ink Mfg Co,http://taiyo-hd.co.jp/en/group/ink/history/,1.0
Taiyo Ink Mfg Co,http://taiyo-hd.co.jp/en/investor/governance/,0.0
Taiyo Ink Mfg Co,http://taiyo-hd.co.jp/en/about/message/,0.0
Taiyo Ink Mfg Co,http://taiyo-hd.co.jp/en/about/,1.0
Taiyo Ink Mfg Co,http://taiyo-hd.co.jp/en/about/overview/,1.0
Taiyo Ink Mfg Co,http://taiyo-hd.co.jp/en/investor/policy/,0.0
Taiyo Ink Mfg Co,http://taiyo-hd.co.jp/en/about/history/,1.0
Taiyo Ink Mfg Co,https://www.taiyo-hd.co.jp/en/contact/?_contact=company,0.0
Takeda Pharmaceutical Company Limited,https://www.takeda.com/who-we-are/company-information/,1.0
Takeda Pharmaceutical Company Limited,https://www.takeda.com/corporate-responsibility/philosophy/,0.0
Takeda Pharmaceutical Company Limited,https://www.takeda.com/corporate-responsibility/labor/,0.0
Takeda Pharmaceutical Company Limited,https://www.takeda.com/who-we-are/from-the-ceo/,0.0
Takeda Pharmaceutical Company Limited,https://www.takeda.com/corporate-responsibility/,0.0
Takeda Pharmaceutical Company Limited,https://www.takeda.com/who-we-are/,1.0
Takeda Pharmaceutical Company Limited,https://www.takeda.com/who-we-are/corporate-governance/,1.0
Takeda Pharmaceutical Company Limited,https://www.takeda.com/who-we-are/contact-us/,0.0
Takeda Pharmaceutical Company Limited,https://www.takeda.com/who-we-are/our-people/,0.0
Takeda Pharmaceutical Company Limited,https://www.takeda.com/who-we-are/how-we-work/,0.0
Takeda Pharmaceutical Company Limited,https://www.takeda.com/who-we-are/corporate-philosophy/,1.0
Tela Innovations,http://www.tela-inc.com/company-overview/management/,0.0
Tela Innovations,http://www.tela-inc.com/tela-adds-experienced-licensing-executive-to-management-team/,0.0
Tela Innovations,http://www.tela-inc.com/company-overview/,1.0
Tela Innovations,http://www.tela-inc.com/company-overview/board-of-directors/,0.0
Tessera,https://www.tessera.com/,0.0
The Eastern Co,http://easterncompany.com/corporate-profile.php,1.0
The Eastern Co,http://easterncompany.com/company-leadership.php,0.0
The Eastern Co,http://easterncompany.com/,0.0
The Eastern Co,http://easterncompany.com/company-governance.php,0.0
The Jackson Laboratory,https://www.jax.org/about-us/locations/bar-harbor,0.0
The Jackson Laboratory,https://www.jax.org/about-us/locations,0.0
The Jackson Laboratory,https://www.jax.org/about-us/locations/farmington,0.0
The Jackson Laboratory,https://www.jax.org/about-us,1.0
The Jackson Laboratory,https://www.jax.org/research-and-faculty/growing-our-world-class-team,0.0
Tokyo Electron Limited,https://www.tel.com/ir/policy/,0.0
Tokyo Electron Limited,https://www.tel.com/about/cg/,1.0
Tokyo Electron Limited,https://www.tel.com/about/message/,0.0
Tokyo Electron Limited,https://www.tel.com/about/compliance/,0.0
Tokyo Electron Limited,https://www.tel.com/about/sponsor/2017/,0.0
Tokyo Electron Limited,https://www.tel.com/about/leader/,0.0
Tokyo Electron Limited,https://www.tel.com/about/locations/,0.0
Tokyo Electron Limited,https://www.tel.com/about/,1.0
Tokyo Electron Limited,https://www.tel.com/about/ptc/,1.0
Tokyo Electron Limited,https://www.tel.com/about/summary/,1.0
Tokyo Electron Limited,https://www.tel.com/about/release/2018/,0.0
Toray Industries,https://www.toray.com/aboutus/message.html,0.0
Toray Industries,https://www.toray.com/aboutus/,1.0
Toray Industries,https://www.toray.com/aboutus/outline.html,1.0
Toray Industries,https://www.toray.com/ir/management/index.html,0.0
Toray Industries,https://www.toray.com/aboutus/event/index.html,0.0
Toray Industries,https://www.toray.com/aboutus/philosophy.html,1.0
Toray Industries,https://www.toray.com/aboutus/brand.html,0.0
Toray Industries,https://www.toray.com/aboutus/index.html,1.0
Toray Industries,https://www.toray.com/csr/stance/index.html,0.0
Toray Industries,https://www.toray.com/aboutus/vision/index.html,1.0
Toray Industries,https://www.toray.com/aboutus/visual/index.html,0.0
Transposagen Biopharmaceuticals,http://www.transposagenbio.com/about-us/our-people,0.0
Transposagen Biopharmaceuticals,http://www.transposagenbio.com/about-us,1.0
Transposagen Biopharmaceuticals,http://www.transposagenbio.com/about-us/our-technology,1.0
Tufts Medical Center,https://www.tuftsmedicalcenter.org/About-Us/Quality-and-Safety,0.0
Tufts Medical Center,https://www.tuftsmedicalcenter.org/About-Us/Medical-Staff-Office,0.0
Tufts Medical Center,https://www.tuftsmedicalcenter.org/About-Us/Helpful-Phone-Numbers,0.0
Tufts Medical Center,https://www.tuftsmedicalcenter.org/About-Us/Locations-and-Directions,0.0
Tufts Medical Center,https://www.tuftsmedicalcenter.org/About-Us/Policies-and-Public-Documents,0.0
Tufts Medical Center,https://www.tuftsmedicalcenter.org/About-Us/History,1.0
Tufts Medical Center,https://www.tuftsmedicalcenter.org/About-Us/Overview,1.0
Tufts Medical Center,https://www.tuftsmedicalcenter.org/About-Us/Stories-from-Our-Patients,0.0
Tufts Medical Center,https://www.tuftsmedicalcenter.org/About-Us,1.0
Tufts Medical Center,https://www.tuftsmedicalcenter.org/About-Us/Clinical-Affiliates,0.0
Tufts Medical Center,https://www.tuftsmedicalcenter.org/Home/Error%20Pages/404?item=%2fabout-tufts-medical-center&user=extranet%5cAnonymous&site=website,0.0
Unifrax I,http://www.unifrax.com/about-us/locations/,0.0
Unifrax I,http://www.unifrax.com/about-us/luyang-partnership/,0.0
Unifrax I,http://www.unifrax.com/about-us/,1.0
Unifrax I,http://www.unifrax.com/about-us/career-opportunities/,0.0
VINDICO NANOBIO TECHNOLOGY,http://vindicoat.com/joomla1/index.php/meet-the-team,0.0
VINDICO NANOBIO TECHNOLOGY,http://vindicoat.com/joomla1/index.php/meet-the-team-mobile,0.0
Verliant Energy,http://www.verliantenergy.com/,1.0
Wave Energy Conversion of America,https://weccamerica.com/about/,1.0
Zeno Semiconductor,https://www.zenosemi.com,1.0
Zoetis Services,https://www.zoetis.com/about-us/index.aspx,1.0
Zoetis Services,https://www.zoetis.com/about-us/vision-mission.aspx,1.0
Zoetis Services,https://www.zoetis.com/about-us/history.aspx,1.0
Zoetis Services,https://www.zoetis.com/about-us/executive-team/index.aspx,0.0
Zoetis Services,https://www.zoetis.com/about-us/zoetis-at-a-glance.aspx,1.0
Zoetis Services,https://www.zoetis.com/?eventName=LOGGED_OUT,0.0
Zoetis Services,https://www.zoetis.com/about-us/core-beliefs.aspx,1.0
Zoetis Services,https://www.zoetis.com/about-us/our-story.aspx,1.0
Zoetis Services,https://www.zoetis.com/about-us/awards/index.aspx,1.0
Zoetis Services,https://www.zoetis.com/about-us/company-locations.aspx,0.0
Zoetis Services,https://www.zoetis.com/about-us/corporate-governance/index.aspx,0.0
Zygo,https://www.zygo.com/?/aboutus/shows/,0.0
Zygo,https://www.zygo.com/?/met/profilers/zegagepro/&utm_source=zygo&utm_medium=HomePageBanner&utm_campaign=ZeGagePro,0.0
Zygo,https://www.zygo.com/?/blog/facts-and-statistics-about-zygo/,0.0
Zygo,https://www.zygo.com/?/aboutus/privacy-cookie-policy.htm,0.0
Zygo,https://www.zygo.com/?/met/profilers/,0.0
Zygo,https://www.zygo.com/?/aboutus/news/20181017.htm,0.0
fybr,https://fybr.com/about-us/,1.0
iNanoBio,http://www.inanobio.com/,1.0
nanoComposix,https://nanocomposix.com/pages/about-us,1.0
nanoComposix,https://nanocomposix.com/pages/team,0.0
Pharmatrophix,http://pharmatrophix.com/ptx-team.html,0.0
Pharmatrophix,http://pharmatrophix.com/partners.html,0.0
Pharmatrophix,http://pharmatrophix.com/,1.0
