Osram Sylvania Inc.,https://www.sylvania.com/en-us/about/Pages/default.aspx
Osram Sylvania Inc.,https://www.sylvania.com/en-us/about/corporate-responsibility/Pages/default.aspx
Osram Sylvania Inc.,https://www.sylvania.com/en-us/sustainability/regulations-legislation/Pages/california-title24-title20.aspx
Cree,https://www.cree.com/about/sustainability/milestones
Cree,https://www.cree.com/about/licensing/doherty-licensing
Cree,https://www.cree.com/about/licensing/licensing-programs
Cree,https://www.cree.com/about/licensing/gan-power-licensing
Cree,https://www.cree.com/about/sustainability/economic-statement
Cree,https://www.cree.com/about/sustainability/social-responsibility
Cree,https://www.cree.com/about/suppliers-contractors/contractor-info
Cree,https://www.cree.com/about/suppliers-contractors/supplier-manual/
Cree,https://www.cree.com/about/sustainability/sustainability-reporting
Cree,https://www.cree.com/about/suppliers-contractors/cree-supplier-resources
Cree,https://www.cree.com/about/suppliers-contractors/supplier-information-form/
Ortho-Clinical Diagnostics,https://www.orthoclinicaldiagnostics.com/en-us/home/partners-associates
Nikon Corporation,https://www.nikon.com/about/ir/ir_library/result/index.htm
Nordson Corporation,http://nordson.com/en/our-company/corporate-governance
Nordson Corporation,http://nordson.com/en/our-company/ethics-and-compliance
Nordson Corporation,http://nordson.com/en/our-company/literature-search-page
Nordson Corporation,http://nordson.com/en/our-company/news-room/news-releases
Nordson Corporation,http://nordson.com/en/our-company/corporate-responsibility
Nordson Corporation,http://nordson.com/en/divisions/march/about-us/events/hkpca-2018
Nordson Corporation,http://nordson.com/en/our-company/news-room/feature-content-roll-up-page
Nordson Corporation,http://nordson.com/en/our-company/ethics-and-compliance/privacy-statement
Nordson Corporation,http://nordson.com/en/divisions/medical/about/nordson-medical-events/ici-meeting
Nordson Corporation,http://nordson.com/en/our-company/news-room/feature-content-roll-up-page/continuous-improvement-is-a-global-affair
Nordson Corporation,http://nordson.com/en/our-company/news-room/feature-content-roll-up-page/innovation-awards-honor-nordson-employees
Nordson Corporation,http://nordson.com/en/our-company/news-room/feature-content-roll-up-page/students-inspired-by-nordson-stem-outreach
Nordson Corporation,http://nordson.com/en/our-company/news-room/feature-content-roll-up-page/nordson-team-in-china-wins-badminton-championship
Nordson Corporation,http://nordson.com/en/our-company/news-room/feature-content-roll-up-page/nordson-renames-scholarship-in-honor-of-ken-kreeger
Nordson Corporation,http://nordson.com/en/our-company/news-room/feature-content-roll-up-page/meet-the-nordson-builds-scholars-we-are-supporting-this-year
Nordson Corporation,http://nordson.com/en/divisions/dage/about/news/nordson-dage-automated-on-wafer-bondtesting-recognized-with-a-global-technology-award
Nordson Corporation,http://nordson.com/en/our-company/news-room/feature-content-roll-up-page/maastricht-distribution-center-boosts-efficiency-with-new-carousel
Nordson Corporation,http://nordson.com/en/divisions/adhesive-dispensing-systems/about-adhesives/news-search/tamper-evident-pharmaceutical-packaging-using-adhesive
Nordson Corporation,http://nordson.com/en/our-company/news-room/news-releases/nordson-corporation-announces-earnings-release-and-webcast-for-fourth-quarter-and-fiscal-year-2018
Nokia Corporation,https://www.nokia.com/about-us
Nokia Corporation,https://www.nokia.com/about-us/news
Nokia Corporation,https://www.nokia.com/about-us/careers
Nokia Corporation,https://www.nokia.com/about-us/who-we-are
Nokia Corporation,https://www.nokia.com/about-us/sustainability
JX Nippon Mining & Metals Corporation,http://www.nmm.jx-group.co.jp/english/company/procurement/
JX Nippon Mining & Metals Corporation,http://www.nmm.jx-group.co.jp/english/company/japan/outline_j.html
Nexcom Technology,http://www.nexcom.com/Partner
Cyberonics,http://us.livanova.cyberonics.com/about-epilepsy/living-with-vns-therapy
Neural Signals,http://www.neuralsignals.com/?page_id=65
Kemira OY,https://www.kemira.com/company/media/newsroom/releases/kemira-increases-prices-of-water-treatment-chemicals/
Kemira OY,https://www.kemira.com/company/media/newsroom/releases/kemira-appoints-rasmus-valanko-as-head-of-corporate-responsibility/
Kemira OY,https://www.kemira.com/company/media/newsroom/releases/kemira-calls-for-tougher-implementation-of-eu-water-treatment-legislation/
Power Integrations,https://www.power.com/company
Power Integrations,https://www.power.com/company/events
Power Integrations,https://www.power.com/company/careers
Power Integrations,https://www.power.com/company/contact-us
Power Integrations,https://www.power.com/motor-driver/company/careers
Power Integrations,https://www.power.com/company/patents-and-trademarks
Power Integrations,https://www.power.com/company/sustainability-citizenship
Power Integrations,https://www.power.com/company/intellectual-property-licensing
Nationwide Children's Hospital,https://www.nationwidechildrens.org/impact-quality/partners-for-kids-pediatric-accountable-care
Nationwide Children's Hospital,https://www.nationwidechildrens.org/family-resources-education/700childrens/2017/11/its-cold-and-flu-season-visitor-restrictions-now-in-place
Sony Interactive Entertainment America LLC,https://www.sie.com/en/corporate/release/2018/181031.html
Sony Interactive Entertainment America LLC,https://www.sie.com/en/corporate/release/2018/180809.html
Sony Interactive Entertainment America LLC,https://www.sie.com/en/corporate/release/2018/180606.html
Sony Interactive Entertainment America LLC,https://www.sie.com/en/corporate/release/2018/180529.html
Sony Interactive Entertainment America LLC,https://www.sie.com/en/corporate/release/2018/180919a.html
Nanospectra Biosciences,https://nanospectra.com/company
Nanoco Technologies,http://www.nanocotechnologies.com/about-us
SolarWorld Americas Inc.,http://www.solarworld-usa.com/partner-program/program-overview
SolarWorld Americas Inc.,http://www.solarworld-usa.com/partner-program/installation-registration-redirect
Nanocopocia,https://nanocopoeia.com/history-leadership
OLYMPUS CORPORATION,http://olympusamerica.com/corporate/social_responsibility/
Morpho,https://morpho.com/en/about-us
Morpho,http://www.morpho.com/en/about-us
Baxter Healthcare SA,https://www.baxter.com/partners-suppliers
Baxter Healthcare SA,https://www.linkedin.com/company/baxter-healthcare/?WT.svl=www.baxter.com
Murata Manufacturing Co.,https://www.murata.com/
Murata Manufacturing Co.,https://www.murata.com/en-us/about/rd/stone?intcid5=com_xxx_xxx_cmn_nv_xxx
Murata Manufacturing Co.,https://www.murata.com/en-us/about/americas?intcid5=com_xxx_xxx_cmn_ft_xxx
Murata Manufacturing Co.,https://www.murata.com/en-us/about/newsroom?intcid5=com_xxx_xxx_cmn_ft_xxx
Murata Manufacturing Co.,https://www.murata.com/en-us/about/mboymgirl?intcid5=com_xxx_xxx_cmn_nv_xxx
Murata Manufacturing Co.,https://www.murata.com/en-us/about/mboymgirl?intcid5=com_xxx_xxx_cmn_ft_xxx
Murata Manufacturing Co.,https://www.murata.com/en-us/about/csr/people?intcid5=com_xxx_xxx_cmn_nv_xxx
Murata Manufacturing Co.,https://www.murata.com/en-us/about/procurement?intcid5=com_xxx_xxx_cmn_nv_xxx
Murata Manufacturing Co.,https://www.murata.com/en-us/about/procurement?intcid5=com_xxx_xxx_cmn_ft_xxx
Murata Manufacturing Co.,https://www.murata.com/en-us/about/newsroom/news?intcid5=com_xxx_xxx_cmn_hd_xxx
Murata Manufacturing Co.,https://www.murata.com/en-us/about/newsroom/news?intcid5=com_xxx_xxx_cmn_nv_xxx
Murata Manufacturing Co.,https://www.murata.com/en-us/about/newsroom/tech?intcid5=com_xxx_xxx_cmn_nv_xxx
Murata Manufacturing Co.,https://www.murata.com/en-us/about/rd/analytical?intcid5=com_xxx_xxx_cmn_nv_xxx
Murata Manufacturing Co.,https://www.murata.com/en-us/about/newsroom/news?intcid5=com_xxx_xxx_hm_ms1_xxx
Murata Manufacturing Co.,https://www.murata.com/en-us/support/faqs/company?intcid5=com_xxx_xxx_cmn_nv_xxx
Murata Manufacturing Co.,https://www.murata.com/en-us/about/mboymgirl/mboy?intcid5=com_xxx_xxx_cmn_nv_xxx
Murata Manufacturing Co.,https://www.murata.com/en-us/about/csr/topmessage?intcid5=com_xxx_xxx_cmn_nv_xxx
Murata Manufacturing Co.,https://www.murata.com/en-us/about/csr/management?intcid5=com_xxx_xxx_cmn_nv_xxx
Murata Manufacturing Co.,https://www.murata.com/en-us/about/company/history?intcid5=com_xxx_xxx_cmn_nv_xxx
Murata Manufacturing Co.,https://www.murata.com/en-us/about/mboymgirl/mgirl?intcid5=com_xxx_xxx_cmn_nv_xxx
Murata Manufacturing Co.,https://www.murata.com/en-us/about/csr/environment?intcid5=com_xxx_xxx_cmn_nv_xxx
Murata Manufacturing Co.,https://www.murata.com/en-us/about/company/business?intcid5=com_xxx_xxx_cmn_nv_xxx
Murata Manufacturing Co.,https://www.murata.com/en-us/about/newsroom/techmag?intcid5=com_xxx_xxx_cmn_nv_xxx
Murata Manufacturing Co.,https://www.murata.com/en-us/about/company/topmessage?intcid5=com_xxx_xxx_cmn_nv_xxx
Murata Manufacturing Co.,https://www.murata.com/en-us/about/company/philosophy?intcid5=com_xxx_xxx_cmn_nv_xxx
Murata Manufacturing Co.,https://www.murata.com/en-us/about/procurement/policy?intcid5=com_xxx_xxx_cmn_nv_xxx
Murata Manufacturing Co.,https://www.murata.com/en-us/about/rd/processdevelopment?intcid5=com_xxx_xxx_cmn_nv_xxx
Murata Manufacturing Co.,https://www.murata.com/en-us/about/rd/materialdevelopment?intcid5=com_xxx_xxx_cmn_nv_xxx
Murata Manufacturing Co.,https://www.murata.com/en-us/about/company/factsandfigures?intcid5=com_xxx_xxx_cmn_nv_xxx
Murata Manufacturing Co.,https://www.murata.com/en-us/about/company/muratalocations?intcid5=com_xxx_xxx_cmn_nv_xxx
Murata Manufacturing Co.,https://www.murata.com/en-us/about/mboymgirl/mcheerleaders?intcid5=com_xxx_xxx_cmn_nv_xxx
Murata Manufacturing Co.,https://www.murata.com/en-us/about/procurement/expectations?intcid5=com_xxx_xxx_cmn_nv_xxx
Murata Manufacturing Co.,https://www.murata.com/en-us/about/rd/manufacturingtechnology?intcid5=com_xxx_xxx_cmn_nv_xxx
Murata Manufacturing Co.,https://www.murata.com/en-us/about/company/mid-term%20direction%202018?intcid5=com_xxx_xxx_cmn_nv_xxx
Murata Manufacturing Co.,https://www.murata.com/en-us/about/newsroom/news/company/general/2018/1109?intcid5=com_xxx_xxx_hm_ms1_xxx
Canon,https://www.usa.canon.com/internet/portal/us/
Canon,https://www.usa.canon.com/internet/portal/us/home/about/contact-us/
Canon,https://www.usa.canon.com/internet/portal/us/home/about/about-canon
Canon,https://www.usa.canon.com/internet/portal/us/home/about/about-canon/
Canon,https://www.usa.canon.com/internet/portal/us/home/support/about-support
Canon,https://www.usa.canon.com/internet/portal/us/home/support/about-support/
Canon,https://www.usa.canon.com/internet/portal/us/home/about/newsroom/events/
Canon,https://www.usa.canon.com/internet/portal/us/home/about/to-our-customers
Canon,https://www.usa.canon.com/internet/portal/us/home/about/legal/compliance/
Canon,https://www.usa.canon.com/internet/portal/us/home/about/legal/vpat-search
Canon,https://www.usa.canon.com/internet/portal/us/home/about/legal/vpat-search/
Canon,https://www.usa.canon.com/internet/portal/us/home/about/legal/terms-of-use
Canon,https://www.usa.canon.com/internet/portal/us/home/about/careers/our-people/
Canon,https://www.usa.canon.com/internet/portal/us/home/about/newsroom/rss-feeds/
Canon,https://www.usa.canon.com/internet/portal/us/home/about/innovation/patents/
Canon,https://www.usa.canon.com/internet/portal/us/home/about/legal/terms-of-use/
Canon,https://www.usa.canon.com/internet/portal/us/home/about/careers/students/%0A
Canon,https://www.usa.canon.com/internet/portal/us/home/about/research-development/
Canon,https://www.usa.canon.com/internet/portal/us/home/about/legal/privacy-statement
Canon,https://www.usa.canon.com/internet/portal/us/home/about/newsroom/press-releases/
Canon,https://www.usa.canon.com/internet/portal/us/home/about/newsroom/press-contacts/
Canon,https://www.usa.canon.com/internet/portal/us/home/about/legal/privacy-statement/
Canon,https://www.usa.canon.com/internet/portal/us/home/about/about-canon/sponsorships/
Canon,https://www.usa.canon.com/internet/portal/us/home/about/about-canon/canon-history/
Canon,https://www.usa.canon.com/internet/portal/us/home/about/careers/learning-development
Canon,https://www.usa.canon.com/internet/portal/us/home/about/about-canon/corporate-profile/
Canon,https://www.usa.canon.com/internet/portal/us/home/about/about-canon/cusa-headquarters/
Canon,https://www.usa.canon.com/internet/portal/us/home/about/careers/benefits-compensation/
Canon,https://www.usa.canon.com/internet/portal/us/home/about/about-canon/investor-relations
Canon,https://www.usa.canon.com/internet/portal/us/home?uri=nm:oid:us.explore.ps.counterfeits
Canon,https://www.usa.canon.com/internet/portal/us/home/about/about-canon/investor-relations/
Canon,https://www.usa.canon.com/internet/portal/us/home/about/careers/diversity-inclusion/%0A
Canon,https://www.usa.canon.com/internet/portal/us/home/about/careers/rewards-recognition/%0A
Canon,https://www.usa.canon.com/internet/portal/us/home/about/newsroom/social-media-platforms/
Canon,https://www.usa.canon.com/internet/portal/us/home/about/corporate-social-responsibility/
Canon,https://www.usa.canon.com/internet/portal/us/home/about/about-canon/executive-management/
Canon,https://www.usa.canon.com/internet/portal/us/home/about/about-canon/subsidiaries-affiliates/
Canon,https://www.usa.canon.com/internet/portal/us/home/about/careers/experienced-professionals/%0A
Canon,https://www.usa.canon.com/internet/portal/us/home/about/environment-sustainability-initiatives
Canon,https://www.usa.canon.com/internet/portal/us/home/about/environment-sustainability-initiatives/
Canon,https://www.usa.canon.com/internet/portal/us/home/about/corporate-social-responsibility/environment/
Canon,https://www.usa.canon.com/internet/portal/us/home/about/research-development/imaging-system-research/
Canon,https://www.usa.canon.com/internet/portal/us/home/about/corporate-social-responsibility/art-education/
Canon,https://www.usa.canon.com/internet/portal/us/home/about/research-development/healthcare-optics-research/
Canon,https://www.usa.canon.com/internet/portal/us/home/about/environment-sustainability-initiatives/sds-search
Canon,https://www.usa.canon.com/internet/portal/us/home/about/environment-sustainability-initiatives/sds-search/
Canon,https://www.usa.canon.com/internet/portal/us/home/about/corporate-social-responsibility/yellowstone-acadia
Canon,https://www.usa.canon.com/internet/portal/us/home/about/corporate-social-responsibility/community-social-involvement/
Canon,https://www.usa.canon.com/internet/portal/us/home/about/corporate-social-responsibility/corporate-social-responsibility-guidelines/
Dana-Farber Cancer Institute,https://www.dana-farber.org/About-Us/
Dana-Farber Cancer Institute,https://www.dana-farber.org/for-patients-and-families/care-and-treatment/your-care-team/
MBC Ventures,https://www.mbc.net/en/corporate/contact-us.html
MBC Ventures,https://www.mbc.net/en/corporate/departments.html
MBC Ventures,https://www.mbc.net/en/corporate/channels/mbc1.html
MBC Ventures,https://www.mbc.net/en/corporate/channels/mbc2.html
MBC Ventures,https://www.mbc.net/en/corporate/channels/mbc3.html
MBC Ventures,https://www.mbc.net/en/corporate/channels/mbc4.html
MBC Ventures,https://www.mbc.net/en/corporate/channels/mobc.html
MBC Ventures,https://www.mbc.net/mbc/en/corporate/ventures/about
MBC Ventures,https://www.mbc.net/en/corporate/channels/mbcfm.html
MBC Ventures,https://www.mbc.net/en/corporate/channels/shahid.html
MBC Ventures,http://www.mbc.net/en/corporate/channels/alhadath.html
MBC Ventures,https://www.mbc.net/en/corporate/about-us/history.html
MBC Ventures,https://www.mbc.net/en/corporate/channels/mbc-max.html
MBC Ventures,https://www.mbc.net/en/corporate/channels/wanasah.html
MBC Ventures,https://www.mbc.net/en/corporate/channels/actionha.html
MBC Ventures,https://www.mbc.net/ar/corporate/channels/mbc-site.html
MBC Ventures,https://www.mbc.net/mbc/en/corporate/ventures/portfolio
MBC Ventures,https://www.mbc.net/mbc/en/corporate/ventures/news.html
MBC Ventures,https://www.mbc.net/en/corporate/channels/mbc-drama.html
MBC Ventures,http://www.mbc.net/en/corporate/ventures/contact-us.html
MBC Ventures,http://www.mbc.net/en/corporate/channels/MBC-Variety.html
MBC Ventures,https://www.mbc.net/en/corporate/channels/mbc-action.html
MBC Ventures,https://www.mbc.net/en/corporate/channels/mbc-persia.html
MBC Ventures,https://www.mbc.net/en/corporate/channels/panoramafm.html
MBC Ventures,https://www.mbc.net/en/corporate/channels/alarabiya-tv.html
MBC Ventures,https://www.mbc.net/en/corporate/departments/new-media.html
MBC Ventures,https://www.mbc.net/en/corporate/channels/mbc-bollywood.html
MBC Ventures,https://www.mbc.net/en/corporate/about-us/mission-vision.html
MBC Ventures,https://www.mbc.net/en/corporate/channels/alarabiya-site.html
MBC Ventures,https://www.mbc.net/mbc/en/corporate/ventures/submit-proposal
MBC Ventures,https://www.mbc.net/en/corporate/about-us/chairman-message.html
MBC Ventures,https://www.mbc.net/en/corporate/departments/mbc-marketing.html
MBC Ventures,https://www.mbc.net/en/corporate/departments/mbc-facilities.html
MBC Ventures,https://www.mbc.net/mbc/en/corporate/ventures/submit-proposal/proposal-criteria.html
Momentive Performance Materials GmbH,https://www.momentive.com/about/
Momentive Performance Materials GmbH,https://www.momentive.com/profile/login
Momentive Performance Materials GmbH,https://www.momentive.com/vision-and-values/
Momentive Performance Materials GmbH,https://www.momentive.com/careers/who-we-are/
Momentive Performance Materials GmbH,https://www.momentive.com/CorporateResponsibility/
Mitsubishi Electric Corporation,https://www.mitsubishielectric.com/en/
Mitsubishi Electric Corporation,https://www.mitsubishielectric.com/en/about/rd/maisart/index.html
Mitsubishi Electric Corporation,https://www.mitsubishielectric.com/en/about/procurement/index.html
Mitsubishi Electric Corporation,https://www.mitsubishielectric.com/en/about/history/logo/index.html
Mitsubishi Electric Corporation,https://www.mitsubishielectric.com/en/about/history/1980s/index.html
Mitsubishi Electric Corporation,https://www.mitsubishielectric.com/en/about/history/1990s/index.html
Mitsubishi Electric Corporation,https://www.mitsubishielectric.com/en/about/history/2000s/index.html
Mitsubishi Electric Corporation,https://www.mitsubishielectric.com/en/about/history/2010s/index.html
Mitsubishi Electric Corporation,https://www.mitsubishielectric.com/en/about/corporate_data/index.html
Mitsubishi Electric Corporation,https://www.mitsubishielectric.com/en/about/strategy/green/index.html
Mitsubishi Electric Corporation,https://www.mitsubishielectric.com/en/about/organization/org/index.html
Mitsubishi Electric Corporation,https://www.mitsubishielectric.com/en/about/rd/research/labs/index.html
Mitsubishi Electric Corporation,https://www.mitsubishielectric.com/en/about/history/1920s-70s/index.html
Mitsubishi Electric Corporation,https://www.mitsubishielectric.com/en/about/procurement/policy/index.html
Mitsubishi Electric Corporation,https://www.mitsubishielectric.com/en/about/rd/research/awards/index.html
Mitsubishi Electric Corporation,https://www.mitsubishielectric.com/en/about/procurement/process/index.html
Mitsubishi Electric Corporation,https://www.mitsubishielectric.com/en/about/businesses/fa_systems/index.html
Mitsubishi Electric Corporation,https://www.mitsubishielectric.com/en/about/rd/research/highlights/index.html
Mitsubishi Electric Corporation,https://www.mitsubishielectric.com/en/investors/management/message/index.html
Mitsubishi Electric Corporation,https://www.mitsubishielectric.com/en/about/organization/management/index.html
Mitsubishi Electric Corporation,https://www.mitsubishielectric.com/en/sustainability/csr/management/index.html
Mitsubishi Electric Corporation,https://www.mitsubishielectric.com/en/investors/highlights/strategy/index.html
Mitsubishi Electric Corporation,https://www.mitsubishielectric.com/en/about/businesses/power_systems/index.html
Mitsubishi Electric Corporation,https://www.mitsubishielectric.com/en/about/businesses/space_systems/index.html
Mitsubishi Electric Corporation,https://www.mitsubishielectric.com/en/about/businesses/power_devices/index.html
Mitsubishi Electric Corporation,https://www.mitsubishielectric.com/en/about/procurement/green/whatis/index.html
Mitsubishi Electric Corporation,https://www.mitsubishielectric.com/en/sustainability/csr/about_report/index.html
Mitsubishi Electric Corporation,https://www.mitsubishielectric.com/en/investors/library/corp_strategy/index.html
Mitsubishi Electric Corporation,https://www.mitsubishielectric.com/en/about/businesses/building_systems/index.html
Mitsubishi Electric Corporation,https://www.mitsubishielectric.com/en/about/procurement/green/chemicals/index.html
Mitsubishi Electric Corporation,https://www.mitsubishielectric.com/en/about/procurement/green/downloads/index.html
Mitsubishi Electric Corporation,https://www.mitsubishielectric.com/en/sustainability/environment/policy/index.html
Mitsubishi Electric Corporation,https://www.mitsubishielectric.com/en/about/rd/where-big-ideas-come-from/index.html
Mitsubishi Electric Corporation,https://www.mitsubishielectric.com/en/investors/management/corp_governance/index.html
Mitsubishi Electric Corporation,https://www.mitsubishielectric.com/en/about/businesses/automotive_equipment/index.html
Mitsubishi Electric Corporation,https://www.mitsubishielectric.com/en/about/procurement/green/accreditation/index.html
Mitsubishi Electric Corporation,https://www.mitsubishielectric.com/en/about/businesses/transportation_systems/index.html
Mitsubishi Electric Corporation,https://www.mitsubishielectric.com/en/about/businesses/airconditioning_refrigeration_systems/index.html
Ion Power Group,https://ionpowergroup.com/history
Ion Power Group,https://ionpowergroup.com/contactteam
Monsanto Technology LLC,https://monsanto.com/company
Monsanto Technology LLC,https://monsanto.com/company/sustainability/
Monsanto Technology LLC,https://monsanto.com/company/monsanto-growth-ventures/
Monsanto Technology LLC,https://monsanto.com/company/partnering-and-licensing/
Monsanto Technology LLC,https://monsanto.com/company/sustainability/biodiversity/articles/honey-bee-venture-varroa-mites/
Markel Corporation,https://www.markelcorp.com/about-markel/markel-at-a-glance
Markel Corporation,https://www.markelcorp.com/markel-assurance/leadership-team
Magnolia Solar,http://magnoliasolar.com/about/approach.html
Magnolia Solar,http://magnoliasolar.com/about/innovation.html
Magnolia Solar,http://magnoliasolar.com/resources/about_solar.html
Magnolia Solar,http://magnoliasolar.com/resources/nanotechnology.html
Magnolia Solar,http://magnoliasolar.com/in_the_news/video_company.html
Minebea Co.,http://www.minebeamitsumi.com/english/corp/environment/management_r/index.html
Macronix International Co.,http://www.macronix.com/en-us/Pages/
Macronix International Co.,http://www.macronix.com/en-us/about/CSR
Macronix International Co.,http://www.macronix.com/en-us/about/news
Macronix International Co.,http://www.macronix.com/en-us/about/careers
Macronix International Co.,http://www.macronix.com/en-us/about/contacts
Macronix International Co.,http://www.macronix.com/en-us/about/investor-relations
Macronix International Co.,http://www.macronix.com/en-us/about/quality-management
Macronix International Co.,http://www.macronix.com/en-us/about/corporate-governance
Macronix International Co.,http://www.macronix.com/en-us/about/news/Pages/Macronix-Announces-Third-Quarter-2018-Results.aspx
Macronix International Co.,http://www.macronix.com/en-us/about/news/Pages/Macronix-Introduces-New-Ultra-High-Performance-OctaFlash-Memory-and-Services-to-Power-Instant-on-Applications.aspx
Macronix International Co.,http://www.macronix.com/en-us/about/news/Pages/Macronix-Read-While-Write-(RWW)-Flash-Now-Adopted-by-Renesas%E2%80%99-Automotive-Instrument-Cluster-RH850D1M1A-MCU.aspx
MicroLink Devices,http://mldevices.com/index.php/company/news/
Lumenco,https://en.lumenco.ca/industrial-lighting/flood-lights/low-profile-led-flood-lights/
Lumenco,https://en.lumenco.ca/indoor-lighting/recessed-lights/recessed-led/low-profile-models/
Egenera,https://www.egenera.com/partner-with-us/
Egenera,https://www.egenera.com/technology-partners-2/
Egenera,https://www.egenera.com/2018/01/announcing-xterity-partner-program/
LATITUDE PHARMACEUTICALS INC.,http://latitudepharma.com/the-latitude-team/
GENERAL MOTORS LLC,https://www.gm.com/our-company/community.html
GENERAL MOTORS LLC,https://www.gm.com/our-stories/social-responsibility/gm-engineer-guides-award-winning-girls-robotics-team.html
GENERAL MOTORS LLC,https://www.gm.com/content/public/us/en/gm/home/our-stories/social-responsibility/gm-engineer-guides-award-winning-girls-robotics-team.html
PluroGen Therapeutics,http://plurogen.com/who-am-i/partner/
Adobe Systems Incorporated,https://www.adobe.com/partners.html?promoid=QTV3P7CF&mv=other
Adobe Systems Incorporated,https://www.adobe.com/about-adobe/corporate-responsibility.html?promoid=322TC14M&mv=other
Adobe Systems Incorporated,https://www.adobe.com/about-adobe/corporate-responsibility/supply-chain.html?promoid=Z9X3FQLZ&mv=other
Gestion Ultra International Inc.,https://www.luminultra.com/
Gestion Ultra International Inc.,https://www.luminultra.com/partner-community-section/
Eastman Kodak Company,https://partnerplace.kodak.com/
Eastman Kodak Company,https://kodak.com/motion/About/News/index.htm
Eastman Kodak Company,https://kodak.com/corp/aboutus/careers/default.htm
Eastman Kodak Company,https://kodak.com/corp/company/real-estate/default.htm
Eastman Kodak Company,https://kodak.com/corp/company/sustainability/default.htm
Eastman Kodak Company,https://kodak.com/US/en/motion/about/chronology_of_film/index.htm
Eastman Kodak Company,https://kodak.com/US/en/corp/aboutus/communityaffairs/default.htm
Eastman Kodak Company,https://kodak.com/corp/company/sustainability/hse/supplier-responsibility/default.htm
Basell Polyolefine GmbH,https://www.lyondellbasell.com/en/investors/quarterly-releases/
Basell Polyolefine GmbH,https://www.lyondellbasell.com/en/about-us/community-involvement/
Basell Polyolefine GmbH,https://www.lyondellbasell.com/en/investors/corporate-governance/
Basell Polyolefine GmbH,https://www.lyondellbasell.com/en/investors/company-earnings/?id=6742
Basell Polyolefine GmbH,https://www.lyondellbasell.com/en/news-events/corporate--financial-news/
Basell Polyolefine GmbH,https://www.lyondellbasell.com/link/eb00b724d1fa4fbd973cced2996983b2.aspx?id=41
Basell Polyolefine GmbH,https://www.lyondellbasell.com/en/news-events/corporate--financial-news/lyondellbasell-reports-third-quarter-2018-earnings/
Basell Polyolefine GmbH,https://www.lyondellbasell.com/en/news-events/corporate--financial-news/lyondellbasell-to-address-citi-basic-materials-conference4/
Basell Polyolefine GmbH,https://www.lyondellbasell.com/en/news-events/corporate--financial-news/lyondellbasell-announces-quarterly-dividend-and-board-appointment/
Basell Polyolefine GmbH,https://www.lyondellbasell.com/en/news-events/corporate--financial-news/lyondellbasell-and-suez-begin-jointly-operating-plastics-recycling-venture/?id=23125
Basell Polyolefine GmbH,https://www.lyondellbasell.com/en/news-events/corporate--financial-news/lyondellbasell-named-to-fortune-magazines-worlds-most-admired-companies-list-for-the-first-time/?id=22594
Linne Industries LLC,http://www.linneindustries.com/company
Novartis AG,https://www.novartis.com/our-company/contact-us/media-contacts
Novartis AG,https://www.novartis.com/our-company/contact-us/office-locations
Novartis AG,https://www.novartis.com/our-company/contact-us/investor-contacts
Novartis AG,https://www.novartis.com/our-company/corporate-responsibility/ethics-risk-compliance
Novartis AG,https://www.novartis.com/our-company/corporate-responsibility/expanding-access-healthcare
Johns Manville,https://www.jm.com/en/contact/partner-locator/
Johns Manville,https://www.jm.com/content/jm/global/en/index/our-company.html
MERCK SHARP & DOHME CORP.,https://www.merck.com/about/our-people/dan-cua.html
MERCK SHARP & DOHME CORP.,https://www.merck.com/about/how-we-operate/home.html
MERCK SHARP & DOHME CORP.,https://www.merck.com/about/our-work/hepatitis-c.html
MERCK SHARP & DOHME CORP.,https://www.merck.com/about/our-people/john-howe.html
MERCK SHARP & DOHME CORP.,https://www.merck.com/about/featured-stories/jim.html
MERCK SHARP & DOHME CORP.,https://www.merck.com/about/featured-stories/art.html
MERCK SHARP & DOHME CORP.,https://www.merck.com/about/featured-stories/home.html
MERCK SHARP & DOHME CORP.,https://www.merck.com/about/featured-stories/core.html
MERCK SHARP & DOHME CORP.,https://www.merck.com/about/our-people/mike-thien.html
MERCK SHARP & DOHME CORP.,https://www.merck.com/about/featured-stories/cham.html
MERCK SHARP & DOHME CORP.,https://www.merck.com/about/featured-stories/tice.html
MERCK SHARP & DOHME CORP.,https://www.merck.com/about/featured-stories/unga.html
MERCK SHARP & DOHME CORP.,https://www.merck.com/about/our-people/tim-cernak.html
MERCK SHARP & DOHME CORP.,https://www.merck.com/about/featured-stories/bone.html
MERCK SHARP & DOHME CORP.,https://www.merck.com/about/our-history/facts/home.html
MERCK SHARP & DOHME CORP.,https://www.merck.com/about/our-people/james-fells.html
MERCK SHARP & DOHME CORP.,https://www.merck.com/about/featured-stories/mumps.html
MERCK SHARP & DOHME CORP.,https://www.merck.com/about/our-people/luis-zuniga.html
MERCK SHARP & DOHME CORP.,https://www.merck.com/about/featured-stories/icaac.html
MERCK SHARP & DOHME CORP.,https://www.merck.com/about/our-people/caroline-fox.html
MERCK SHARP & DOHME CORP.,https://www.merck.com/about/our-people/rebecca-ruck.html
MERCK SHARP & DOHME CORP.,https://www.merck.com/about/featured-stories/austin.html
MERCK SHARP & DOHME CORP.,https://www.merck.com/about/our-people/jay-schiller.html
MERCK SHARP & DOHME CORP.,https://www.merck.com/about/our-people/noreen-rizvi.html
MERCK SHARP & DOHME CORP.,https://www.merck.com/about/our-people/paige-cramer.html
MERCK SHARP & DOHME CORP.,https://www.merck.com/about/our-people/daria-hazuda.html
MERCK SHARP & DOHME CORP.,https://www.merck.com/about/our-people/george-merck.html
MERCK SHARP & DOHME CORP.,https://www.merck.com/about/our-people/jason-cheung.html
MERCK SHARP & DOHME CORP.,https://www.merck.com/about/inventing-for-life/marc.html
MERCK SHARP & DOHME CORP.,https://www.merck.com/about/inventing-for-life/kory.html
MERCK SHARP & DOHME CORP.,https://www.merck.com/about/views-and-positions/home.html
MERCK SHARP & DOHME CORP.,https://www.merck.com/about/featured-stories/id-week.html
MERCK SHARP & DOHME CORP.,https://www.merck.com/about/our-people/rob-garbaccio.html
MERCK SHARP & DOHME CORP.,https://www.merck.com/about/featured-stories/peptalk.html
MERCK SHARP & DOHME CORP.,https://www.merck.com/about/our-people/chris-kistler.html
MERCK SHARP & DOHME CORP.,https://www.merck.com/about/our-people/paul-reichert.html
MERCK SHARP & DOHME CORP.,https://www.merck.com/about/featured-stories/mfm_TED.html
MERCK SHARP & DOHME CORP.,https://www.merck.com/about/featured-stories/fellows.html
MERCK SHARP & DOHME CORP.,https://www.merck.com/about/inventing-for-life/daisy.html
MERCK SHARP & DOHME CORP.,https://www.merck.com/about/featured-stories/adoption.html
MERCK SHARP & DOHME CORP.,https://www.merck.com/about/featured-stories/mectizan.html
MERCK SHARP & DOHME CORP.,https://www.merck.com/about/our-people/spencer-dreher.html
MERCK SHARP & DOHME CORP.,https://www.merck.com/about/featured-stories/sun_tips.html
MERCK SHARP & DOHME CORP.,https://www.merck.com/about/our-people/ayesha-sitlani.html
MERCK SHARP & DOHME CORP.,https://www.merck.com/about/featured-stories/oncology.html
MERCK SHARP & DOHME CORP.,https://www.merck.com/about/featured-stories/work-life.html
MERCK SHARP & DOHME CORP.,https://www.merck.com/about/featured-stories/dave-hull.html
MERCK SHARP & DOHME CORP.,https://www.merck.com/about/featured-stories/packaging.html
MERCK SHARP & DOHME CORP.,https://www.merck.com/about/featured-stories/sam-engel.html
MERCK SHARP & DOHME CORP.,https://www.merck.com/about/featured-stories/superbugs.html
MERCK SHARP & DOHME CORP.,https://www.merck.com/about/featured-stories/discovery.html
MERCK SHARP & DOHME CORP.,https://www.merck.com/about/featured-stories/hepc-vets.html
MERCK SHARP & DOHME CORP.,https://www.merck.com/about/featured-stories/wcd-video.html
MERCK SHARP & DOHME CORP.,https://www.merck.com/about/our-people/harriet-johnson.html
MERCK SHARP & DOHME CORP.,https://www.merck.com/about/featured-stories/real_talk.html
MERCK SHARP & DOHME CORP.,https://www.merck.com/about/featured-stories/melanoma2.html
MERCK SHARP & DOHME CORP.,https://www.merck.com/about/featured-stories/insomnia2.html
MERCK SHARP & DOHME CORP.,https://www.merck.com/about/featured-stories/hope-award.html
MERCK SHARP & DOHME CORP.,https://www.merck.com/about/featured-stories/pov-scot-e.html
MERCK SHARP & DOHME CORP.,https://www.merck.com/about/our-people/angela-jablonski.html
MERCK SHARP & DOHME CORP.,https://www.merck.com/about/featured-stories/adam-scott.html
MERCK SHARP & DOHME CORP.,https://www.merck.com/about/featured-stories/alzheimers.html
MERCK SHARP & DOHME CORP.,https://www.merck.com/about/featured-stories/fellowship.html
MERCK SHARP & DOHME CORP.,https://www.merck.com/about/our-people/daisy-richardson.html
MERCK SHARP & DOHME CORP.,https://www.merck.com/about/featured-stories/antibiotic.html
MERCK SHARP & DOHME CORP.,https://www.merck.com/about/featured-stories/ewec_recap.html
MERCK SHARP & DOHME CORP.,https://www.merck.com/about/featured-stories/julie-award.html
MERCK SHARP & DOHME CORP.,https://www.merck.com/about/our-people/stephanie-barrett.html
MERCK SHARP & DOHME CORP.,https://www.merck.com/about/featured-stories/what-is-hpv.html
MERCK SHARP & DOHME CORP.,https://www.merck.com/about/featured-stories/spider-bite.html
MERCK SHARP & DOHME CORP.,https://www.merck.com/about/featured-stories/pov-bao-lam.html
MERCK SHARP & DOHME CORP.,https://www.merck.com/about/our-people/gokul-swaminathan.html
MERCK SHARP & DOHME CORP.,https://www.merck.com/about/featured-stories/susan-shiff.html
MERCK SHARP & DOHME CORP.,https://www.merck.com/about/our-people/arnaub-chatterjee.html
MERCK SHARP & DOHME CORP.,https://www.merck.com/about/featured-stories/nobel-prize.html
MERCK SHARP & DOHME CORP.,https://www.merck.com/about/featured-stories/hepc-stigma.html
MERCK SHARP & DOHME CORP.,https://www.merck.com/about/featured-stories/will-bowden.html
MERCK SHARP & DOHME CORP.,https://www.merck.com/about/featured-stories/eliav-eirum.html
MERCK SHARP & DOHME CORP.,https://www.merck.com/about/featured-stories/lung-cancer.html
MERCK SHARP & DOHME CORP.,https://www.merck.com/about/featured-stories/c-difficile.html
MERCK SHARP & DOHME CORP.,https://www.merck.com/about/featured-stories/frazier_cgi.html
MERCK SHARP & DOHME CORP.,https://www.merck.com/about/featured-stories/dalya-guris.html
MERCK SHARP & DOHME CORP.,https://www.merck.com/about/featured-stories/japan_beach.html
MERCK SHARP & DOHME CORP.,https://www.merck.com/about/featured-stories/hepatitis_c.html
MERCK SHARP & DOHME CORP.,https://www.merck.com/about/corporate-responsibility/home.html
MERCK SHARP & DOHME CORP.,https://www.merck.com/about/how-we-operate/diversity/home.html
MERCK SHARP & DOHME CORP.,https://www.merck.com/about/featured-stories/why-so-awake.html
MERCK SHARP & DOHME CORP.,https://www.merck.com/about/featured-stories/nicole-pulli.html
MERCK SHARP & DOHME CORP.,https://www.merck.com/about/featured-stories/merck-amazon.html
MERCK SHARP & DOHME CORP.,https://www.merck.com/about/featured-stories/project-ECHO.html
MERCK SHARP & DOHME CORP.,https://www.merck.com/about/featured-stories/its-personal.html
MERCK SHARP & DOHME CORP.,https://www.merck.com/about/featured-stories/heart-health.html
MERCK SHARP & DOHME CORP.,https://www.merck.com/about/featured-stories/beyond_tired.html
MERCK SHARP & DOHME CORP.,https://www.merck.com/about/how-we-operate/compliance/home.html
MERCK SHARP & DOHME CORP.,https://www.merck.com/about/featured-stories/cancer-heroes.html
MERCK SHARP & DOHME CORP.,https://www.merck.com/about/featured-stories/marion-weston.html
MERCK SHARP & DOHME CORP.,https://www.merck.com/about/featured-stories/cambridge-mrl.html
MERCK SHARP & DOHME CORP.,https://www.merck.com/about/featured-stories/erika-carbray.html
MERCK SHARP & DOHME CORP.,https://www.merck.com/about/featured-stories/merck-fellows.html
MERCK SHARP & DOHME CORP.,https://www.merck.com/about/featured-stories/diabetes_care.html
MERCK SHARP & DOHME CORP.,https://www.merck.com/about/featured-stories/volunteer-125.html
MERCK SHARP & DOHME CORP.,https://www.merck.com/about/featured-stories/pov-jon-cheng.html
MERCK SHARP & DOHME CORP.,https://www.merck.com/about/featured-stories/hpv-awareness.html
MERCK SHARP & DOHME CORP.,https://www.merck.com/about/featured-stories/karen-bachert.html
MERCK SHARP & DOHME CORP.,https://www.merck.com/about/featured-stories/pov-sam-engel.html
MERCK SHARP & DOHME CORP.,https://www.merck.com/about/featured-stories/impact-cancer.html
MERCK SHARP & DOHME CORP.,https://www.merck.com/about/featured-stories/animal-health.html
MERCK SHARP & DOHME CORP.,https://www.merck.com/about/featured-stories/hepc-advocacy.html
MERCK SHARP & DOHME CORP.,https://www.merck.com/about/featured-stories/frazier_award.html
MERCK SHARP & DOHME CORP.,https://www.merck.com/about/featured-stories/idesign_davis.html
MERCK SHARP & DOHME CORP.,https://www.merck.com/about/featured-stories/impact_cancer.html
MERCK SHARP & DOHME CORP.,https://www.merck.com/about/featured-stories/alfred-alberts.html
MERCK SHARP & DOHME CORP.,https://www.merck.com/about/featured-stories/nicole-mahoney.html
MERCK SHARP & DOHME CORP.,https://www.merck.com/about/featured-stories/aspen-festival.html
MERCK SHARP & DOHME CORP.,https://www.merck.com/about/featured-stories/bladder-cancer.html
MERCK SHARP & DOHME CORP.,https://www.merck.com/about/featured-stories/parental-leave.html
MERCK SHARP & DOHME CORP.,https://www.merck.com/about/featured-stories/skinner-family.html
MERCK SHARP & DOHME CORP.,https://www.merck.com/about/featured-stories/ebola-outbreak.html
MERCK SHARP & DOHME CORP.,https://www.merck.com/about/featured-stories/silent-disease.html
MERCK SHARP & DOHME CORP.,https://www.merck.com/about/featured-stories/celeste-warren.html
MERCK SHARP & DOHME CORP.,https://www.merck.com/about/featured-stories/migrant_relief.html
MERCK SHARP & DOHME CORP.,https://www.merck.com/about/our-people/alexander-santanilla.html
MERCK SHARP & DOHME CORP.,https://www.merck.com/about/featured-stories/cr_report_2014.html
MERCK SHARP & DOHME CORP.,https://www.merck.com/about/featured-stories/parasites_quiz.html
MERCK SHARP & DOHME CORP.,https://www.merck.com/about/featured-stories/pov-eric-rubin.html
MERCK SHARP & DOHME CORP.,https://www.merck.com/about/featured-stories/g-i-recognition.html
MERCK SHARP & DOHME CORP.,https://www.merck.com/about/featured-stories/pov-mary-savage.html
MERCK SHARP & DOHME CORP.,https://www.merck.com/about/featured-stories/mirian-graddick.html
MERCK SHARP & DOHME CORP.,https://www.merck.com/about/featured-stories/journey-control.html
MERCK SHARP & DOHME CORP.,https://www.merck.com/about/featured-stories/H-Boyd-Woodruff.html
MERCK SHARP & DOHME CORP.,https://www.merck.com/about/featured-stories/health-literacy.html
MERCK SHARP & DOHME CORP.,https://www.merck.com/about/featured-stories/diabetes-basics.html
MERCK SHARP & DOHME CORP.,https://www.merck.com/about/featured-stories/vaccine-history.html
MERCK SHARP & DOHME CORP.,https://www.merck.com/about/featured-stories/greg_lubiniecki.html
MERCK SHARP & DOHME CORP.,https://www.merck.com/about/featured-stories/alzheimers_walk.html
MERCK SHARP & DOHME CORP.,https://www.merck.com/about/featured-stories/hiv_anniversary.html
MERCK SHARP & DOHME CORP.,https://www.merck.com/about/featured-stories/may_mothers2015.html
MERCK SHARP & DOHME CORP.,https://www.merck.com/about/featured-stories/clinical_trials.html
MERCK SHARP & DOHME CORP.,https://www.merck.com/about/featured-stories/diabetes_basics.html
MERCK SHARP & DOHME CORP.,https://www.merck.com/about/featured-stories/diabetes_travel.html
MERCK SHARP & DOHME CORP.,https://www.merck.com/about/featured-stories/vaccine_history.html
MERCK SHARP & DOHME CORP.,https://www.merck.com/about/featured-stories/positive-choices.html
MERCK SHARP & DOHME CORP.,https://www.merck.com/about/featured-stories/hurricane-harvey.html
MERCK SHARP & DOHME CORP.,https://www.merck.com/about/featured-stories/vaccine-pioneers.html
MERCK SHARP & DOHME CORP.,https://www.merck.com/about/featured-stories/dorothy-robinson.html
MERCK SHARP & DOHME CORP.,https://www.merck.com/about/featured-stories/mrl-san-fran-lab.html
MERCK SHARP & DOHME CORP.,https://www.merck.com/about/featured-stories/pov-roger-dansey.html
MERCK SHARP & DOHME CORP.,https://www.merck.com/about/featured-stories/women-in-science.html
MERCK SHARP & DOHME CORP.,https://www.merck.com/about/featured-stories/diabetes-fasting.html
MERCK SHARP & DOHME CORP.,https://www.merck.com/about/featured-stories/diabetes_fasting.html
MERCK SHARP & DOHME CORP.,https://www.merck.com/about/featured-stories/volunteer_schell.html
MERCK SHARP & DOHME CORP.,https://www.merck.com/about/leadership/board-of-directors/home.html
MERCK SHARP & DOHME CORP.,https://www.merck.com/about/featured-stories/be-well-challenge.html
MERCK SHARP & DOHME CORP.,https://www.merck.com/about/featured-stories/125th_anniversary.html
MERCK SHARP & DOHME CORP.,https://www.merck.com/about/featured-stories/elliott-hiv-story.html
MERCK SHARP & DOHME CORP.,https://www.merck.com/about/featured-stories/diabetes_research.html
MERCK SHARP & DOHME CORP.,https://www.merck.com/about/featured-stories/rabies-prevention.html
MERCK SHARP & DOHME CORP.,https://www.merck.com/about/leadership/executive-committee/home.html
MERCK SHARP & DOHME CORP.,https://www.merck.com/about/perspectives/perspective-series-bob.html
MERCK SHARP & DOHME CORP.,https://www.merck.com/about/views-and-positions/innovation/home.html
MERCK SHARP & DOHME CORP.,https://www.merck.com/about/featured-stories/cathy-piatenza-q-a.html
MERCK SHARP & DOHME CORP.,https://www.merck.com/about/featured-stories/may-is-for-mothers.html
MERCK SHARP & DOHME CORP.,https://www.merck.com/about/featured-stories/pov-adam-schechter.html
MERCK SHARP & DOHME CORP.,https://www.merck.com/about/featured-stories/microbiology-story.html
MERCK SHARP & DOHME CORP.,https://www.merck.com/about/featured-stories/be-safe-in-the-sun.html
MERCK SHARP & DOHME CORP.,https://www.merck.com/about/featured-stories/diabetes-challenge.html
MERCK SHARP & DOHME CORP.,https://www.merck.com/about/featured-stories/women-in-the-world.html
MERCK SHARP & DOHME CORP.,https://www.merck.com/about/featured-stories/commitment_to_hepc.html
MERCK SHARP & DOHME CORP.,https://www.merck.com/about/featured-stories/using-water-wisely.html
MERCK SHARP & DOHME CORP.,https://www.merck.com/about/perspectives/perspective-series-eric.html
MERCK SHARP & DOHME CORP.,https://www.merck.com/about/perspectives/perspective-series-adam.html
MERCK SHARP & DOHME CORP.,https://www.merck.com/about/how-we-operate/diversity/what-we-buy.html
MERCK SHARP & DOHME CORP.,https://www.merck.com/about/how-we-operate/diversity/definitions.html
MERCK SHARP & DOHME CORP.,https://www.merck.com/about/featured-stories/discovery-chemistry.html
MERCK SHARP & DOHME CORP.,https://www.merck.com/about/featured-stories/pov-greg-lubiniecki.html
MERCK SHARP & DOHME CORP.,https://www.merck.com/about/featured-stories/faces-of-the-future.html
MERCK SHARP & DOHME CORP.,https://www.merck.com/about/featured-stories/vagelos-aha-honoree.html
MERCK SHARP & DOHME CORP.,https://www.merck.com/about/featured-stories/predicting_progress.html
MERCK SHARP & DOHME CORP.,https://www.merck.com/about/perspectives/perspective-series-davis.html
MERCK SHARP & DOHME CORP.,https://www.merck.com/about/perspectives/perspective-series-roach.html
MERCK SHARP & DOHME CORP.,https://www.merck.com/about/perspectives/perspective-series-nally.html
MERCK SHARP & DOHME CORP.,https://www.merck.com/about/perspectives/perspective-series-thien.html
MERCK SHARP & DOHME CORP.,https://www.merck.com/about/how-we-operate/code-of-conduct/values.html
MERCK SHARP & DOHME CORP.,https://www.merck.com/about/how-we-operate/diversity/mwbe_feature.html
MERCK SHARP & DOHME CORP.,https://www.merck.com/about/featured-stories/bacterial-infections.html
MERCK SHARP & DOHME CORP.,https://www.merck.com/about/featured-stories/pov-arun-balakumaran.html
MERCK SHARP & DOHME CORP.,https://www.merck.com/about/featured-stories/pov-julie-gerberding.html
MERCK SHARP & DOHME CORP.,https://www.merck.com/about/featured-stories/cancer-care-alliance.html
MERCK SHARP & DOHME CORP.,https://www.merck.com/about/featured-stories/diabetes_disparities.html
MERCK SHARP & DOHME CORP.,https://www.merck.com/about/perspectives/perspective-series-baynes.html
MERCK SHARP & DOHME CORP.,https://www.merck.com/about/perspectives/perspective-series-laurie.html
MERCK SHARP & DOHME CORP.,https://www.merck.com/about/perspectives/perspective-series-brenda.html
MERCK SHARP & DOHME CORP.,https://www.merck.com/about/perspectives/perspective-series-mirian.html
MERCK SHARP & DOHME CORP.,https://www.merck.com/about/featured-stories/sleep-awareness-month.html
MERCK SHARP & DOHME CORP.,https://www.merck.com/about/featured-stories/your-cancer-game-plan.html
MERCK SHARP & DOHME CORP.,https://www.merck.com/about/featured-stories/test-talk-take-action.html
MERCK SHARP & DOHME CORP.,https://www.merck.com/about/featured-stories/carolyn-breast-cancer.html
MERCK SHARP & DOHME CORP.,https://www.merck.com/about/featured-stories/collaborating-to-cure.html
MERCK SHARP & DOHME CORP.,https://www.merck.com/about/featured-stories/marisa-dolled-filhart.html
MERCK SHARP & DOHME CORP.,https://www.merck.com/about/perspectives/perspective-series-butcher.html
MERCK SHARP & DOHME CORP.,https://www.merck.com/about/perspectives/perspective-series-etiebet.html
MERCK SHARP & DOHME CORP.,https://www.merck.com/about/perspectives/perspective-series-menture.html
MERCK SHARP & DOHME CORP.,https://www.merck.com/about/perspectives/perspective-series-celeste.html
MERCK SHARP & DOHME CORP.,https://www.merck.com/about/featured-stories/drone-delivery-program.html
MERCK SHARP & DOHME CORP.,https://www.merck.com/about/featured-stories/immunization-awareness.html
MERCK SHARP & DOHME CORP.,https://www.merck.com/about/featured-stories/canine-influenza-virus.html
MERCK SHARP & DOHME CORP.,https://www.merck.com/about/perspectives/perspective-sandra-milligan.html
MERCK SHARP & DOHME CORP.,https://www.merck.com/about/how-we-operate/diversity/chief-diversity.html
MERCK SHARP & DOHME CORP.,https://www.merck.com/about/featured-stories/world_diabetes_day_2017.html
MERCK SHARP & DOHME CORP.,https://www.merck.com/about/featured-stories/natural-disaster-relief.html
MERCK SHARP & DOHME CORP.,https://www.merck.com/about/featured-stories/her-life-her-adventures.html
MERCK SHARP & DOHME CORP.,https://www.merck.com/about/featured-stories/mectizan-guiness-record.html
MERCK SHARP & DOHME CORP.,https://www.merck.com/about/featured-stories/world_diabetes_day_2016.html
MERCK SHARP & DOHME CORP.,https://www.merck.com/about/featured-stories/world-immunization-week.html
MERCK SHARP & DOHME CORP.,https://www.merck.com/about/featured-stories/world_diabetes_day_2015.html
MERCK SHARP & DOHME CORP.,https://www.merck.com/about/featured-stories/diabetes_challenge_2015.html
MERCK SHARP & DOHME CORP.,https://www.merck.com/about/perspectives/perspective-series-adam-2017.html
MERCK SHARP & DOHME CORP.,https://www.merck.com/about/featured-stories/understanding-biomarkers.html
MERCK SHARP & DOHME CORP.,https://www.merck.com/about/featured-stories/infant-immunization-week.html
MERCK SHARP & DOHME CORP.,https://www.merck.com/about/featured-stories/employee-disaster-relief.html
MERCK SHARP & DOHME CORP.,https://www.merck.com/about/featured-stories/corporate-responsibility.html
MERCK SHARP & DOHME CORP.,https://www.merck.com/about/featured-stories/leader-in-immuno-oncology.html
MERCK SHARP & DOHME CORP.,https://www.merck.com/about/featured-stories/your-cancer-gameplan-lung.html
MERCK SHARP & DOHME CORP.,https://www.merck.com/about/featured-stories/diversity-inclusion-month.html
MERCK SHARP & DOHME CORP.,https://www.merck.com/about/featured-stories/melanoma-never-walk-alone.html
MERCK SHARP & DOHME CORP.,https://www.merck.com/about/how-we-operate/diversity/employee-diversity.html
MERCK SHARP & DOHME CORP.,https://www.merck.com/about/how-we-operate/diversity/supplier-diversity.html
MERCK SHARP & DOHME CORP.,https://www.merck.com/about/views-and-positions/quality-and-safety/home.html
MERCK SHARP & DOHME CORP.,https://www.merck.com/about/views-and-positions/access-to-medicines/home.html
MERCK SHARP & DOHME CORP.,https://www.merck.com/about/featured-stories/diabetes_hispanic_community.html
MERCK SHARP & DOHME CORP.,https://www.merck.com/about/featured-stories/fellowship-for-global-health.html
MERCK SHARP & DOHME CORP.,https://www.merck.com/about/featured-stories/corporate-responsibility-2018.html
MERCK SHARP & DOHME CORP.,https://www.merck.com/about/featured-stories/corporate-responsibility-2017.html
MERCK SHARP & DOHME CORP.,https://www.merck.com/about/featured-stories/your-cancer-game-plan-schmidt.html
MERCK SHARP & DOHME CORP.,https://www.merck.com/about/perspectives/perspective-series-cathryn-gunther.html
MERCK SHARP & DOHME CORP.,https://www.merck.com/about/featured-stories/your-cancer-gameplan-challenge.html
MERCK SHARP & DOHME CORP.,https://www.merck.com/about/featured-stories/understanding-head-neck-cancer.html
MERCK SHARP & DOHME CORP.,https://www.merck.com/about/views-and-positions/access-and-affordability/home.html
MERCK SHARP & DOHME CORP.,https://www.merck.com/about/views-and-positions/trade-association-memberships.html
MERCK SHARP & DOHME CORP.,https://www.merck.com/about/featured-stories/merck-and-american-manufacturing.html
MERCK SHARP & DOHME CORP.,https://www.merck.com/about/how-we-operate/diversity/programs-and-partnerships.html
MERCK SHARP & DOHME CORP.,https://www.merck.com/about/featured-stories/new-approaches-to-fighting-cancer.html
MERCK SHARP & DOHME CORP.,https://www.merck.com/about/how-we-operate/code-of-conduct/values-and-standards.html
MERCK SHARP & DOHME CORP.,https://www.merck.com/about/how-we-operate/diversity/register-potential-supplier.html
MERCK SHARP & DOHME CORP.,https://www.merck.com/about/featured-stories/commitment-prevention-care-for-ncds.html
MERCK SHARP & DOHME CORP.,https://www.merck.com/about/views-and-positions/public-policy-position-statements.html
MERCK SHARP & DOHME CORP.,https://www.merck.com/about/how-we-operate/privacy/employment-privacy-and-data-protection.html
MERCK SHARP & DOHME CORP.,https://www.merck.com/about/views-and-positions/responsible-public-policy-and-advocacy/home.html
Epizyme,http://www.epizyme.com/about-us/
New England Biolabs,https://www.neb.com/about-neb/research
New England Biolabs,https://www.neb.com/about-neb/business-development-opportunities
DRS Network & Imaging Systems,https://www.leonardodrs.com/about-us/contract-vehicles/
Olympus NDT,https://www.olympus-ims.com/about-us
Olympus NDT,https://www.olympus-ims.com/support/ethics-corporate-compliance/
Olympus NDT,https://www.olympus-ims.com/resources/webinars/5-things-you-need-to-know-about-surface-metrology/
Medicis Pharmaceutical Corporation,https://www.bauschhealth.com/About-Us
Medicis Pharmaceutical Corporation,https://www.bauschhealth.com/About-Us/Contact-Us
Avery Dennison Corporation,http://www.averydennison.com/en/home/about-us/careers/Early-Career-Development.html
Avery Dennison Corporation,http://www.averydennison.com/en/home/about-us/careers/asia-pacific-career-search.html
Avery Dennison Corporation,http://www.averydennison.com/en/home/about-us/careers/north-america-career-search.html
Avery Dennison Corporation,http://www.averydennison.com/en/home/about-us/careers/latin-america-career-search.html
Avery Dennison Corporation,http://www.averydennison.com/en/home/about-us/careers/early-career-development-search.html
Avery Dennison Corporation,http://www.averydennison.com/en/home/newsroom/avery-dennison-blog/Corporate-Blog/open-eyes-and-a-helping-hand-inspire-anne-hill-to-support-the-lily-project.html
Avery Dennison Corporation,http://www.averydennison.com/en/home/newsroom/avery-dennison-blog/Corporate-Blog/supporting-avery-dennison-foundation-at-invent-scholarship-ceremony-in-india.html
Meyer Tool,https://www.meyertool.com/trusted-manufacturing-partner/
IDEX Health & Science LLC,https://www.idex-hs.com/idexology/partnership-studies/
IDEX Health & Science LLC,https://www.idex-hs.com/about-us/legal-notices/privacy-policy/
IDEX Health & Science LLC,https://www.idex-hs.com/about-us/legal-notices/chemical-compatibility-disclaimer/
IDEX Health & Science LLC,https://www.idex-hs.com/about-us/legal-notices/general-conditions-for-use-of-this-site/
Pioneer Energy,http://mypioneerenergy.com/become-a-partner.aspx
Bioneer Corporation,https://us.bioneer.com/SAMiRNA/BusinessDP.aspx
Integrated Device Technology,https://www.idt.com/about/careers/why-idt
MAXLINEAR,http://www.maxlinear.com/corporate-social-responsibility/
Johnson & Johnson Vision Care,https://jjvision.com/about-us
SanDisk Technologies LLC,https://www.sandisk.com/home/ssd/
SanDisk Technologies LLC,https://www.sandisk.com/about.html
SanDisk Technologies LLC,https://www.sandisk.com/home/extreme-team.html
SanDisk Technologies LLC,https://www.sandisk.com/about/legal/privacy.html
SanDisk Technologies LLC,https://www.sandisk.com/home/extreme-team/tom-bol.html
SanDisk Technologies LLC,https://www.sandisk.com/home/extreme-team/cs-ling.html
SanDisk Technologies LLC,https://www.sandisk.com/home/extreme-team/alex-liu.html
SanDisk Technologies LLC,https://www.sandisk.com/home/extreme-team/akash-das.html
SanDisk Technologies LLC,https://www.sandisk.com/home/extreme-team/dom-daher.html
SanDisk Technologies LLC,https://www.sandisk.com/home/extreme-team/tim-laman.html
SanDisk Technologies LLC,https://www.sandisk.com/home/extreme-team/jeff-lewis.html
SanDisk Technologies LLC,https://www.sandisk.com/home/extreme-team/corey-rich.html
SanDisk Technologies LLC,https://www.sandisk.com/home/extreme-team/kike-calvo.html
SanDisk Technologies LLC,https://www.sandisk.com/home/extreme-team/daniel-fox.html
SanDisk Technologies LLC,https://www.sandisk.com/home/extreme-team/ellen-anon.html
SanDisk Technologies LLC,https://www.sandisk.com/home/extreme-team/sean-scott.html
SanDisk Technologies LLC,https://www.sandisk.com/home/extreme-team/dave-black.html
SanDisk Technologies LLC,https://www.sandisk.com/home/extreme-team/amy-tierney.html
SanDisk Technologies LLC,https://www.sandisk.com/home/extreme-team/steve-simon.html
SanDisk Technologies LLC,https://www.sandisk.com/home/extreme-team/marcus-bell.html
SanDisk Technologies LLC,https://www.sandisk.com/home/extreme-team/phil-coates.html
SanDisk Technologies LLC,https://www.sandisk.com/home/extreme-team/joao-carlos.html
SanDisk Technologies LLC,https://www.sandisk.com/home/extreme-team/walter-iooss.html
SanDisk Technologies LLC,https://www.sandisk.com/home/extreme-team/lucas-gilman.html
SanDisk Technologies LLC,https://www.sandisk.com/home/extreme-team/david-newton.html
SanDisk Technologies LLC,https://www.sandisk.com/home/extreme-team/renan-ozturk.html
SanDisk Technologies LLC,https://www.sandisk.com/home/extreme-team/nick-didlick.html
SanDisk Technologies LLC,https://www.sandisk.com/home/extreme-team/steve-mccurry.html
SanDisk Technologies LLC,https://www.sandisk.com/home/extreme-team/caio-guatelli.html
SanDisk Technologies LLC,https://www.sandisk.com/home/extreme-team/terrell-lloyd.html
SanDisk Technologies LLC,https://www.sandisk.com/home/extreme-team/peter-eastway.html
SanDisk Technologies LLC,https://www.sandisk.com/home/extreme-team/cliff-mautner.html
SanDisk Technologies LLC,https://www.sandisk.com/home/extreme-team/sam-nicholson.html
SanDisk Technologies LLC,https://www.sandisk.com/home/extreme-team/paolo-baccolo.html
SanDisk Technologies LLC,https://www.sandisk.com/home/extreme-team/richard-walch.html
SanDisk Technologies LLC,https://www.sandisk.com/home/extreme-team/george-karbus.html
SanDisk Technologies LLC,https://www.sandisk.com/home/extreme-team/akito-mizutani.html
SanDisk Technologies LLC,https://www.sandisk.com/home/extreme-team/michael-grecco.html
SanDisk Technologies LLC,https://www.sandisk.com/home/extreme-team/kaustav-saikia.html
SanDisk Technologies LLC,https://www.sandisk.com/home/extreme-team/bambi-cantrell.html
SanDisk Technologies LLC,https://www.sandisk.com/home/extreme-team/marcelo-maragni.html
SanDisk Technologies LLC,https://www.sandisk.com/home/extreme-team/vincent-laforet.html
SanDisk Technologies LLC,https://www.sandisk.com/home/extreme-team/kirill-umrikhin.html
SanDisk Technologies LLC,https://www.sandisk.com/home/extreme-team/patrick-bellair.html
SanDisk Technologies LLC,https://www.sandisk.com/home/extreme-team/daisy-gilardini.html
SanDisk Technologies LLC,https://www.sandisk.com/home/extreme-team/georg-tappeiner.html
SanDisk Technologies LLC,https://www.sandisk.com/home/extreme-team/lars-schwellnus.html
SanDisk Technologies LLC,https://www.sandisk.com/home/extreme-team/elizabeth-kreutz.html
SanDisk Technologies LLC,https://www.sandisk.com/home/extreme-team/scott-a-woodward.html
SanDisk Technologies LLC,https://www.sandisk.com/home/extreme-team/sebastien-devaud.html
SanDisk Technologies LLC,https://www.sandisk.com/home/extreme-team/fred-pompermayer.html
SanDisk Technologies LLC,https://www.sandisk.com/home/extreme-team/wendell-phillips.html
SanDisk Technologies LLC,https://www.sandisk.com/home/extreme-team/tyler-stableford.html
SanDisk Technologies LLC,https://www.sandisk.com/home/extreme-team/christian-pondella.html
SanDisk Technologies LLC,https://www.sandisk.com/home/extreme-team/bob-and-dawn-davis.html
SanDisk Technologies LLC,https://www.sandisk.com/home/extreme-team/zach-and-jody-gray.html
SanDisk Technologies LLC,https://www.sandisk.com/home/extreme-team/christian-norgaard.html
SanDisk Technologies LLC,https://www.sandisk.com/home/extreme-team/marcel-laemmerhirt.html
SanDisk Technologies LLC,https://www.sandisk.com/home/extreme-team/claudia-goetzelmann.html
SanDisk Technologies LLC,https://www.sandisk.com/home/extreme-team/richard-finn-gregory.html
SanDisk Technologies LLC,https://www.sandisk.com/home/extreme-team/matthew-jordan-smith.html
SanDisk Technologies LLC,https://www.sandisk.com/content/sandisk-main/en_us/home/extreme-team
SanDisk Technologies LLC,https://www.sandisk.com/home/extreme-team/jonathan-and-angela-scott.html
Lake Lite,https://www.lakelite.com/about-us
Lake Lite,https://www.lakelite.com/profiles-update/
Schneider Electric Solar Inverters USA,https://solar.schneider-electric.com/a-bankable-partner-for-solar/
Schneider Electric Solar Inverters USA,https://solar.schneider-electric.com/schneider-electric-solar-business-and-miller-bros-solar-enter-into-a-services-partnership-in-north-america/
Janssen Biotech,https://www.janssen.com/partnerships
Janssen Biotech,http://www.janssen.com/dennis-frohlich-artist
Microchip Technology Incorporated,https://www.microchip.com/aboutus/
Lumentum Operations LLC,https://www.lumentum.com/
Intuitive Surgical Operations,https://www.intuitive.com/en/about-us/investors
Intuitive Surgical Operations,https://www.intuitive.com/about-us/company/legal/safety-information
AMPT,http://www.ampt.com/
AMPT,http://www.ampt.com/partners/
AMPT,http://www.ampt.com/partners/hdpv-alliance/
AMPT,http://www.ampt.com/partners/inverter-partners/
AMPT,http://www.ampt.com/partners/partner-solutions/
Magna International Inc.,https://www.magna.com/company/careers/job-alerts
Magna International Inc.,https://www.magna.com/company/company-information
Magna International Inc.,https://www.magna.com/company/suppliers/north-america
Magna International Inc.,https://www.magna.com/company/suppliers/south-america
Magna International Inc.,https://www.magna.com/company/for-employees/job-alerts
Magna International Inc.,https://www.magna.com/company/newsroom/industry-events
Magna International Inc.,https://www.magna.com/company/for-employees/our-culture
Magna International Inc.,https://www.magna.com/company/careers/why-work-at-magna
Magna International Inc.,https://www.magna.com/company/careers/recruiting-events
Magna International Inc.,https://www.magna.com/company/company-information/awards
Magna International Inc.,https://www.magna.com/company/sustainability/environment
Magna International Inc.,https://www.magna.com/company/for-employees/open-positions
Magna International Inc.,https://www.magna.com/company/careers/career-opportunities
Magna International Inc.,https://www.magna.com/company/company-information/customers
Magna International Inc.,https://www.magna.com/company/sustainability/people-community
Magna International Inc.,https://www.magna.com/company/company-information/global-reach
Magna International Inc.,https://www.magna.com/company/company-information/magna-groups
Magna International Inc.,https://www.magna.com/company/company-information/facts-history
Magna International Inc.,https://www.magna.com/company/investors/shareholder-information
Magna International Inc.,https://www.magna.com/company/investors/financial-reports-public-filings
Magna International Inc.,https://www.magna.com/company/company-information/leadership-and-governance
Magna International Inc.,https://www.magna.com/company/for-employees/magna-code-of-conduct-and-ethics
Magna International Inc.,https://www.magna.com/company/investors/calendar-of-events-and-presentations
Magna International Inc.,https://www.magna.com/company/newsroom/releases/release/2018/11/08/press-release---magna-reports-record-third-quarter-results
Magna International Inc.,https://www.magna.com/company/newsroom/releases/release/2018/11/12/press-release---tsx-accepts-notice-of-intention-to-make-normal-course-issuer-bid
Magna International Inc.,https://www.magna.com/company/newsroom/releases/release/2018/11/28/news-release---magna-seeks-design-inspiration-for-tomorrow-s-vehicles-from-today-s-students-in-new-global-design-competition
LG Display Co.,http://lgdisplay.com/eng/
LG Display Co.,http://lgdisplay.com/eng/company/fieldOfBusiness
LG Display Co.,http://lgdisplay.com/eng/investor/corporateGovernance
LG Display Co.,http://lgdisplay.com/eng/safetyEnvironment/jeongdoManagement
LG Display Co.,http://lgdisplay.com/eng/sustainability/safetyEnvironment/vision
LG Display Co.,http://lgdisplay.com/eng/sustainability/safetyEnvironment/safety
LG Display Co.,http://lgdisplay.com/eng/sustainability/safetyEnvironment/health
LG Display Co.,http://lgdisplay.com/eng/company/locationKorea?placeRegnCode=K0101
LG Display Co.,http://lgdisplay.com/eng/company/locationGlobal?placeLocCode=OVE01
LG Display Co.,http://lgdisplay.com/eng/sustainability/safetyEnvironment/esh/system
LG Display Co.,http://lgdisplay.com/eng/sustainability/safetyEnvironment/sharedgrowth
LG Display Co.,http://lgdisplay.com/eng/sustainability/safetyEnvironment/ethicsHotline
Roche Molecular Systems,https://www.roche.com/partnering.htm
Roche Molecular Systems,https://www.roche.com/sustainability/impact.htm
Roche Molecular Systems,https://www.roche.com/about/people/employees.htm
Roche Molecular Systems,https://www.roche.com/partnering/case_studies.htm
Roche Molecular Systems,https://www.roche.com/about/governance/auditors.htm
Roche Molecular Systems,https://www.roche.com/media/company-information.htm
Roche Molecular Systems,https://www.roche.com/about/business/diagnostics.htm
Roche Molecular Systems,https://www.roche.com/about/governance/committees.htm
Roche Molecular Systems,https://www.roche.com/about/business/disease_areas.htm
Roche Molecular Systems,https://www.roche.com/about/business/pharmaceuticals.htm
Roche Molecular Systems,https://www.roche.com/about/business/roche_worldwide.htm
Roche Molecular Systems,https://www.roche.com/partnering/get_in_touch_with_us.htm
Roche Molecular Systems,https://www.roche.com/about/governance/code_of_conduct.htm
Roche Molecular Systems,https://www.roche.com/about/governance/board_of_directors.htm
Roche Molecular Systems,https://www.roche.com/partnering/pharma-areas-of-interest.htm
Roche Molecular Systems,https://www.roche.com/about/governance/executive_committee.htm
Roche Molecular Systems,https://www.roche.com/sustainability/approach/risk-management.htm
Roche Molecular Systems,https://www.roche.com/partnering/get_in_touch_with_us/meet_us.htm
Roche Molecular Systems,https://www.roche.com/partnering/diagnostics-areas-of-interest.htm
Roche Molecular Systems,https://www.roche.com/about/governance/annual_general_meetings.htm
Roche Molecular Systems,https://www.roche.com/about/governance/article_of_incorporation.htm
Roche Molecular Systems,https://www.roche.com/partnering/case_studies/partnering_process.htm
Roche Molecular Systems,https://www.roche.com/research_and_development/who_we_are_how_we_work.htm
Roche Molecular Systems,https://www.roche.com/about/governance/code_of_conduct/compliance_officer.htm
Roche Molecular Systems,https://www.roche.com/about/governance/executive_committee/gottlieb-keller.htm
Roche Molecular Systems,https://www.roche.com/research_and_development/who_we_are_how_we_work/pipeline.htm
Roche Molecular Systems,https://www.roche.com/about/governance/board_of_directors/board_of_directors-oeri.htm
Roche Molecular Systems,https://www.roche.com/about/governance/board_of_directors/board_of_directors-bell.htm
Roche Molecular Systems,https://www.roche.com/partnering/pharma-areas-of-interest/personalised-healthcare.htm
Roche Molecular Systems,https://www.roche.com/about/governance/board_of_directors/board_of_directors-brown.htm
Roche Molecular Systems,https://www.roche.com/about/governance/board_of_directors/board_of_directors-voser.htm
Roche Molecular Systems,https://www.roche.com/about/governance/board_of_directors/board_of_directors-franz.htm
Roche Molecular Systems,https://www.roche.com/research_and_development/who_we_are_how_we_work/ethics_in_rd.htm
Roche Molecular Systems,https://www.roche.com/partnering/diagnostics-areas-of-interest/diabetes-management.htm
Roche Molecular Systems,https://www.roche.com/about/governance/board_of_directors/board_of_directors-bulcke.htm
Roche Molecular Systems,https://www.roche.com/about/governance/board_of_directors/board_of_directors-lifton.htm
Roche Molecular Systems,https://www.roche.com/about/governance/board_of_directors/board_of_directors-hauser.htm
Roche Molecular Systems,https://www.roche.com/about/governance/board_of_directors/board_of_directors-gerber.htm
Roche Molecular Systems,https://www.roche.com/research_and_development/who_we_are_how_we_work/our_structure.htm
Roche Molecular Systems,https://www.roche.com/research_and_development/who_we_are_how_we_work/rnd_locations.htm
Roche Molecular Systems,https://www.roche.com/partnering/pharma-areas-of-interest/research_and_technologies.htm
Roche Molecular Systems,https://www.roche.com/about/governance/board_of_directors/board_of_directors-poussot.htm
Roche Molecular Systems,https://www.roche.com/partnering/diagnostics-areas-of-interest/new-biomarker-testing.htm
Roche Molecular Systems,https://www.roche.com/partnering/diagnostics-areas-of-interest/molecular-diagnostics.htm
Roche Molecular Systems,https://www.roche.com/about/governance/board_of_directors/board_of_directors-hoffmann.htm
Roche Molecular Systems,https://www.roche.com/research_and_development/who_we_are_how_we_work/clinical_trials.htm
Roche Molecular Systems,https://www.roche.com/about/governance/board_of_directors/board_of_directors-suessmuth.htm
Roche Molecular Systems,https://www.roche.com/research_and_development/who_we_are_how_we_work/research_process.htm
Roche Molecular Systems,https://www.roche.com/partnering/pharma-areas-of-interest/collaborations_with_academia.htm
Roche Molecular Systems,https://www.roche.com/partnering/pharma-areas-of-interest/oncology-cancer_immunotherapy.htm
Roche Molecular Systems,https://www.roche.com/partnering/diagnostics-areas-of-interest/clinical-immunochemistry.htm
Roche Molecular Systems,https://www.roche.com/partnering/diagnostics-areas-of-interest/tissue-haematology-urine.htm
Roche Molecular Systems,https://www.roche.com/partnering/get_in_touch_with_us/partnering_contact_us_dia_diabetes.htm
Roche Molecular Systems,https://www.roche.com/about/governance/executive_committee/executive_committee_severin-schwan.htm
Roche Molecular Systems,https://www.roche.com/partnering/diagnostics-areas-of-interest/point-of-care-and-self-testing.htm
Roche Molecular Systems,https://www.roche.com/partnering/get_in_touch_with_us/partnering_contact_us_pharma_dia_diabetes.htm
Roche Molecular Systems,https://www.roche.com/partnering/diagnostics-areas-of-interest/automation-analytics-decision-support.htm
Roche Molecular Systems,https://www.roche.com/partnering/pharma-areas-of-interest/neuroscience_ophthalmology_and_rare_diseases.htm
Roche Molecular Systems,https://www.roche.com/research_and_development/who_we_are_how_we_work/investigator-initiated-studies-portal.htm
Roche Molecular Systems,https://www.roche.com/partnering/pharma-areas-of-interest/immunology_infectious_diseases_and_specialty_care.htm
Roche Molecular Systems,https://plus.google.com/share?url=https://www.roche.com/partnering/diagnostics-areas-of-interest/diabetes-management.htm
Roche Molecular Systems,https://www.xing.com/app/user?op=share;url=https://www.roche.com/partnering/diagnostics-areas-of-interest/diabetes-management.htm
Roche Molecular Systems,https://www.facebook.com/sharer/sharer.php?u=https://www.roche.com/partnering/diagnostics-areas-of-interest/diabetes-management.htm
Roche Molecular Systems,http://www.linkedin.com/cws/share?isFramed=false&url=https://www.roche.com/partnering/diagnostics-areas-of-interest/diabetes-management.htm
Roche Molecular Systems,https://twitter.com/intent/tweet?tw_p=tweetbutton&url=https://www.roche.com/partnering/diagnostics-areas-of-interest/diabetes-management.htm&text=Roche%20-%20Diabetes%20care
Mitsubishi Metal Corporation,https://www.mitsubishicorp.com/jp/en/csr/management/
Mitsubishi Metal Corporation,https://www.mitsubishicorp.com/jp/en/about/philosophy/
Mitsubishi Metal Corporation,https://www.mitsubishicorp.com/jp/en/csr/contribution/
Mitsubishi Metal Corporation,https://www.mitsubishicorp.com/jp/en/about/sub/le.html
Mitsubishi Metal Corporation,https://www.mitsubishicorp.com/jp/en/about/sub/ao.html
Mitsubishi Metal Corporation,https://www.mitsubishicorp.com/jp/en/about/sub/geb.html
Mitsubishi Metal Corporation,https://www.mitsubishicorp.com/jp/en/about/sub/ifl.html
Mitsubishi Metal Corporation,https://www.mitsubishicorp.com/jp/en/ir/library/cguide/
Mitsubishi Metal Corporation,https://www.mitsubishicorp.com/jp/en/ir/managementpolicy/
Mitsubishi Metal Corporation,https://www.mitsubishicorp.com/jp/en/about/sub/japan.html
Mitsubishi Metal Corporation,https://www.mitsubishicorp.com/jp/en/about/sub/energy.html
Mitsubishi Metal Corporation,https://www.mitsubishicorp.com/jp/en/about/sub/metals.html
Mitsubishi Metal Corporation,https://www.mitsubishicorp.com/jp/en/about/sub/europe.html
Mitsubishi Metal Corporation,https://www.mitsubishicorp.com/jp/en/csr/management/theme/
Mitsubishi Metal Corporation,https://www.mitsubishicorp.com/jp/en/about/resource/wm.html
Mitsubishi Metal Corporation,https://www.mitsubishicorp.com/jp/en/about/sub/mideast.html
Mitsubishi Metal Corporation,https://www.mitsubishicorp.com/jp/en/mclibrary/roots/vol01/
Mitsubishi Metal Corporation,https://www.mitsubishicorp.com/jp/en/mclibrary/roots/vol19/
Mitsubishi Metal Corporation,https://www.mitsubishicorp.com/jp/en/csr/management/pfm.html
Mitsubishi Metal Corporation,https://www.mitsubishicorp.com/jp/en/about/resource/data.html
Mitsubishi Metal Corporation,https://www.mitsubishicorp.com/jp/en/about/bmembers/toka.html
Mitsubishi Metal Corporation,https://www.mitsubishicorp.com/jp/en/about/sub/machinery.html
Mitsubishi Metal Corporation,https://www.mitsubishicorp.com/jp/en/about/sub/chemicals.html
Mitsubishi Metal Corporation,https://www.mitsubishicorp.com/jp/en/about/sub/corporate.html
Mitsubishi Metal Corporation,https://www.mitsubishicorp.com/jp/en/about/sub/east_asia.html
Mitsubishi Metal Corporation,https://www.mitsubishicorp.com/jp/en/csr/management/business/
Mitsubishi Metal Corporation,https://www.mitsubishicorp.com/jp/en/about/resource/union.html
Mitsubishi Metal Corporation,https://www.mitsubishicorp.com/jp/en/about/bmembers/kmasu.html
Mitsubishi Metal Corporation,https://www.mitsubishicorp.com/jp/en/about/bmembers/micho.html
Mitsubishi Metal Corporation,https://www.mitsubishicorp.com/jp/en/csr/management/framework/
Mitsubishi Metal Corporation,https://www.mitsubishicorp.com/jp/en/about/philosophy/code.html
Mitsubishi Metal Corporation,https://www.mitsubishicorp.com/jp/en/about/resource/senior.html
Mitsubishi Metal Corporation,https://www.mitsubishicorp.com/jp/en/about/bmembers/itoide.html
Mitsubishi Metal Corporation,https://www.mitsubishicorp.com/jp/en/about/bmembers/homiya.html
Mitsubishi Metal Corporation,https://www.mitsubishicorp.com/jp/en/about/bmembers/asaiki.html
Mitsubishi Metal Corporation,https://www.mitsubishicorp.com/jp/en/csr/stakeholder/union.html
Mitsubishi Metal Corporation,https://www.mitsubishicorp.com/jp/en/about/bmembers/suchino.html
Mitsubishi Metal Corporation,https://www.mitsubishicorp.com/jp/en/about/bmembers/hkizaki.html
Mitsubishi Metal Corporation,https://www.mitsubishicorp.com/jp/en/mclibrary/roots/1954/vol02/
Mitsubishi Metal Corporation,https://www.mitsubishicorp.com/jp/en/mclibrary/roots/1954/vol05/
Mitsubishi Metal Corporation,https://www.mitsubishicorp.com/jp/en/mclibrary/roots/1954/vol06/
Mitsubishi Metal Corporation,https://www.mitsubishicorp.com/jp/en/mclibrary/roots/1954/vol08/
Mitsubishi Metal Corporation,https://www.mitsubishicorp.com/jp/en/mclibrary/roots/1954/vol10/
Mitsubishi Metal Corporation,https://www.mitsubishicorp.com/jp/en/mclibrary/roots/1954/vol11/
Mitsubishi Metal Corporation,https://www.mitsubishicorp.com/jp/en/about/philosophy/policy.html
Mitsubishi Metal Corporation,https://www.mitsubishicorp.com/jp/en/about/resource/training.html
Mitsubishi Metal Corporation,https://www.mitsubishicorp.com/jp/en/about/sub/north_america.html
Mitsubishi Metal Corporation,https://www.mitsubishicorp.com/jp/en/about/sub/latin_america.html
Mitsubishi Metal Corporation,https://www.mitsubishicorp.com/jp/en/csr/management/resource.html
Mitsubishi Metal Corporation,https://www.mitsubishicorp.com/jp/en/about/philosophy/charter.html
Mitsubishi Metal Corporation,https://www.mitsubishicorp.com/jp/en/about/resource/diversity.html
Mitsubishi Metal Corporation,https://www.mitsubishicorp.com/jp/en/about/bmembers/tkakiuchi.html
Mitsubishi Metal Corporation,https://www.mitsubishicorp.com/jp/en/about/bmembers/knishiura.html
Mitsubishi Metal Corporation,https://www.mitsubishicorp.com/jp/en/about/bmembers/msakakida.html
Mitsubishi Metal Corporation,https://www.mitsubishicorp.com/jp/en/about/bmembers/ttatsuoka.html
Mitsubishi Metal Corporation,https://www.mitsubishicorp.com/jp/en/about/bmembers/tkunihiro.html
Mitsubishi Metal Corporation,https://www.mitsubishicorp.com/jp/en/about/bmembers/ytakayama.html
Mitsubishi Metal Corporation,https://www.mitsubishicorp.com/jp/en/csr/management/theme/climate/
Mitsubishi Metal Corporation,https://www.mitsubishicorp.com/jp/en/about/governance/internal.html
Mitsubishi Metal Corporation,https://www.mitsubishicorp.com/jp/en/about/bmembers/kkobayashi.html
Mitsubishi Metal Corporation,https://www.mitsubishicorp.com/jp/en/about/bmembers/amurakoshi.html
Mitsubishi Metal Corporation,https://www.mitsubishicorp.com/jp/en/about/bmembers/anishiyama.html
Mitsubishi Metal Corporation,https://www.mitsubishicorp.com/jp/en/about/bmembers/inishikawa.html
Mitsubishi Metal Corporation,https://www.mitsubishicorp.com/jp/en/about/philosophy/standards.html
Mitsubishi Metal Corporation,https://www.mitsubishicorp.com/jp/en/about/resource/environment.html
Mitsubishi Metal Corporation,https://www.mitsubishicorp.com/jp/en/about/resource/consolidate.html
Mitsubishi Metal Corporation,https://www.mitsubishicorp.com/jp/en/csr/management/supplychain.html
Mitsubishi Metal Corporation,https://www.mitsubishicorp.com/jp/en/about/governance/compliance.html
Mitsubishi Metal Corporation,https://www.mitsubishicorp.com/jp/en/about/philosophy/socialcharter.html
Mitsubishi Metal Corporation,https://www.mitsubishicorp.com/jp/en/csr/management/policy/human-right.html
Mitsubishi Metal Corporation,https://www.mitsubishicorp.com/jp/en/csr/management/corporategovernance.html
Mitsubishi Metal Corporation,https://www.mitsubishicorp.com/jp/en/about/governance/corporategovernance.html
Mitsubishi Metal Corporation,https://www.mitsubishicorp.com/jp/en/csr/library/sr2009/feature1/principles.html
Mitsubishi Metal Corporation,https://www.mitsubishicorp.com/jp/en/csr/management/business/sustainability08.html
Mitsubishi Metal Corporation,https://www.mitsubishicorp.com/jp/en/csr/management/business/sustainability02.html
Mitsubishi Metal Corporation,https://www.mitsubishicorp.com/jp/en/csr/management/business/sustainability01.html
Mitsubishi Metal Corporation,https://www.mitsubishicorp.com/jp/en/csr/management/business/sustainability07.html
Mitsubishi Metal Corporation,https://www.mitsubishicorp.com/jp/en/csr/management/business/sustainability04.html
Mitsubishi Metal Corporation,https://www.mitsubishicorp.com/jp/en/csr/management/business/sustainability06.html
Mitsubishi Metal Corporation,https://www.mitsubishicorp.com/jp/en/csr/management/business/sustainability03.html
Kansai Paint Co.,https://www.kansai.com/100th/about/movie
Midrex Technologies,https://midrex.com/services/strategic-alliances/construction-partners
Kronos International Inc,https://www.kronos.com/kronos-partner-network
Kronos International Inc,https://www.kronos.com/kronos-partner-network/become-partner
Kronos International Inc,https://www.kronos.com/resources/kronos-partner-network-brochure
Kronos International Inc,https://www.kronos.com/about-us/kronos-corporate-social-responsibility-csr
Kronos International Inc,https://www.kronos.com/kronos-partner-network/find-partner?partner_type=reseller
Kronos International Inc,https://www.kronos.com/kronos-partner-network/find-partner?partner_type=services
Kronos International Inc,https://www.kronos.com/kronos-partner-network/find-partner?partner_type=technology
Kronos International Inc,https://www.kronos.com/resources/prepare-yourself-future-workforce-management-report
Kodak Alaris Inc.,https://www.kodakalaris.com/Company
Kodak Alaris Inc.,https://www.kodakalaris.com/Company/Careers
Kodak Alaris Inc.,https://www.kodakalaris.com/Company/Locations
Kodak Alaris Inc.,https://www.kodakalaris.com/Company/Leadership
Kodak Alaris Inc.,https://www.kodakalaris.com/Company/Contact-Us
Kodak Alaris Inc.,https://www.kodakalaris.com/Company/Social-Responsibility
Kodak Alaris Inc.,"https://www.kodakalaris.com/Company/Environment,-Health-and-Safety"
Instron Corporation ,http://instron.us/en-us/our-company
Instron Corporation ,http://instron.us/en-us/our-company/careers
Instron Corporation ,http://instron.us/our-company/press-room/blog
Instron Corporation ,http://instron.us/en-us/our-company/contact-us
Instron Corporation ,http://instron.us/en-us/our-company/library/glossary
Instron Corporation ,http://instron.us/en-us/our-company/press-room/events
Instron Corporation ,http://instron.us/en-us/our-company/library/literature
Instron Corporation ,http://instron.us/en-us/our-company/press-room/webinars
Instron Corporation ,http://instron.us/en-us/our-company/about-us/terms-of-use
Instron Corporation ,http://instron.us/en-us/our-company/about-us/cookie-notice
Instron Corporation ,http://instron.us/en-us/our-company/press-room/newsletters
Instron Corporation ,http://instron.us/en-us/our-company/press-room/case-studies
Instron Corporation ,http://instron.us/en-us/our-company/about-us/export-control
Instron Corporation ,http://instron.us/en-us/our-company/about-us/accreditations-and-certificates
Instron Corporation ,http://instron.us/en-us/our-company/press-room/news-listing/2018/11/zf-case-study
Instron Corporation ,http://instron.us/en-us/our-company/press-room/news-listing/2018/11/realtest-case-study
Instron Corporation ,http://instron.us/en-us/our-company/press-room/news-listing/2018/11/instron-calibration-laboratory-goes-global
Instron Corporation ,http://instron.us/en-us/our-company/press-room/news-listing/2018/11/elearning-press-release-errors-in-your-data
Instron Corporation ,http://instron.us/en-us/our-company/press-room/news-listing/2018/11/bluehill-universal-enhanced-security-webinar
Instron Corporation ,http://instron.us/en-us/our-company/press-room/news-listing/2018/11/astm-d412-tensile-testing-for-elastomers-and-rubber
KJ BIOSCIENCES LLC,http://kjbiosciences.com/
IMEC,https://www.imec.org/about/team/
IMEC,http://www.imec.org/about/careers
IMEC,http://www.imec.org/about/board-of-directors
IMEC,http://www.imec.org/about/thirdpartyresource-registration/
IMEC,https://www.imec.org/about/thirdpartyresource-registration/
Electrix,https://www.electrixillumination.com/architectural-lighting-company/news/next-big-thing-cove-mini
Electrix,https://www.electrixillumination.com/architectural-lighting-company/news/interior-design-boy-awards
Electrix,https://www.electrixillumination.com/architectural-lighting-company/news/steinway-hall-new-york-city
Electrix,https://www.electrixillumination.com/architectural-lighting-company/manufacturing-technology-operations
Electrix,https://www.electrixillumination.com/architectural-lighting-company/news/leducation-2018-electrix-tells-all
Electrix,https://www.electrixillumination.com/architectural-lighting-company/news/magneconnect-earns-ies-recognition
Electrix,https://www.electrixillumination.com/architectural-lighting-company/news/2018-american-inhouse-design-awards
Electrix,https://www.electrixillumination.com/architectural-lighting-company/news/next-big-thing-outdoor-lighting-small
Electrix,https://www.electrixillumination.com/architectural-lighting-company/news/lightfair-2018-was-unqualified-success
Electrix,https://www.electrixillumination.com/architectural-lighting/facade-in-grade-lighting/low-profile-exterior-lighting
Electrix,https://www.electrixillumination.com/architectural-lighting-company/news/st-louis-gateway-and-museum-grand-opening
Electrix,https://www.electrixillumination.com/architectural-lighting-company/news/electrix-supporting-meyer-light-build-2018
Electrix,https://www.electrixillumination.com/architectural-lighting/linear-architectural-accent-lighting/low-profile-lighting
Electrix,https://www.electrixillumination.com/architectural-lighting-company/news/electrix-illumination-covers-coves-leducation10
Electrix,https://www.electrixillumination.com/architectural-lighting-company/news/architectural-record-2018-advertising-excellence-awards
Electrix,https://www.electrixillumination.com/architectural-lighting-company/news/new-i402-dual-optic-ambi-aimable-asymmetric-led-luminaire
Electrix,https://www.electrixillumination.com/architectural-lighting/facade-in-grade-lighting/low-profile-exterior-lighting/l126-linear-walkover-led-luminaire
Electrix,https://www.electrixillumination.com/architectural-lighting/linear-architectural-accent-lighting/low-profile-lighting/l145-lumiline-low-profile-driverless-led-luminaire
Infinera Corporation,https://www.infinera.com/company/career/about-company/
Infinera Corporation,https://www.infinera.com/company/social-responsibility/
Kimberly-Clark Worldwide,https://www.kimberly-clark.com/en-us/company/supplier-link/supplier-portals
Kimberly-Clark Worldwide,https://www.kimberly-clark.com/en-us/company/supplier-link/supplier-diversity
Kimberly-Clark Worldwide,https://www.kimberly-clark.com/en-us/company/supplier-link/supplier-collaboration
Kimberly-Clark Worldwide,https://www.kimberly-clark.com/en-us/company/supplier-link/responsible-supply-chain
Kimberly-Clark Worldwide,https://www.kimberly-clark.com/en-us/company/supplier-link/standards-and-requirements
Coriant Advanced Technology,https://www.coriant.com/partners
J. E. WHITE,http://jewhites.com.au/property-management/
Johnson Controls Technology Company,https://www.johnsoncontrols.com/buildings/building-management
Micron Technology,https://www.micron.com/about/blogs
Micron Technology,https://www.micron.com/about/insight
Micron Technology,https://www.micron.com/about/news-and-events
Micron Technology,https://www.micron.com/about/blogs/channels/storage
Micron Technology,https://www.micron.com/about/blogs/authors/doug-rollins
Micron Technology,https://www.micron.com/about/news-and-events/events/insight-2018
Micron Technology,https://www.micron.com/about/insight/ai-dna-and-a-new-approach-to-cancer
Micron Technology,https://www.micron.com/solutions/micron-valued-partner-program/chipset-partner
Micron Technology,https://www.micron.com/about/news-and-events/media-relations/media-kits/bokan-media-kit
Micron Technology,https://www.micron.com/about/blogs/2018/november/finding-important-business-data-with-the-micron-5210-ion-ssd
LGS Innovations LLC,https://www.lgsinnovations.com/partner-gsa-schedules/
LGS Innovations LLC,https://www.lgsinnovations.com/integrated-spectrum-management
IMDS Corporation,http://imds-ohio.com/AboutUs
IMDS Corporation,http://imds-ohio.com/AboutUs/Contact
IMDS Corporation,http://imds-ohio.com/AboutUs/Careers
IMDS Corporation,http://imds-ohio.com/AboutUs/Corp_Gov
IMDS Corporation,http://imds-ohio.com/AboutUs/Corp_Profile
Kajima Corporation,https://kajimausa.com/core5-industrial-partners/
Ceramatec,http://www.ceramtec.com/google+
Ceramatec,http://www.ceramtec.com/twitter
Ceramatec,http://www.ceramtec.com/linkedin
Infineon Technologies AG,https://www.infineon.com/
Infineon Technologies AG,https://www.infineon.com/cms/en/partner-network/
Infineon Technologies AG,https://www.infineon.com/cms/en/about-infineon/press/contacts/
Infineon Technologies AG,https://www.infineon.com/cms/en/about-infineon/privacy-policy/
Infineon Technologies AG,https://www.infineon.com/cms/en/about-infineon/company/quality/
Infineon Technologies AG,https://www.infineon.com/cms/en/about-infineon/press/press-kit/
Infineon Technologies AG,https://www.infineon.com/cms/en/about-infineon/investor/events/
Infineon Technologies AG,https://www.infineon.com/cms/en/about-infineon/company/contacts/
Infineon Technologies AG,https://www.infineon.com/cms/en/about-infineon/press/media-pool/
Infineon Technologies AG,https://www.infineon.com/cms/en/about-infineon/company/webinars/
Infineon Technologies AG,https://www.infineon.com/cms/en/about-infineon/press/market-news/
Infineon Technologies AG,https://www.infineon.com/cms/en/about-infineon/company/purchasing/
Infineon Technologies AG,https://www.infineon.com/cms/en/about-infineon/investor/reporting/
Infineon Technologies AG,https://www.infineon.com/cms/en/about-infineon/company/our-mission/
Infineon Technologies AG,https://www.infineon.com/cms/en/about-infineon/press/press-releases/
Infineon Technologies AG,https://www.infineon.com/cms/en/about-infineon/investor/bonds-rating/
Infineon Technologies AG,https://www.infineon.com/cms/en/about-infineon/tradeshows-conferences/
Infineon Technologies AG,https://www.infineon.com/cms/en/about-infineon/company/find-a-location/
Infineon Technologies AG,https://www.infineon.com/cms/en/about-infineon/investor/infineon-share/
Infineon Technologies AG,https://www.infineon.com/cms/en/about-infineon/company/management-board/
Infineon Technologies AG,https://www.infineon.com/cms/en/about-infineon/company/contacts/support/
Infineon Technologies AG,https://www.infineon.com/cms/en/about-infineon/company/supervisory-board/
Infineon Technologies AG,https://www.infineon.com/cms/en/about-infineon/press/general-information/
Infineon Technologies AG,https://www.infineon.com/cms/en/about-infineon/sustainability/environment/
Infineon Technologies AG,https://www.infineon.com/cms/en/about-infineon/sustainability/human-rights/
Infineon Technologies AG,https://www.infineon.com/cms/en/about-infineon/company/information-security/
Infineon Technologies AG,https://www.infineon.com/cms/en/about-infineon/sustainability/csr-reporting/
Infineon Technologies AG,https://www.infineon.com/cms/en/about-infineon/investor/corporate-governance/
Infineon Technologies AG,https://www.infineon.com/cms/en/about-infineon/sustainability/business-ethics/
Infineon Technologies AG,https://www.infineon.com/cms/en/about-infineon/sustainability/csr-supply-chain/
Infineon Technologies AG,https://www.infineon.com/cms/en/about-infineon/company/contacts/service-center/
Infineon Technologies AG,https://www.infineon.com/cms/en/about-infineon/sustainability/health-and-safety/
Infineon Technologies AG,https://www.infineon.com/cms/en/applications/smart-card-and-security/solid-flash/
Infineon Technologies AG,https://www.infineon.com/cms/en/about-infineon/press/general-information/glossary/
Infineon Technologies AG,https://www.infineon.com/cms/en/about-infineon/sustainability/corporate-citizenship/
Infineon Technologies AG,https://www.infineon.com/cms/en/applications/smart-card-and-security/access-management/
Infineon Technologies AG,https://www.infineon.com/cms/en/applications/light-vehicles/motorcycle-engine-management/
Infineon Technologies AG,https://www.infineon.com/cms/en/about-infineon/press/market-news/2018/INFDSS201811-021.html
Infineon Technologies AG,https://www.infineon.com/cms/en/about-infineon/press/press-releases/2018/INFXX201811-015.html
Infineon Technologies AG,https://www.infineon.com/cms/en/about-infineon/press/press-releases/2018/INFXX201811-018.html
Incyte Holdings Corporation,https://www.incyte.com/what-we-do/collaborate-partners-in-science
Microchips Biotech,http://microchipsbiotech.com/partnering.php
II-VI Incorporated,http://www.facebook.com/sharer.php?u=https%3A%2F%2Fwww.ii-vi.com&t=II-VI%20Incorporated
II-VI Incorporated,http://twitter.com/share?text=II-VI%20Incorporated&url=https%3A%2F%2Fwww.ii-vi.com&via=iiviinc
II-VI Incorporated,https://www.ii-vi.com/news/ii-vi-incorporated-introduces-ultra-low-profile-wide-band-tunable-optical-filters-for-next-generation-pluggable-coherent-optics/
II-VI Incorporated,https://www.ii-vi.com/news/ii-vi-incorporated-and-sumitomo-electric-device-innovations-establish-strategic-collaboration-to-enable-next-generation-5g-wireless-networks
II-VI Incorporated,https://www.ii-vi.com/news/ii-vi-incorporated-to-acquire-finisar-creating-transformative-strategic-combination-with-leading-positions-in-photonics-and-compound-semiconductors/
Lockheed Martin Corporation,https://lockheedmartin.com/en-us/who-we-are/international/taiwan.html
Lockheed Martin Corporation,https://lockheedmartin.com/en-us/who-we-are/international/turkey.html
Lockheed Martin Corporation,https://lockheedmartin.com/en-us/who-we-are/leadership-governance.html
Lockheed Martin Corporation,https://lockheedmartin.com/en-us/who-we-are/ethics/code-of-ethics.html
Lockheed Martin Corporation,https://lockheedmartin.com/en-us/who-we-are/international/singapore.html
Lockheed Martin Corporation,https://lockheedmartin.com/en-us/who-we-are/ethics/integrity-minute.html
Lockheed Martin Corporation,https://lockheedmartin.com/en-us/who-we-are/lockheed-martin-ventures.html
Lockheed Martin Corporation,https://lockheedmartin.com/en-us/who-we-are/international/saudi-arabia.html
Lockheed Martin Corporation,https://lockheedmartin.com/en-us/who-we-are/communities/stem-education.html
Lockheed Martin Corporation,https://lockheedmartin.com/en-us/who-we-are/global-diversity-inclusion.html
Lockheed Martin Corporation,https://lockheedmartin.com/en-us/who-we-are/economic-and-workforce-impact.html
Lockheed Martin Corporation,https://lockheedmartin.com/en-us/who-we-are/ethics/ethics-awareness-training.html
Lockheed Martin Corporation,https://lockheedmartin.com/en-us/who-we-are/international/united-arab-emirates.html
Lockheed Martin Corporation,https://lockheedmartin.com/en-us/who-we-are/communities/military-veteran-support.html
Lockheed Martin Corporation,https://lockheedmartin.com/en-us/who-we-are/communities/employee-focused-programs.html
Lockheed Martin Corporation,https://lockheedmartin.com/en-us/who-we-are/business-areas/aeronautics/skunkworks.html
Lockheed Martin Corporation,https://lockheedmartin.com/en-us/who-we-are/ethics/business-conduct-compliance-training.html
Lockheed Martin Corporation,https://lockheedmartin.com/en-us/who-we-are/communities/stem-education/generation-beyond.html
Lockheed Martin Corporation,https://lockheedmartin.com/en-us/who-we-are/communities/stem-education/lm-scholarship-program.html
Lockheed Martin Corporation,https://lockheedmartin.com/en-us/who-we-are/global-diversity-inclusion/equal-opportunity-programs.html
Lockheed Martin Corporation,https://lockheedmartin.com/en-us/who-we-are/business-areas/missiles-and-fire-control/people-of-lockheed-martin.html
