iBio,https://ibioinc.com/index.php/client-collaboration-and-partnership
VIOLIN MEMORY,https://www.violinsystems.com/partners/
VIOLIN MEMORY,https://www.violinsystems.com/partners/technology-partners/
Hysitron Incorporated,https://www.hysitron.com/about-us/careers
Honeywell International Inc.,https://www.honeywell.com/who-we-are/citizenship
Honeywell International Inc.,https://www.honeywell.com/who-we-are/citizenship/hometown-solutions
Hewlett Packard Enterprise Development LP,https://www.hpe.com/us/en/solutions/partners.html
HTS,http://www.htstechnologies.com/manufacturing-partners
HTS,http://www.htstechnologies.com/manufacturing-partners/
Commonwealth Scientific & Industrial Research Organization,https://www.csiro.au/en/Do-business/Partner-with-our-Business-Units
Commonwealth Scientific & Industrial Research Organization,https://www.csiro.au/en/News/News-releases/2018/hydrogen-partnership-to-benefit-rd-jobs-exports?featured=F29EDEB1728C4A92B579C7A5DC28BAD5
Dexerials Corporation,http://www.dexerials.jp/en/contact/e_prem.html
Dexerials Corporation,http://www.dexerials.jp/en/contact/privacy.html
Dexerials Corporation,http://www.dexerials.jp/en/profile/d_office.html
Dexerials Corporation,http://www.dexerials.jp/en/profile/o_office.html
Dexerials Corporation,http://www.dexerials.jp/en/profile/governance.html
Dexerials Corporation,http://www.dexerials.jp/en/ir/management/plan.html
Dexerials Corporation,http://www.dexerials.jp/en/ir/management/risk.html
Dexerials Corporation,http://www.dexerials.jp/en/profile/organization.html
Hoya Corporation,https://www.hoyavision.com/what-i-need/for-eye-care-professionals/an-effective-business-partner/
SolaBlock LLC,https://www.solablock.com/partner-with-solablock/
GEN-PROBE INCORPORATED,https://www.hologic.com/about/hologic-highlights/myosurer-procedure-and-mothers-successful-pregnancy
GEN-PROBE INCORPORATED,https://www.hologic.com/about/hologic-highlights/screening-cervical-cancer-pap-and-hpv-testing-combined
GEN-PROBE INCORPORATED,https://www.hologic.com/about/hologic-highlights/aisha-tyler-joins-fight-end-silence-around-heavy-periods
GEN-PROBE INCORPORATED,https://www.hologic.com/about/hologic-highlights/accurate-body-composition-measurement-drives-human-performance
System Biosciences,https://www.systembio.com/company/privacy-policy
Hitachi High-Technologies Corporation,https://www.hitachi-hightech.com/global/about/procurement/
Hitachi High-Technologies Corporation,https://www.hitachi-hightech.com/global/about/news/topics/
Hitachi High-Technologies Corporation,https://www.hitachi-hightech.com/global/about/news/release/
Hitachi High-Technologies Corporation,https://www.hitachi-hightech.com/global/about/ir/ir_library/
Hitachi High-Technologies Corporation,https://www.hitachi-hightech.com/global/about/corporate/group/
Hitachi High-Technologies Corporation,https://www.hitachi-hightech.com/site/jp/about/ieee/en/index.html
Hitachi High-Technologies Corporation,https://www.hitachi-hightech.com/global/about/corporate/biz_field/
Hitachi High-Technologies Corporation,https://www.hitachi-hightech.com/global/support/inquiry/index.html
Hitachi High-Technologies Corporation,https://www.hitachi-hightech.com/global/about/corporate/group/hfs/
Hitachi High-Technologies Corporation,https://www.hitachi-hightech.com/global/about/corporate/philosophy/
Hitachi High-Technologies Corporation,https://www.hitachi-hightech.com/global/about/corporate/message.html
Hitachi High-Technologies Corporation,https://www.hitachi-hightech.com/global/about/corporate/outline.html
Hitachi High-Technologies Corporation,https://www.hitachi-hightech.com/global/about/corporate/history.html
Hitachi High-Technologies Corporation,https://www.hitachi-hightech.com/global/about/corporate/director.html
Hitachi High-Technologies Corporation,https://www.hitachi-hightech.com/global/about/corporate/corp_archives/
Hitachi High-Technologies Corporation,https://www.hitachi-hightech.com/global/about/ir/ir_library/report.html
Hitachi High-Technologies Corporation,https://www.hitachi-hightech.com/global/about/news/2018/nr20180731.html
Hitachi High-Technologies Corporation,https://www.hitachi-hightech.com/global/about/news/2018/nr20180724.html
Hitachi High-Technologies Corporation,https://www.hitachi-hightech.com/global/about/corporate/organization.html
Hitachi High-Technologies Corporation,https://www.hitachi-hightech.com/global/about/news/2018/nr20181025_1.html
Hitachi High-Technologies Corporation,https://www.hitachi-hightech.com/global/about/news/2018/nr20180904_1.html
Hitachi High-Technologies Corporation,https://www.hitachi-hightech.com/us/about/corporate/location/mexicocity.html
Hitachi High-Technologies Corporation,https://www.hitachi-hightech.com/global/about/ir/ir_library/synthesis_rep.html
Hitachi High-Technologies Corporation,https://www.hitachi-hightech.com/eu/about/corporate/location/italy.html?version=
Hitachi High-Technologies Corporation,https://www.hitachi-hightech.com/eu/about/corporate/location/spain.html?version=
Hitachi High-Technologies Corporation,https://www.hitachi-hightech.com/eu/about/corporate/location/france.html?version=
Hitachi High-Technologies Corporation,https://www.hitachi-hightech.com/global/about/news/device/event/2018/20181212.html
Hitachi High-Technologies Corporation,https://www.hitachi-hightech.com/eu/about/corporate/location/stockholm.html?version=
Hitachi High-Technologies Corporation,https://www.hitachi-hightech.com/eu/about/corporate/location/switzerland.html?version=
Hitachi High-Technologies Corporation,https://www.hitachi-hightech.com/cn/about/corporate/location/head_hongkong.html?version=
Hitachi High-Technologies Corporation,https://www.hitachi-hightech.com/global/about/news/ind_solutions/event/2018/20181206.html
Hitachi High-Technologies Corporation,https://www.hitachi-hightech.com/global/about/news/ind_solutions/event/2018/20181127.html
Hitachi High-Technologies Corporation,https://www.hitachi-hightech.com/global/about/news/ind_solutions/event/2018/20181120.html
Hitachi High-Technologies Corporation,https://www.hitachi-hightech.com/cn/about/corporate/location/head_hongkong.html?version=en
Hitachi High-Technologies Corporation,https://www.hitachi-hightech.com/global/about/corporate/corp_archives/hitachireview/index.html
BlackBerry Limited,https://www.blackberry.com/us/en/partners
BlackBerry Limited,https://www.blackberry.com/us/en/partners/isv-partner
BlackBerry Limited,https://www.blackberry.com/us/en/partners/solutions-providers
BlackBerry Limited,https://www.blackberry.com/us/en/partners/become-solutions-provider
BlackBerry Limited,https://www.blackberry.com/us/en/forms/partners/isv-partner-application
Molecular Rebar Design,http://www.molecularrebar.com/our-partners/
Bridgestone Corporation,https://www.bridgestone.com/regional/north_america/
Bridgestone Corporation,https://www.bridgestone.com/corporate/procurement/index.html
Bridgestone Corporation,https://www.bridgestone.com/corporate/news/rss/bridgestone_global_news.xml
Bridgestone Corporation,https://www.bridgestone.com/responsibilities/corporate_citizenship/index.html
Harris Corporation,https://www.harris.com/press-releases/2018/11/northrop-grumman-announces-next-generation-jammer-low-band-team
Harris Corporation,https://www.harris.com/impact/2018/10/florida-chief-of-public-safety-praises-pspc-team-in-personal-memo-to-harris-ceo%20
Dentsply International,https://corporate.dentsplysirona.com/en/about-dentsply-sirona.html
Dentsply International,https://corporate.dentsplysirona.com/en/about-dentsply-sirona/history.html
Dentsply International,https://corporate.dentsplysirona.com/en/about-dentsply-sirona/education.html
Dentsply International,https://corporate.dentsplysirona.com/en/about-dentsply-sirona/innovation.html
Dentsply International,https://corporate.dentsplysirona.com/en/about-dentsply-sirona/mission-vision.html
Dentsply International,https://corporate.dentsplysirona.com/en/about-dentsply-sirona/executive-team.html
Dentsply International,https://corporate.dentsplysirona.com/en/about-dentsply-sirona/compliance-ethics.html
Dentsply International,https://corporate.dentsplysirona.com/en/about-dentsply-sirona/board-of-directors.html
Dentsply International,https://corporate.dentsplysirona.com/en/about-dentsply-sirona/innovation/certifications.html
Dentsply International,https://corporate.dentsplysirona.com/en/about-dentsply-sirona/executive-team/nick-alexos.html
Dentsply International,https://corporate.dentsplysirona.com/en/about-dentsply-sirona/executive-team/donald-casey.html
Dentsply International,https://corporate.dentsplysirona.com/en/about-dentsply-sirona/executive-team/keith-ebling.html
Dentsply International,https://corporate.dentsplysirona.com/en/about-dentsply-sirona/innovation/innovation-awards.html
Dentsply International,https://corporate.dentsplysirona.com/en/about-dentsply-sirona/executive-team/maureen-macinnis.html
Dentsply International,https://corporate.dentsplysirona.com/en/about-dentsply-sirona/corporate-social-responsibility.html
Dentsply International,https://corporate.dentsplysirona.com/en/about-dentsply-sirona/innovation/certifications/quality-management.html
Dentsply International,https://corporate.dentsplysirona.com/en/about-dentsply-sirona/innovation/certifications/environment-health-safety.html
G.D.O. Inc,https://www.golfdigest.co.jp/company/privacy.html
G.D.O. Inc,https://www.golfdigest.co.jp/company/recruit/index.html?car=top_hr_b
GROW ENERGY,http://www.growenergy.org/company
GROW ENERGY,http://www.growenergy.org/company/press
GROW ENERGY,http://www.growenergy.org/company/legal
GROW ENERGY,http://www.growenergy.org/company/partners
GROW ENERGY,http://www.growenergy.org/company/investors
Entech Solar,http://entechsolutions.us/?page_id=27
Bausch & Lomb Incorporated,http://www.bausch.com/vision-and-age/
Bausch & Lomb Incorporated,http://www.bausch.com/our-company/chat/
Bausch & Lomb Incorporated,http://www.bausch.com/our-company/recent-news/
Bausch & Lomb Incorporated,http://www.bausch.com/vision-and-age/child-eyes
Bausch & Lomb Incorporated,http://www.bausch.com/vision-and-age/infant-eyes
Bausch & Lomb Incorporated,http://www.bausch.com/vision-and-age/teenager-eyes
Bausch & Lomb Incorporated,http://www.bausch.com/our-company/about-bausch-lomb
Bausch & Lomb Incorporated,http://www.bausch.com/our-company/business-integrity
Bausch & Lomb Incorporated,http://www.bausch.com/our-company/investor-relations
Bausch & Lomb Incorporated,http://www.bausch.com/our-company/supplier-diversity
Bausch & Lomb Incorporated,http://www.bausch.com/our-company/investor-relations/
Bausch & Lomb Incorporated,http://www.bausch.com/vision-and-age/20s-and-30s-eyes
Bausch & Lomb Incorporated,http://www.bausch.com/vision-and-age/40s-and-50s-eyes
Bausch & Lomb Incorporated,http://www.bausch.com/our-company/worldwide-locations
Bausch & Lomb Incorporated,http://www.bausch.com/vision-and-age/60-eyes/eye-exams
Bausch & Lomb Incorporated,http://www.bausch.com/our-company/one-by-one-recycling
Bausch & Lomb Incorporated,http://www.bausch.com/our-company/worldwide-locations/
Bausch & Lomb Incorporated,http://www.bausch.com/vision-and-age/child-eyes/eye-exams
Bausch & Lomb Incorporated,http://www.bausch.com/vision-and-age/60-eyes/eye-concerns
Bausch & Lomb Incorporated,http://www.bausch.com/your-eye-concerns/vision-correction
Bausch & Lomb Incorporated,http://www.bausch.com/our-company/community-relationships
Bausch & Lomb Incorporated,http://www.bausch.com/our-company/newsroom/media-contacts
Bausch & Lomb Incorporated,http://www.bausch.com/vision-and-age/infant-eyes/eye-exams
Bausch & Lomb Incorporated,http://www.bausch.com/vision-and-age/child-eyes/eye-safety
Bausch & Lomb Incorporated,http://www.bausch.com/vision-and-age/infant-eyes/eye-safety
Bausch & Lomb Incorporated,http://www.bausch.com/our-company/formerly-owned-businesses
Bausch & Lomb Incorporated,http://www.bausch.com/vision-and-age/child-eyes/eye-concerns
Bausch & Lomb Incorporated,http://www.bausch.com/vision-and-age/teenager-eyes/eye-exams
Bausch & Lomb Incorporated,http://www.bausch.com/vision-and-age/infant-eyes/eye-concerns
Bausch & Lomb Incorporated,http://www.bausch.com/vision-and-age/teenager-eyes/eye-safety
Bausch & Lomb Incorporated,http://www.bausch.com/vision-and-age/60-eyes/vision-correction
Bausch & Lomb Incorporated,http://www.bausch.com/vision-and-age/child-eyes/eye-development
Bausch & Lomb Incorporated,http://www.bausch.com/vision-and-age/20s-and-30s-eyes/eye-exams
Bausch & Lomb Incorporated,http://www.bausch.com/vision-and-age/40s-and-50s-eyes/eye-exams
Bausch & Lomb Incorporated,http://www.bausch.com/vision-and-age/infant-eyes/eye-development
Bausch & Lomb Incorporated,http://www.bausch.com/vision-and-age/20s-and-30s-eyes/eye-safety
Bausch & Lomb Incorporated,http://www.bausch.com/vision-and-age/20s-and-30s-eyes/healthy-eyes
Bausch & Lomb Incorporated,http://www.bausch.com/vision-and-age/40s-and-50s-eyes/eye-concerns
Bausch & Lomb Incorporated,http://www.bausch.com/vision-and-age/child-eyes/vision-skills-needed
Bausch & Lomb Incorporated,http://www.bausch.com/vision-and-age/teenager-eyes/sports-and-vision
Bausch & Lomb Incorporated,http://www.bausch.com/vision-and-age/teenager-eyes/vision-correction
Bausch & Lomb Incorporated,http://www.bausch.com/your-eye-concerns/vision-correction/presbyopia
Bausch & Lomb Incorporated,http://www.bausch.com/vision-and-age/40s-and-50s-eyes/eye-development
Bausch & Lomb Incorporated,http://www.bausch.com/vision-and-age/60-eyes/maintaining-healthy-eyes
Bausch & Lomb Incorporated,http://www.bausch.com/your-eye-concerns/vision-correction/astigmatism
Bausch & Lomb Incorporated,http://www.bausch.com/our-company/business-integrity/advamed-and-phrma
Bausch & Lomb Incorporated,http://www.bausch.com/vision-and-age/20s-and-30s-eyes/vision-correction
Bausch & Lomb Incorporated,http://www.bausch.com/vision-and-age/40s-and-50s-eyes/vision-correction
Bausch & Lomb Incorporated,http://www.bausch.com/our-company/about-bausch-lomb/archive-request-form
Bausch & Lomb Incorporated,http://www.bausch.com/our-company/about-bausch-lomb/the-bausch-lomb-story
Bausch & Lomb Incorporated,http://www.bausch.com/our-company/community-relationships/social-investing
Bausch & Lomb Incorporated,http://www.bausch.com/vision-and-age/teenager-eyes/maintaining-healthy-eyes
Bausch & Lomb Incorporated,http://www.bausch.com/vision-and-age/40s-and-50s-eyes/maintaining-healthy-eyes
Bausch & Lomb Incorporated,http://www.bausch.com/our-company/recent-news/articletype/archiveview/year/2016
Bausch & Lomb Incorporated,http://www.bausch.com/our-company/recent-news/articletype/archiveview/year/2015
Bausch & Lomb Incorporated,http://www.bausch.com/our-company/recent-news/articletype/archiveview/year/2014
Bausch & Lomb Incorporated,http://www.bausch.com/our-company/recent-news/articletype/archiveview/year/2013
Bausch & Lomb Incorporated,http://www.bausch.com/our-company/recent-news/articletype/archiveview/year/2012
Bausch & Lomb Incorporated,http://www.bausch.com/our-company/recent-news/articletype/archiveview/year/2011
Bausch & Lomb Incorporated,http://www.bausch.com/our-company/recent-news/articletype/archiveview/year/2010
Bausch & Lomb Incorporated,http://www.bausch.com/our-company/recent-news/articletype/archiveview/year/2009
Bausch & Lomb Incorporated,http://www.bausch.com/our-company/recent-news/articletype/archiveview/year/2008
Bausch & Lomb Incorporated,http://www.bausch.com/your-eye-concerns/vision-correction/nearsightedness-myopia
Bausch & Lomb Incorporated,http://www.bausch.com/your-eye-concerns/vision-correction/farsightedness-hyperopia
Bausch & Lomb Incorporated,http://www.bausch.com/our-company/business-integrity/corporate-governance-documents
Bausch & Lomb Incorporated,http://www.bausch.com/our-company/community-relationships/transfer-of-flags-ceremony
Bausch & Lomb Incorporated,http://www.bausch.com/our-company/community-relationships/science-award-and-scholarships
Bausch & Lomb Incorporated,http://www.bausch.com/vision-and-age/teenager-eyes/vision-correction/parents-guide-to-contact-lenses
Bausch & Lomb Incorporated,http://www.bausch.com/our-company/business-integrity/california-transparency-in-supply-chains-act-of-2010
Bausch & Lomb Incorporated,http://www.bausch.com/our-company/grants-and-charitable-contributions/grants-and-charitable-contributions-landing
Bausch & Lomb Incorporated,http://www.bausch.com/our-company/community-relationships/first-for-inspiration-and-recognition-of-science-and-technology
GOJO Industries,http://gojo.com/en/About-GOJO
GOJO Industries,http://gojo.com/en/About-GOJO/Careers
GOJO Industries,http://gojo.com/en/About-GOJO/History
GOJO Industries,http://gojo.com/Corporate-Featured-News
GOJO Industries,http://gojo.com/en/Corporate-Hand-Hygiene-Hub
GOJO Industries,http://gojo.com/en/About-GOJO/Community-Responsibility
GOJO Industries,http://gojo.com/en/Markets/Offices-Workplace/Office-Building-Management
Polaris Products LLC,http://www.polaris.com/en-us/company/insurance-services
Polaris Products LLC,http://www.polaris.com/en-us/company/polaris-foundation
Polaris Products LLC,http://www.polaris.com/en-us/company/become-a-dealer/faqs
Polaris Products LLC,http://www.polaris.com/en-us/company/corporate-stewardship
Polaris Products LLC,http://www.polaris.com/en-us/company/conflict-minerals-policy
Polaris Products LLC,http://www.polaris.com/en-us/company/polaris-experience-center
Polaris Products LLC,http://www.polaris.com/en-us/company/become-a-dealer/dealer-inquiry
Polaris Products LLC,http://www.polaris.com/en-us/company/become-a-dealer/dealer-standards
Polaris Products LLC,http://www.polaris.com/en-us/company/article/polaris-finalizes-wsi-industries-acquisition
Polaris Products LLC,http://www.polaris.com/en-us/company/article/polaris-ranger-and-joe-thomas-to-raise-funding-for-leek-hunting
Polaris Products LLC,http://www.polaris.com/en-us/company/article/polaris-rzr-factory-racing-sweeps-first-place-at-worcs-sxs-world-finals
Polaris Products LLC,http://www.polaris.com/en-us/redirect/go?url=http%3A%2F%2Fir.polaris.com%2Finvestors%2Fcorporate-governance%2Fdefault.aspx
Polaris Products LLC,http://www.polaris.com/en-us/company/article/community-collaboration-transforms-trails-and-ride-practices-in-new-hampshire
NGK Spark Plug Co.,http://ngksparkplugs.com/about-ngk.html
Alnylam Pharmaceuticals,https://www.alnylam.com/about-alnylam/contact-us
Johnson & Johnson Consumer Companies,https://www.jnj.com/partners
Johnson & Johnson Consumer Companies,https://www.jnj.com/partners/supplier-diversity
Johnson & Johnson Consumer Companies,https://www.jnj.com/partners/supplier-principles
Johnson & Johnson Consumer Companies,https://www.jnj.com/partners/responsibility-standards-for-suppliers
Johnson & Johnson Consumer Companies,http://www.jnj.com.cn/en/our-company/operating-companies-in-china/consumer/beijing-dabao-cosmetics-co
Seiko Epson Corporation,https://global.epson.com/company/corporate_vision/
Seiko Epson Corporation,https://global.epson.com/company/corporate_history/
Seiko Epson Corporation,https://global.epson.com/company/sports/formula_one/
Seiko Epson Corporation,https://global.epson.com/newsroom/2018/news_20181112.html
Seiko Epson Corporation,https://global.epson.com/company/epson_way/exceed_your_vision/
Genomatica,https://www.genomatica.com/about
Genomatica,https://www.genomatica.com/careers
Immunolight,http://www.immunolight.com/company
Genomic Health,https://www.genomichealth.com/who_we_are
Genomic Health,https://www.genomichealth.com/join_our_team
Genomic Health,https://www.genomichealth.com/who_we_are/leadership
Genomic Health,https://www.genomichealth.com/who_we_are/contact_us
Genomic Health,https://www.genomichealth.com/who_we_are/our_mission
Genomic Health,https://www.genomichealth.com/who_we_are/our_founders
Genomic Health,https://www.genomichealth.com/join_our_team/us_benefits
Genomic Health,https://www.genomichealth.com/join_our_team/US_benefits
Genomic Health,https://www.genomichealth.com/join_our_team/international_benefits
Genomic Health,https://www.genomichealth.com/who_we_are/company_timeline_milestones
Boehringer Ingelheim International GmbH,https://www.boehringer-ingelheim.com/partnering
Boehringer Ingelheim International GmbH,https://www.boehringer-ingelheim.com/partnering/interests
Boehringer Ingelheim International GmbH,https://www.boehringer-ingelheim.com/partnering/news/events
Boehringer Ingelheim International GmbH,https://www.boehringer-ingelheim.com/partnering/news/contacts
Boehringer Ingelheim International GmbH,https://www.boehringer-ingelheim.com/partnering/approach/offer
Boehringer Ingelheim International GmbH,https://www.boehringer-ingelheim.com/partnering/engage/overview
Boehringer Ingelheim International GmbH,https://www.boehringer-ingelheim.com/partnering/approach/overview
Boehringer Ingelheim International GmbH,https://www.boehringer-ingelheim.com/partnering/news/press-releases
Boehringer Ingelheim International GmbH,https://www.boehringer-ingelheim.com/partnering/news/partnering-newsletter
Boehringer Ingelheim International GmbH,https://www.boehringer-ingelheim.com/press-release/official-partner-cat-care-life?itid=Boehringer%20Ingelheim%20becomes%20an%20official%20partner%20to%20CatCareforLife
Boehringer Ingelheim International GmbH,https://www.boehringer-ingelheim.com/press-release/survey-ipsos-gain-insights-human-animal-bond?itid=Boehringer%20Ingelheim%20partners%20with%20Ipsos%20to%20gain%20insights%20on%20human-animal%20bond%20in%20Europe
Fuji Xerox Co.,https://www.fujixerox.com/eng/company/
Fuji Xerox Co.,https://www.fujixerox.com/eng/company/news/release/2018/001423/
Fuji Xerox Co.,https://www.fujixerox.com/eng/company/news/release/2018/001419/
Fuji Xerox Co.,https://www.fujixerox.com/eng/company/news/release/2017/001407/
Fuji Xerox Co.,https://www.fujixerox.com/eng/company/news/release/2017/001398/
Fuji Xerox Co.,https://www.fujixerox.com/eng/company/news/notice/2018/0216_announce.html
Fuji Xerox Co.,https://www.fujixerox.com/eng/company/news/notice/2018/0831_precaution.html
OFS Fitel,https://www.ofsoptics.com/executive-leadership-team/
Furukawa Electric Co.,https://www.furukawa.co.jp/en/company/executive.html
Furukawa Electric Co.,https://www.furukawa.co.jp/en/company/philosophy.html
Furukawa Electric Co.,https://www.furukawa.co.jp/en/company/compliance.html
Furukawa Electric Co.,https://www.furukawa.co.jp/en/company/governance.html
Furukawa Electric Co.,https://www.furukawa.co.jp/en/company/group/japan.html
Furukawa Electric Co.,https://www.furukawa.co.jp/en/ir/management/feature.html
Gas Technology Institute,https://www.gti.energy/focus-areas/carbon-management/
Gas Technology Institute,https://www.gti.energy/working-with-gti/collaborations-partnerships/
Global OLED Technology LLC,http://www.globaloledtech.com/partners.html
Global Eagle Entertainment Inc.,http://www.globaleagle.com/about/
Global Eagle Entertainment Inc.,http://www.globaleagle.com/about/contact/
Global Eagle Entertainment Inc.,http://www.globaleagle.com/about/careers/
Global Eagle Entertainment Inc.,http://www.globaleagle.com/about/albatross/
Global Eagle Entertainment Inc.,http://www.globaleagle.com/about/ethics-hotline/
Global Eagle Entertainment Inc.,http://www.globaleagle.com/about/executive-officers/
Yissum,http://yissum.co.il/about
Dolby Laboratories Licensing Corporation,https://www.dolby.com/us/en/about/investors/stock-information.html
Dolby Laboratories Licensing Corporation,https://www.dolby.com/us/en/about/investors/company-financials.html
Dolby Laboratories Licensing Corporation,https://www.dolby.com/us/en/about/investors/investor-resources.html
Dolby Laboratories Licensing Corporation,https://www.dolby.com/us/en/about/european-union-funding-poland.html
Dolby Laboratories Licensing Corporation,https://www.dolby.com/us/en/about/news-and-events/press-releases.html
Dolby Laboratories Licensing Corporation,https://www.dolby.com/us/en/about/investors/corporate-governance.html
Dolby Laboratories Licensing Corporation,https://www.dolby.com/us/en/about/warranty-and-maintenance-policies.html
Dolby Laboratories Licensing Corporation,https://www.dolby.com/us/en/about/contact-us/dolby-offices-worldwide.html
Dolby Laboratories Licensing Corporation,https://www.dolby.com/us/en/about/leadership/senior-management-officers.html
FPInnovations,https://fpinnovations.ca/Pages/
FPInnovations,https://fpinnovations.ca/about-us/pages/carrieres.aspx
FPInnovations,https://fpinnovations.ca/about-us/pages/why-become-a-member
FPInnovations,https://fpinnovations.ca/about-us/Pages/why-become-a-member.aspx
FPInnovations,https://fpinnovations.ca/about-us/Pages/mission-vision-values.aspx
FPInnovations,https://fpinnovations.ca/about-us/pages/mission-vision-values.aspx
FPInnovations,https://fpinnovations.ca/about-us/Pages/members-partners-and-collaborators.aspx
FPInnovations,https://fpinnovations.ca/about-us/pages/members-partners-and-collaborators.aspx
FPInnovations,https://fpinnovations.ca/solutions-and-technologies/Pages/licensing-partners.aspx
FPInnovations,http://blog.fpinnovations.ca/blog/2018/05/28/completing-the-energy-management-solution/
FPInnovations,https://fpinnovations.ca/solutions-and-technologies/Pages/process-integration-energy-management.aspx
Floadia Corporation,https://floadia.com/about
Greatbatch Ltd.,https://integer.net/
Greatbatch Ltd.,https://integer.net/ways-we-partner
Greatbatch Ltd.,https://integer.net/ways-we-partner/
Greatbatch Ltd.,https://integer.net/crm-neuromodulation
Greatbatch Ltd.,https://integer.net/ways-we-partner/research-design-development/
Greatbatch Ltd.,https://integer.net/ways-we-partner/medical-device-manufacturing/
Greatbatch Ltd.,https://integer.net/ways-we-partner/quality-regulatory-standards/
Greatbatch Ltd.,https://integer.net/ways-we-partner/manufacturing-transfer-program/
Agrivida,https://agrivida.com/
Agrivida,https://agrivida.com/about-agrivida
The Boeing Company,http://www.boeing.com/company/key-orgs/horizon-x/
The Boeing Company,http://www.boeing.com/company/about-bgs/index.page
The Boeing Company,http://www.boeing.com/history/video-series/index.page
The Boeing Company,http://www.boeing.com/company/key-orgs/analytx/index.page
The Boeing Company,http://www.boeing.com/company/key-orgs/horizon-x/index.page
The Boeing Company,http://www.boeing.com/company/key-orgs/licensing/index.page
The Boeing Company,http://www.boeing.com/company/about-bca/renton-tour/index.page
The Boeing Company,http://www.boeing.com/defense/cybersecurity-information-management/
The Boeing Company,http://www.boeing.com/company/general-info/corporate-governance.page
Kia Motors Corporation ,https://www.kia.com/us/en/content/why-kia/partnerships/telluride-events
Eastman Chemical Company,https://www.eastman.com/Company/News_Center/Pages/Events_Archive.aspx
Eastman Chemical Company,https://www.eastman.com/Company/Sustainability/Goals/Pages/Goals.aspx
Eastman Chemical Company,https://www.eastman.com/Company/investors/Pages/Stock_Information.aspx
Eastman Chemical Company,https://www.eastman.com/Company/Sustainability/Pages/Introduction.aspx
Eastman Chemical Company,https://www.eastman.com/Company/News_Center/Pages/NewsArchiveSearch.aspx
Eastman Chemical Company,https://www.eastman.com/Company/investors/Pages/Innovation-Day-2018.aspx
Eastman Chemical Company,https://www.eastman.com/Company/Sustainability/Pages/Awards_Recognition.aspx
Eastman Chemical Company,https://www.eastman.com/Company/About_Eastman/Pages/Diversity-Inclusion.aspx
Eastman Chemical Company,https://www.eastman.com/Company/investors/Investor_Resources/Pages/FAQs.aspx
Eastman Chemical Company,https://www.eastman.com/Company/About_Eastman/History/Pages/Introduction.aspx
Eastman Chemical Company,https://www.eastman.com/Company/Sustainability/Reporting/Pages/References.aspx
Eastman Chemical Company,https://www.eastman.com/Company/About_Eastman/Quality/Pages/EastmanQuality.aspx
Eastman Chemical Company,https://www.eastman.com/Company/News_Center/PressKit/Pages/Company_Profile.aspx
Eastman Chemical Company,https://www.eastman.com/Company/Sustainability/Pages/Focused-Good-For-Good.aspx
Eastman Chemical Company,https://www.eastman.com/Company/About_Eastman/Leadership/Pages/Executive_Team.aspx
Eastman Chemical Company,https://www.eastman.com/Company/About_Eastman/Leadership/Pages/BoardofDirectors.aspx
Eastman Chemical Company,https://www.eastman.com/Company/investors/Financial_Information/Pages/Fundamentals.aspx
Eastman Chemical Company,https://www.eastman.com/Company/investors/Events_Presentations/Pages/Presentations.aspx
Eastman Chemical Company,https://www.eastman.com/Company/Sustainability/Pages/Steering-Sustainable-Portfolio.aspx
Eastman Chemical Company,https://www.eastman.com/Company/investors/Corporate_Governance/Pages/Code_of_Conduct.aspx
Eastman Chemical Company,https://www.eastman.com/Company/News_Center/Pages/NewsArchiveSearch.aspx?Newstype=Pricing
Eastman Chemical Company,https://www.eastman.com/Company/investors/Events_Presentations/Pages/Upcoming_Events.aspx
Eastman Chemical Company,https://www.eastman.com/Company/investors/Investor_Resources/Pages/Email_Information.aspx
Eastman Chemical Company,https://www.eastman.com/Company/News_Center/Pages/NewsArchiveSearch.aspx?Newstype=Corporate
Eastman Chemical Company,https://www.eastman.com/Company/News_Center/Pages/NewsArchiveSearch.aspx?Newstype=Financial
Eastman Chemical Company,https://www.eastman.com/Company/Sustainability/Responsible_Care/Pages/Responsible_Care.aspx
Eastman Chemical Company,https://www.eastman.com/Company/investors/Investor_Resources/Pages/Request_Information.aspx
Eastman Chemical Company,https://www.eastman.com/Company/investors/Financial_Information/Pages/Financial_Reports.aspx
Eastman Chemical Company,https://www.eastman.com/Company/investors/Financial_Information/Pages/Quarterly-Results.aspx
Eastman Chemical Company,https://www.eastman.com/Company/University_Relations/Pages/Internships-Coops-Opportunity.aspx
Eastman Chemical Company,https://www.eastman.com/Company/investors/Financial_Information/Pages/Earnings_Estimates.aspx
Eastman Chemical Company,https://www.eastman.com/Company/investors/Corporate_Governance/Pages/Corporate_Governance.aspx
Eastman Chemical Company,https://www.eastman.com/Company/About_Eastman/History/2012/Pages/Eastman_Completes_Acquisition_of_Solutia.aspx
Selecta Biosciences,https://selectabio.com/about/
DSP Group LTD.,https://www.dspg.com/about-dsp-group/
Evri,https://www.everi.com/games/interactive/partners/
Amicus Therapeutics,https://www.amicusrx.com/?page_id=2
RF Micro Devices,https://www.qorvo.com/support/how-to-buy
RF Micro Devices,https://www.qorvo.com/newsroom/media-resources/management-photos
RF Micro Devices,https://www.qorvo.com/about-us/corporate-social-responsibility/supplier-requirements
RF Micro Devices,https://www.qorvo.com/innovation/customer-stories/smart-home-energy-management-with-levarys-and-qorvo
Faurecia Interior Systems,http://www.faurecia.com/en/newsroom/faurecia-and-hella-enter-strategic-partnership
Faurecia Interior Systems,http://www.facebook.com/sharer/sharer.php?s=100&p%5Burl%5D=http://www.faurecia.com/en/newsroom/faurecia-and-hella-enter-strategic-partnership
Faurecia Interior Systems,http://www.facebook.com/sharer/sharer.php?s=100&p%5Burl%5D=http://www.faurecia.com/en/newsroom/efmd-awards-faurecia-clip-accreditation-its-corporate-university
Faurecia Interior Systems,https://www.linkedin.com/shareArticle?mini=true&url=http://www.faurecia.com/en/newsroom/faurecia-and-hella-enter-strategic-partnership&title=Faurecia+and+Hella+enter+into+strategic+partnership
Faurecia Interior Systems,http://twitter.com/share?url=http://www.faurecia.com/en/newsroom/faurecia-and-hella-enter-strategic-partnership&text=Faurecia+and+Hella+enter+into+strategic+partnership+%40Faurecia&size=l&count=none
Faurecia Interior Systems,https://www.linkedin.com/shareArticle?mini=true&url=http://www.faurecia.com/en/newsroom/efmd-awards-faurecia-clip-accreditation-its-corporate-university&title=EFMD+awards+Faurecia+with+CLIP+Accreditation+for+its+Corporate+University
Faurecia Interior Systems,http://twitter.com/share?url=http://www.faurecia.com/en/newsroom/efmd-awards-faurecia-clip-accreditation-its-corporate-university&text=EFMD+awards+Faurecia+with+CLIP+Accreditation+for+its+Corporate+University+%40Faurecia&size=l&count=none
HGST NETHERLANDS B.V.,https://www.westerndigital.com/company.html
HGST NETHERLANDS B.V.,https://www.westerndigital.com/partners.html
HGST NETHERLANDS B.V.,https://www.westerndigital.com/company/newsroom.html
HGST NETHERLANDS B.V.,https://www.westerndigital.com/company/leadership.html
HGST NETHERLANDS B.V.,https://www.westerndigital.com/company/innovations.html
HGST NETHERLANDS B.V.,https://www.westerndigital.com/company/innovations/history.html
HGST NETHERLANDS B.V.,https://www.westerndigital.com/company/innovations/publications.html
HGST NETHERLANDS B.V.,https://www.westerndigital.com/solutions/data-protection-management.html
HGST NETHERLANDS B.V.,https://www.westerndigital.com/company/newsroom/regional-events/risc-v.html
HGST NETHERLANDS B.V.,https://www.westerndigital.com/company/innovations/academic-collaborations.html
HGST NETHERLANDS B.V.,https://www.westerndigital.com/content/western-digital/en-us/company/innovations/publications
HGST NETHERLANDS B.V.,https://www.westerndigital.com/company/newsroom/regional-events/flash-memory-summit-2018.html
HGST NETHERLANDS B.V.,https://www.westerndigital.com/content/western-digital/en-us/company/innovations/academic-collaborations
Bio-Rad Laboratories,http://www.bio-rad.com/en-us/corporate/careers
Bio-Rad Laboratories,http://www.bio-rad.com/en-us/corporate/newsroom
Bio-Rad Laboratories,http://www.bio-rad.com/en-us/corporate/about-bio-rad
Bio-Rad Laboratories,http://www.bio-rad.com/en-us/corporate/investor-relations
Bio-Rad Laboratories,http://www.bio-rad.com/en-us/corporate/community-outreach
Bio-Rad Laboratories,http://www.bio-rad.com/en-us/corporate/protecting-environment
Bio-Rad Laboratories,http://www.bio-rad.com/en-us/corporate/our-history?ID=MR8ISY4VY
Bio-Rad Laboratories,http://www.bio-rad.com/en-us/corporate/sec-filings?ID=MR8IXTC4S
Bio-Rad Laboratories,http://www.bio-rad.com/en-us/corporate/corporate-facts?ID=MR8IQU15
Bio-Rad Laboratories,http://www.bio-rad.com/en-us/corporate/quarterly-results?ID=MR8IZSMNI
Bio-Rad Laboratories,http://www.bio-rad.com/en-us/education/partners-education?ID=MRFKX9KG4
Bio-Rad Laboratories,http://www.bio-rad.com/en-us/corporate/corporate-officers?ID=MR8IS7E8Z
Bio-Rad Laboratories,http://www.bio-rad.com/en-us/corporate/annual-reports-2016?ID=MR8J17KSY
Bio-Rad Laboratories,http://www.bio-rad.com/en-us/corporate/corporate-governance?ID=NEUKYV15
Bio-Rad Laboratories,http://www.bio-rad.com/prd/en/US/direct/biorad?ts=1&cmd=QuotesWorkspaceDisplay
Bio-Rad Laboratories,http://www.bio-rad.com/en-us/education/about-program?ID=3dec64ef-aa3a-4534-bc63-d33c13fc367c
Bio-Rad Laboratories,http://www.bio-rad.com/en-us/my-bio-rad?hplink=%5BCustomer%20Tools%5D%20%5BAccount%20History%20-%20My%20Bio-Rad%5D
Glucan Biorenewables LLC,http://glucanbio.com/strategic-partners/
Cornell Research Foundation,http://www.cornell.edu/about
Cornell Research Foundation,http://www.cornell.edu/about/ithaca.cfm
Cornell Research Foundation,http://www.cornell.edu/about/locations.cfm
Bayer Materialscience LLC,https://www.bayer.com/en/sustainable-partnerships.aspx
Illinois Tool Works,http://www.itw.com/about-itw/investor-day-2017/
Illinois Tool Works,http://www.itw.com/investor-relations/corporate-governance/
Illinois Tool Works,http://www.itw.com/about-itw/our-innovations/stories/a-safer-cleaner-way-to-fuel-vehicles/
Illinois Tool Works,http://www.itw.com/about-itw/our-innovations/stories/greener-technology-and-lower-operation-cost/
Illinois Tool Works,http://www.itw.com/about-itw/our-innovations/stories/new-flux-materials-provide-high-degree-of-versatility/
Eisai Co.,https://www.eisai.com/ir/management/index.html
Eisai Co.,https://www.eisai.com/sustainability/partner/index.html
Eisai Co.,https://www.eisai.com/company/profile/history/index.html
Eisai Co.,https://www.eisai.com/sustainability/management/index.html
Eisai Co.,https://www.eisai.com/company/governance/cgregulations/index.html
Eisai Co.,https://www.eisai.com/sustainability/management/compliance/index.html
All Power Labs,http://www.allpowerlabs.com/about-apl
Gilead Sciences,https://www.gilead.com/about
Gilead Sciences,https://www.gilead.com/about/ethics
Gilead Sciences,https://www.gilead.com/news/statements
Gilead Sciences,https://www.gilead.com/about/business-conduct
Gilead Sciences,https://www.gilead.com/about/worldwide-operations
Gilead Sciences,https://www.gilead.com/about/business-partnerships
Gilead Sciences,https://www.gilead.com/about/corporate-history-timeline
Gilead Sciences,https://www.gilead.com/responsibility/corporate-contributions
Gilead Sciences,https://www.gilead.com/about/senior-management/senior-management
Pacific Light Technologies,http://www.pacificlighttech.com/about-us/overview
Teradata US,https://www.teradata.com.au/partners
Teradata US,https://www.teradata.com.au/about-us/awards
Teradata US,https://www.teradata.com.au/about-us/leadership
Teradata US,https://www.teradata.com.au/about-us/academic-programs
Teradata US,https://www.teradata.com.au/about-us/community-relations
Teradata US,https://www.teradata.com.au/about-us/corporate-governance
Teradata US,https://www.teradata.com.au/About/Corporate-Social-Responsibility
First Solar,http://www.firstsolar.com/en/About-Us/Corporate-Responsibility
Fuji Electric Co.,https://www.fujielectric.com/company/history.html
Fuji Electric Co.,https://www.fujielectric.com/company/csr/index.html
Fuji Electric Co.,https://www.fujielectric.com/company/news/index.html
Fuji Electric Co.,https://www.fujielectric.com/company/philosophy.html
Fuji Electric Co.,https://www.fujielectric.com/company/management.html
Fuji Electric Co.,https://www.fujielectric.com/ir/management/index.html
Fuji Electric Co.,https://www.fujielectric.com/company/procurement.html
Fuji Electric Co.,https://www.fujielectric.com/company/advertising.html
Fuji Electric Co.,https://www.fujielectric.com/company/news/rss/rss.xml
Fuji Electric Co.,https://www.fujielectric.com/ir/management/message.html
Fuji Electric Co.,https://www.fujielectric.com/company/offices/index.html
Fuji Electric Co.,https://www.fujielectric.com/company/business/index.html
Fuji Electric Co.,https://www.fujielectric.com/company/research_development/
Fuji Electric Co.,https://www.fujielectric.com/company/advertising/index.html
Fuji Electric Co.,https://www.fujielectric.com/company/promotion/solutions.html
Fuji Electric Co.,https://www.fujielectric.com/company/research_development/index.html
Fuji Electric Co.,https://www.fujielectric.com/company/news/2018/20181011090033050.html
FUJIFILM Corporation,http://www.fujifilm.com/about/design/
FUJIFILM Corporation,http://www.fujifilm.com/about/sns/sns_policy/
FUJIFILM Corporation,http://www.fujifilm.com/about/dear_innovation/
Fujitsu Limited,http://www.fujitsu.com/jp/about/procurement/
Fujitsu Limited,http://www.fujitsu.com/jp/about/brand-values/
Fujitsu Limited,http://www.fujitsu.com/jp/about/corporate/cvc/
Fujitsu Limited,http://www.fujitsu.com/jp/about/csr/index.html
Fujitsu Limited,http://www.fujitsu.com/jp/about/corporate/info/
Fujitsu Limited,http://www.fujitsu.com/jp/about/csr/vision/sri/
Fujitsu Limited,http://www.fujitsu.com/jp/about/brandmanagement/
Fujitsu Limited,http://www.fujitsu.com/jp/about/resources/terms/
Fujitsu Limited,http://www.fujitsu.com/jp/about/resources/awards/
Fujitsu Limited,http://www.fujitsu.com/jp/about/resources/contact/
Fujitsu Limited,http://www.fujitsu.com/jp/about/resources/privacy/
Fujitsu Limited,http://www.fujitsu.com/jp/about/corporate/partners/
Fujitsu Limited,http://www.fujitsu.com/jp/about/activities/quality/
Fujitsu Limited,http://www.fujitsu.com/jp/vision/insights/index.html
Fujitsu Limited,http://www.fujitsu.com/jp/about/businesspolicy/tech/
Fujitsu Limited,http://www.fujitsu.com/jp/about/corporate/index.html
Fujitsu Limited,http://www.fujitsu.com/jp/about/resources/index.html
Fujitsu Limited,http://www.fujitsu.com/jp/about/corporate/management/
Fujitsu Limited,http://www.fujitsu.com/jp/about/corporate/facilities/
Fujitsu Limited,http://www.fujitsu.com/jp/about/resources/advertising/
Fujitsu Limited,http://www.fujitsu.com/jp/about/resources/contact/faq/
Fujitsu Limited,http://www.fujitsu.com/jp/about/resources/case-studies/
Fujitsu Limited,http://www.fujitsu.com/jp/about/corporate/organization/
Fujitsu Limited,http://www.fujitsu.com/jp/about/resources/news/notices/
Fujitsu Limited,http://www.fujitsu.com/jp/about/businesspolicy/business/
Fujitsu Limited,http://www.fujitsu.com/jp/about/corporate/facilities/dtc/
Fujitsu Limited,http://www.fujitsu.com/jp/about/resources/shop/index.html
Fujitsu Limited,http://www.fujitsu.com/jp/about/resources/terms/copyright/
Fujitsu Limited,http://www.fujitsu.com/jp/about/corporate/history/index.html
Fujitsu Limited,http://www.fujitsu.com/jp/about/resources/advertising/event/
Fujitsu Limited,http://www.fujitsu.com/jp/about/resources/contact/index.html
Fujitsu Limited,http://www.fujitsu.com/jp/about/businesspolicy/tech/index.html
Fujitsu Limited,http://www.fujitsu.com/jp/about/businesspolicy/fieldinnovation/
Fujitsu Limited,http://www.fujitsu.com/jp/about/resources/mailmagazine/biznews/
Fujitsu Limited,http://www.fujitsu.com/jp/about/environment/society/recycleinfo/
Fujitsu Limited,http://www.fujitsu.com/jp/about/resources/contact/faq/index.html
Fujitsu Limited,http://www.fujitsu.com/jp/about/resources/case-studies/index.html
Fujitsu Limited,http://www.fujitsu.com/jp/about/resources/news/notices/index.html
Fujitsu Limited,http://www.fujitsu.com/jp/about/corporate/locations/worldlocation/
Fujitsu Limited,http://www.fujitsu.com/jp/about/brandmanagement/brandstory/index.html
Fujitsu Limited,http://www.fujitsu.com/jp/about/resources/case-studies/theme/workstyle/
Fujitsu Limited,http://www.fujitsu.com/jp/about/environment/society/recycleinfo/index.html
Fujitsu Limited,http://www.fujitsu.com/jp/about/resources/case-studies/operation/marketing/
Fujitsu Limited,http://www.fujitsu.com/jp/about/businesspolicy/tech/publications/index.html
SABIC GLOBAL TECHNOLOGIES B.V.,https://www.sabic.com/en/about/
SABIC GLOBAL TECHNOLOGIES B.V.,https://www.sabic.com/en/about/locations/
SABIC GLOBAL TECHNOLOGIES B.V.,https://www.sabic.com/en/about/corporate-profile
SABIC GLOBAL TECHNOLOGIES B.V.,https://www.sabic.com/en/about/corporate-profile/
SABIC GLOBAL TECHNOLOGIES B.V.,https://www.sabic.com/en/about/other-sabic-portals
SABIC GLOBAL TECHNOLOGIES B.V.,https://www.sabic.com/en/about/our-quality-standards
SABIC GLOBAL TECHNOLOGIES B.V.,https://www.sabic.com/en/about/ehss/safety-and-health
SABIC GLOBAL TECHNOLOGIES B.V.,https://www.sabic.com/en/about/our-compliance-culture
SABIC GLOBAL TECHNOLOGIES B.V.,https://www.sabic.com/en/about/ehss/management-systems
SABIC GLOBAL TECHNOLOGIES B.V.,https://www.sabic.com/en/investors/corporate-governance
SABIC GLOBAL TECHNOLOGIES B.V.,https://www.sabic.com/en/about/locations/sabic-worldwide
SABIC GLOBAL TECHNOLOGIES B.V.,https://www.sabic.com/en/careers/why-SABIC/shared-values
SABIC GLOBAL TECHNOLOGIES B.V.,https://www.sabic.com/en/about/ehss/proces-risk-management
SABIC GLOBAL TECHNOLOGIES B.V.,https://www.sabic.com/en/about/corporate-profile/affiliates
SABIC GLOBAL TECHNOLOGIES B.V.,https://www.sabic.com/en/sustainability/corporate-reporting
SABIC GLOBAL TECHNOLOGIES B.V.,https://www.sabic.com/en/investors/corporate-credit-ratings
SABIC GLOBAL TECHNOLOGIES B.V.,https://www.sabic.com/en/about/corporate-profile/Facts-Figures
SABIC GLOBAL TECHNOLOGIES B.V.,https://www.sabic.com/en/about/locations/sabic-global-entities
SABIC GLOBAL TECHNOLOGIES B.V.,https://www.sabic.com/en/about/corporate-profile/sabic-at-a-glance
SABIC GLOBAL TECHNOLOGIES B.V.,https://www.sabic.com/en/about/ehss/security-and-crisis-management
SABIC GLOBAL TECHNOLOGIES B.V.,https://www.sabic.com/en/sustainability/corporate-reporting/gri-profile
SABIC GLOBAL TECHNOLOGIES B.V.,https://www.sabic.com/en/sustainability/corporate-social-responsibility
SABIC GLOBAL TECHNOLOGIES B.V.,https://www.sabic.com/en/about/our-compliance-culture/sabic-codeof-ethics
SABIC GLOBAL TECHNOLOGIES B.V.,https://www.sabic.com/en/sustainability/corporate-reporting/ungc-principles
SABIC GLOBAL TECHNOLOGIES B.V.,https://www.sabic.com/en/about/our-compliance-culture/uk-california-statement
SABIC GLOBAL TECHNOLOGIES B.V.,https://www.sabic.com/en/about/our-compliance-culture/our-compliance-processes
SABIC GLOBAL TECHNOLOGIES B.V.,https://www.sabic.com/en/about/corporate-profile/board-of-directors-and-executive-management
SABIC GLOBAL TECHNOLOGIES B.V.,https://www.sabic.com/en/news/15829-sabic-exclusive-innovation-and-knowledge-partner-to-misk-global-forum-in-support-of-youth-empowerment
CAMBRIDGE ENTERPRISE LIMITED,https://www.enterprise.cam.ac.uk/about-us/our-film/
CAMBRIDGE ENTERPRISE LIMITED,https://www.enterprise.cam.ac.uk/about-us/information-compliance/data-protection/core-privacy-notices/
ARBOR THERAPEUTICS,http://arborpharma.com/about-us/
Kobe Steel,http://www.kobelco.co.jp/english/about_kobelco/outline/only1/
Kobe Steel,http://www.kobelco.co.jp/english/about_kobelco/outline/history/
Kobe Steel,http://www.kobelco.co.jp/english/about_kobelco/outline/quality/
Kobe Steel,http://www.kobelco.co.jp/english/about_kobelco/outline/next100/
Kobe Steel,http://www.kobelco.co.jp/english/about_kobelco/outline/business/
Kobe Steel,http://www.kobelco.co.jp/english/about_kobelco/outline/branding/
Kobe Steel,http://www.kobelco.co.jp/english/about_kobelco/kobesteel/message/
Kobe Steel,http://www.kobelco.co.jp/english/about_kobelco/outline/introvideo/
Kobe Steel,http://www.kobelco.co.jp/english/about_kobelco/kobesteel/locations/
Kobe Steel,http://www.kobelco.co.jp/english/about_kobelco/kobesteel/governance/
Kobe Steel,http://www.kobelco.co.jp/english/about_kobelco/outline/integrated-reports/
Kobe Steel,http://www.kobelco.co.jp/english/about_kobelco/kobesteel/message/index.html
Kobe Steel,http://www.kobelco.co.jp/english/about_kobelco/outline/integrated-reports/index.html
Englewood Lab,http://englewoodlab.com/about-us/locations/
MILLENIUM SYNTHFUELS CORPORATION,http://milleniumsynthfuels.com/about
Uniseal Solutions Inc.,https://www.unisealsolutions.com/partners/
Express Imaging Systems,https://www.eiscallcenter.com/eis/index.php?load=index/partners
Elwha LLC,https://www.elwha.org/culture-and-history/klallam-language/
Elwha LLC,https://www.elwha.org/culture-history/point-no-point-treaty/
Elwha LLC,https://www.elwha.org/culture-and-history/traditional-values/
Elwha LLC,https://www.elwha.org/culture-history/belongings-of-ancestors/
Elwha LLC,https://www.elwha.org/culture-and-history/culture-and-beliefs/
Elwha LLC,https://www.elwha.org/culture-history/historical-village-sites/
Elwha LLC,https://www.elwha.org/culture-and-history/point-no-point-treaty/
Elwha LLC,https://www.elwha.org/culture-history/archaeology-of-the-village/
Elwha LLC,https://www.elwha.org/culture-and-history/historical-village-sites/
Elwha LLC,https://www.elwha.org/culture-history/fishing-hunting-weaving-carving/
Elwha LLC,https://www.elwha.org/culture-history/elwha-warrior-queen-and-princess/
Elwha LLC,https://www.elwha.org/culture-history/elwha-klallam-historical-timeline/
Elwha LLC,https://www.elwha.org/culture-and-history/elwha-klallam-historical-timeline/
Kaneka Corporation,http://www.kaneka.co.jp/en/business/qualityoflife/pv/
Princeton Optronics,https://ams.com/footer_cr
ElectraTherm,https://electratherm.com/electratherm-and-sigma-thermal-partner-on-integrated-waste-gas-to-power-generation/
Ecolab Inc.,https://www.ecolab.com/about/industries-we-serve/manufacturing
Ecolab Inc.,https://www.ecolab.com/about/industries-we-serve/primary-metals
Ecolab Inc.,https://www.ecolab.com/about/industries-we-serve/pulp-and-paper
Ecolab Inc.,https://www.ecolab.com/about/industries-we-serve/power-generation
Ecolab Inc.,https://www.ecolab.com/about/industries-we-serve/chemical-processing
Ecolab Inc.,https://www.ecolab.com/about/industries-we-serve/commercial-laundries
Ecolab Inc.,https://www.ecolab.com/about/industries-we-serve/oil-and-gas-midstream
Ecolab Inc.,https://www.ecolab.com/about/industries-we-serve/buildings-and-facilities
Ecolab Inc.,https://www.ecolab.com/about/industries-we-serve/healthcare-and-life-sciences
Ecolab Inc.,https://www.ecolab.com/about/industries-we-serve/food-and-beverage-processing
Ecolab Inc.,https://www.ecolab.com/about/industries-we-serve/mining-and-mineral-processing
Ecolab Inc.,https://www.ecolab.com/stories/abundant-savings-for-egyptian-fertilizers-company
Ecolab Inc.,https://www.ecolab.com/about/industries-we-serve/refining-additives-and-petrochemical
Echogen Power Systems,https://www.echogen.com/our-solution/your-application
Dow AgroSciences LLC,http://www.dowagro.com/en-us/about-dow-agrosciences
Dow AgroSciences LLC,http://www.dowagro.com/en-us/about-dow-agrosciences/commitment
Dow AgroSciences LLC,http://www.dowagro.com/en-us/newsroom/pressreleases/2018/02/dowdupont-agriculture-division-to-become-corteva-agriscience
Domtar Paper Company,https://www.domtar.com/en/resources/corporate-documents/company-policies
Domtar Paper Company,https://www.domtar.com/en/who-we-are/about-domtar/vision-mission-and-values
Domtar Paper Company,https://www.domtar.com/en/how-we-work/sustainability-domtar/water-management
Domtar Paper Company,https://www.domtar.com/en/how-we-work/sustainability-domtar/waste-management
Domtar Paper Company,https://www.domtar.com/en/resources/corporate-documents/governance-documents-and-charters
KLA-Tencor Corporation,https://www.kla-tencor.com/Company/company-overview.html
KLA-Tencor Corporation,https://www.kla-tencor.com/Company/board-committees.html
KLA-Tencor Corporation,https://www.kla-tencor.com/Company/supplier-support.html
KLA-Tencor Corporation,https://www.kla-tencor.com/company/company-overview.html
KLA-Tencor Corporation,https://www.kla-tencor.com/Company/board-of-directors.html
KLA-Tencor Corporation,https://www.kla-tencor.com/Company/safety-data-sheets.html
KLA-Tencor Corporation,https://www.kla-tencor.com/Company/supplier-diversity.html
KLA-Tencor Corporation,https://www.kla-tencor.com/Company/antibribery-policy.html
KLA-Tencor Corporation,https://www.kla-tencor.com/Company/founding-executives.html
KLA-Tencor Corporation,https://www.kla-tencor.com/Company/united-states-import.html
KLA-Tencor Corporation,https://www.kla-tencor.com/Company/compensation-committee.html
KLA-Tencor Corporation,https://www.kla-tencor.com/Company/environmental-programs.html
KLA-Tencor Corporation,https://www.kla-tencor.com/Company/cpo-letter-to-suppliers.html
KLA-Tencor Corporation,https://www.kla-tencor.com/Company/international-facilities.html
KLA-Tencor Corporation,https://www.kla-tencor.com/Company/supply-chain-recognition.html
KLA-Tencor Corporation,https://www.kla-tencor.com/surface-profilometry-and-metrology.html
KLA-Tencor Corporation,https://www.kla-tencor.com/Company/becoming-a-kla-tencor-supplier.html
KLA-Tencor Corporation,https://www.kla-tencor.com/Company/nominating-and-governance-committee.html
KLA-Tencor Corporation,https://www.kla-tencor.com/Company/supply-chain-social-environment-and-regulatory-responsibility.html
Dell Software Inc.,https://www.quest.com/partners/
Dell Software Inc.,https://www.quest.com/database-management/
Dell Software Inc.,https://www.quest.com/solutions/performance-monitoring/
Dell Software Inc.,https://www.quest.com/solutions/microsoft-platform-management/
Dell Software Inc.,https://www.quest.com/database-management/performance-monitoring/
Dell Software Inc.,https://www.quest.com/community/quest/endpoint-systems-management/
Dell Software Inc.,https://www.quest.com/community/quest/microsoft-platform-management
Dell Software Inc.,https://www.quest.com/foglight-hybrid-data-center-performance-management/
Dell Software Inc.,https://www.quest.com/solutions/information-archiving-storage-management/%20
Dell Software Inc.,https://www.quest.com/video/travel-the-path-to-endpoint-management-enlightenment-with-quest-kace8134299/
Energysolutions,https://www.energysolutions.com/about
Denso Corporation,https://www.denso.com/global/en/about-us/global-network/
Denso Corporation,https://www.denso.com/global/en/about-us/business-fields/
Denso Corporation,https://www.denso.com/global/en/about-us/facts-and-figures/
Denso Corporation,https://www.denso.com/global/en/about-us/social-media-list/
Denso Corporation,https://www.denso.com/global/en/about-us/executive-management/
Denso Corporation,https://www.denso.com/global/en/about-us/philosophy-and-vision/
Denso Corporation,https://www.denso.com/global/en/about-us/philosophy-and-vision/long-term-policy/
ASML Netherlands B.V.,https://www.asml.com/governance/board-of-management/en/s9571?rid=7335
ASML Netherlands B.V.,https://www.asml.com/governance/corporate-structure/en/s7264?rid=9518
ASML Netherlands B.V.,https://www.asml.com/governance/corporate-responsibilty/en/s9644?rid=54970
ASML Netherlands B.V.,https://www.asml.com/governance/board-of-management/appointment/en/s9571?rid=9559
ASML Netherlands B.V.,https://www.asml.com/governance/board-of-management/composition/en/s10093?rid=9558
ASML Netherlands B.V.,https://www.asml.com/governance/board-of-management/remuneration/en/s9571?rid=9560
ASML Netherlands B.V.,https://www.asml.com/governance/board-of-management/securities-holdings/en/s9571?rid=9561
ASML Netherlands B.V.,https://www.asml.com/governance/board-of-management/disclosure-committee/en/s9571?rid=9562
Dialogic Corporation,https://www.dialogic.com/partners
Dialogic Corporation,https://www.dialogic.com/partners/ibm
Dialogic Corporation,https://www.dialogic.com/partners/directory
Dialogic Corporation,https://www.dialogic.com/company/online-press-kit
Dialogic Corporation,https://www.dialogic.com/company/conflict-minerals
Dialogic Corporation,https://www.dialogic.com/partners/avaya-devconnect
Dialogic Corporation,https://www.dialogic.com/company/board-of-directors
Dialogic Corporation,https://www.dialogic.com/profile/register?ReturnURL=/
Dialogic Corporation,https://www.dialogic.com/company/environmental-policy
Dialogic Corporation,https://www.dialogic.com/partners/directory/b/broadforward
Dialogic Corporation,https://www.dialogic.com/profile/forgot-my-password?ReturnURL=
Dialogic Corporation,https://www.dialogic.com/partners/directory/alphabetical-listing
Dialogic Corporation,https://www.dialogic.com/partners/directory?action=Search&geo=%7B4FE87DCB-4BB9-49E5-B962-B8F98C61939A%7D
Dialogic Corporation,https://www.dialogic.com/partners/directory?action=Search&geo=%7B7413C86C-067C-443F-A27E-67BF07866090%7D
Dialogic Corporation,https://www.dialogic.com/partners/directory?action=Search&geo=%7B12D00DF7-89EE-4607-93C3-88BDF06B8C2E%7D
Dialogic Corporation,https://www.dialogic.com/partners/directory?action=Search&geo=%7B05D75350-07CB-47AB-B4B4-E582898ECC17%7D
CARBO Ceramics Inc.,https://carboceramics.com/about
CARBO Ceramics Inc.,https://carboceramics.com/about/Contact-CARBO
CARBO Ceramics Inc.,https://carboceramics.com/about/Technology-and-innovation
CARBO Ceramics Inc.,https://carboceramics.com/contact/carbo-corporate/fracpro
CARBO Ceramics Inc.,https://carboceramics.com/contact/business/carbo-corporate
CARBO Ceramics Inc.,https://carboceramics.com/contact/carbo-corporate/stratagen
CARBO Ceramics Inc.,https://carboceramics.com/contact/carbo-corporate/assetguard
CARBO Ceramics Inc.,https://carboceramics.com/investors/governance-and-management
CARBO Ceramics Inc.,"https://carboceramics.com/about/health,-safety-and-environment"
CARBO Ceramics Inc.,https://carboceramics.com/about/about-carbo/industrial-ceramics2
CARBO Ceramics Inc.,https://carboceramics.com/contact/carbo-corporate/media-relations
CARBO Ceramics Inc.,https://carboceramics.com/contact/carbo-corporate/investor-relations
CARBO Ceramics Inc.,https://carboceramics.com/contact/carbo-corporate/falcon-technologies
CARBO Ceramics Inc.,https://carboceramics.com/about/about-carbo/fracture-consulting-overview
CARBO Ceramics Inc.,https://carboceramics.com/about/about-carbo/Fracture-software-overview-(1)
CARBO Ceramics Inc.,https://carboceramics.com/about/about-carbo/Fracture-technologies-overview
CARBO Ceramics Inc.,https://carboceramics.com/contact/carbo-corporate/software-technical-support
CARBO Ceramics Inc.,"https://carboceramics.com/about/health,-safety-and-environment/sustainability"
CARBO Ceramics Inc.,https://carboceramics.com/about/about-carbo/Environmental-protection-solutions
CARBO Ceramics Inc.,"https://carboceramics.com/about/health,-safety-and-environment/HSE-news-awards"
CARBO Ceramics Inc.,"https://carboceramics.com/about/health,-safety-and-environment/Safety-data-sheets"
CARBO Ceramics Inc.,https://carboceramics.com/contact/carbo-corporate/carbo-ceramics-and-technologies
CARBO Ceramics Inc.,https://carboceramics.com/contact/carbo-corporate/carboaccucast-industrial-ceramics
CARBO Ceramics Inc.,https://carboceramics.com/getmedia/27c48c80-c0de-4cae-821d-380f21fa59bd/corporate-player.html.aspx
Phoseon Technology,https://www.phoseon.com/resources/partners
Phoseon Technology,https://www.phoseon.com/company/phoseon-achieves-iso-certification%0A
Dermazone Solutions,http://dermazone.com/about.html
UCB Pharma S.A.,https://www.ucb.com/our-company/about-us
UCB Pharma S.A.,https://www.ucb.com/our-company/csr/patients
UCB Pharma S.A.,https://www.ucb.com/our-company/csr/csr-Fund
UCB Pharma S.A.,https://www.ucb.com/our-company/Suppliers/UK
UCB Pharma S.A.,https://www.ucb.com/our-company/csr/reporting
UCB Pharma S.A.,https://www.ucb.com/our-company/Suppliers/USA
UCB Pharma S.A.,https://www.ucb.com/our-company/green-strategy
UCB Pharma S.A.,https://www.ucb.com/our-company/csr/environment
UCB Pharma S.A.,https://www.ucb.com/our-company/Suppliers/China
UCB Pharma S.A.,https://www.ucb.com/our-company/Suppliers/Japan
UCB Pharma S.A.,https://www.ucb.com/our-company/Suppliers/India
UCB Pharma S.A.,https://www.ucb.com/our-company/Suppliers/Italy
UCB Pharma S.A.,https://www.ucb.com/our-company/Suppliers/Korea
UCB Pharma S.A.,https://www.ucb.com/our-company/Suppliers/Spain
UCB Pharma S.A.,https://www.ucb.com/our-company/Suppliers/Brazil
UCB Pharma S.A.,https://www.ucb.com/our-company/Suppliers/Canada
UCB Pharma S.A.,https://www.ucb.com/our-company/Suppliers/France
UCB Pharma S.A.,https://www.ucb.com/our-company/Suppliers/Greece
UCB Pharma S.A.,https://www.ucb.com/our-company/Suppliers/Mexico
UCB Pharma S.A.,https://www.ucb.com/our-company/Suppliers/Norway
UCB Pharma S.A.,https://www.ucb.com/our-company/Suppliers/Poland
UCB Pharma S.A.,https://www.ucb.com/our-company/Suppliers/Russia
UCB Pharma S.A.,https://www.ucb.com/our-company/Suppliers/Sweden
UCB Pharma S.A.,https://www.ucb.com/our-company/Suppliers/Taiwan
UCB Pharma S.A.,https://www.ucb.com/our-company/Suppliers/Turkey
UCB Pharma S.A.,https://www.ucb.com/our-company/Suppliers/Austria
UCB Pharma S.A.,https://www.ucb.com/our-company/Suppliers/Belgium
UCB Pharma S.A.,https://www.ucb.com/our-company/Suppliers/Denmark
UCB Pharma S.A.,https://www.ucb.com/our-company/Suppliers/Finland
UCB Pharma S.A.,https://www.ucb.com/our-company/Suppliers/Germany
UCB Pharma S.A.,https://www.ucb.com/our-company/Suppliers/Hungary
UCB Pharma S.A.,https://www.ucb.com/our-company/Suppliers/Ireland
UCB Pharma S.A.,https://www.ucb.com/our-company/Suppliers/Romania
UCB Pharma S.A.,https://www.ucb.com/our-company/Suppliers/Bulgaria
UCB Pharma S.A.,https://www.ucb.com/our-company/Suppliers/Malaysia
UCB Pharma S.A.,https://www.ucb.com/our-company/Suppliers/Portugal
UCB Pharma S.A.,https://www.ucb.com/our-company/Suppliers/Slovakia
UCB Pharma S.A.,https://www.ucb.com/our-company/Suppliers/Thailand
UCB Pharma S.A.,https://www.ucb.com/our-company/Suppliers/our-Team
UCB Pharma S.A.,https://www.ucb.com/our-company/Suppliers/Australia
UCB Pharma S.A.,https://www.ucb.com/our-company/Suppliers/Hong-Kong
UCB Pharma S.A.,https://www.ucb.com/our-company/Suppliers/Singapore
UCB Pharma S.A.,https://www.ucb.com/our-company/Suppliers/Luxembourg
UCB Pharma S.A.,https://www.ucb.com/our-company/Suppliers/Netherlands
UCB Pharma S.A.,https://www.ucb.com/our-company/Suppliers/Switzerland
UCB Pharma S.A.,https://www.ucb.com/our-company/Disclosure-of-payments
UCB Pharma S.A.,https://www.ucb.com/our-company/funding/other-countries
UCB Pharma S.A.,https://www.ucb.com/our-company/Suppliers/Czech-Republic
UCB Pharma S.A.,https://www.ucb.com/our-company/Suppliers/become-our-supplier
UCB Pharma S.A.,https://www.ucb.com/our-company/Suppliers/Requisition-to-Pay-Process
UCB Pharma S.A.,https://www.ucb.com/our-company/Disclosure-of-payments/payments-hcps/Italy
UCB Pharma S.A.,https://www.ucb.com/our-company/Disclosure-of-payments/payments-hcps/Sweden
UCB Pharma S.A.,https://www.ucb.com/our-company/Disclosure-of-payments/payments-hcps/reland
UCB Pharma S.A.,https://www.ucb.com/our-company/Disclosure-of-payments/payments-hcps/Norway
UCB Pharma S.A.,https://www.ucb.com/our-company/Disclosure-of-payments/payments-hcps/Denmark
UCB Pharma S.A.,https://www.ucb.com/our-company/Disclosure-of-payments/payments-hcps/Belgium
UCB Pharma S.A.,https://www.ucb.com/our-company/Disclosure-of-payments/payments-hcps/Finland
UCB Pharma S.A.,https://www.ucb.com/our-company/Disclosure-of-payments/payments-hcps/Hungary
UCB Pharma S.A.,https://www.ucb.com/our-company/Disclosure-of-payments/payments-hcps/Ukraine
UCB Pharma S.A.,https://www.ucb.com/our-company/Disclosure-of-payments/payments-hcps/Romania
UCB Pharma S.A.,https://www.ucb.com/our-company/Disclosure-of-payments/payments-hcps/Netherlands
UCB Pharma S.A.,https://www.ucb.com/our-company/magazine/detail/article/Making-our-packaging-%E2%80%98greener%E2%80%99
Flextronics AP,https://flex.com/insights/case-studies/grabit
U.S. NUTRACEUTICALS,https://www.nutraceutical.com/collections
U.S. NUTRACEUTICALS,http://www.nutraceutical.com/collections/healthy-market/funfresh-foods/the-real-food-trading-company/
Pfizer Inc.,https://www.pfizer.com/partners
Pfizer Inc.,https://www.pfizer.com/partners/events
Pfizer Inc.,https://www.pfizer.com/partners/highlights
Pfizer Inc.,https://www.pfizer.com/partners/innovation
Pfizer Inc.,https://www.pfizer.com/partners/therapeutic-areas
Pfizer Inc.,https://www.pfizer.com/partners/biopharmaceuticals
Pfizer Inc.,https://www.pfizer.com/partners/consumer-healthcare
Pfizer Inc.,https://www.pfizer.com/partners/venture-investments
Pfizer Inc.,https://www.pfizer.com/partners/research-and-development
Pfizer Inc.,https://www.pfizer.com/purpose/contributions-partnerships
Pfizer Inc.,https://www.pfizer.com/partners/business-development-leaders
Pfizer Inc.,https://www.pfizer.com/responsibility/global-partnerships-institutions
Pfizer Inc.,http://www.pfizer.com/about/leadership_and_structure/company_fact_sheet
Pfizer Inc.,https://www.pfizer.com/purpose/contributions-partnerships/charity-events
Pfizer Inc.,https://www.pfizer.com/purpose/life-in-focus/fostering-meaningful-partnerships
Pfizer Inc.,https://www.pfizer.com/purpose/contributions-partnerships/political-partnerships
Pfizer Inc.,https://www.pfizer.com/news/featured_stories/featured_stories_detail/celebrating_the_catalytic_power_of_partnerships_in_family_planning
Advanced Analogic Technologies,http://analogictech.com/AboutContact.aspx
Delavau LLC,https://www.delavaufood.com/about/latest-news//
Amgen Fremont Inc.,https://www.amgen.com/partners/
Amgen Fremont Inc.,https://www.amgen.com/about/how-we-operate/policies-practices-and-disclosures/transparency-disclosures/donation-and-grant-recipients/
Milliken & Company,http://www.milliken.com/en-us/ourcompany/newsandmedia/Pages/Milliken-Gives.aspx
Milliken & Company,http://www.milliken.com/en-us/ourcompany/lifeatmilliken/Pages/worldwidecampuses.aspx
Milliken & Company,http://www.milliken.com/en-us/ourcompany/newsandmedia/Pages/RMC-60th-Anniversary.aspx
Milliken & Company,http://www.milliken.com/en-us/ourcompany/lifeatmilliken/Pages/learninganddevelopment.aspx
Milliken & Company,http://www.milliken.com/en-us/ourcompany/newsandmedia/Pages/Milliken-Company-Joins-Well-Living-Lab.aspx
ITN Energy Systems,http://itnes.com/about/technologyportfolio.html
ITN Energy Systems,http://itnes.com/investors/corporategovernance.html
GCP Applied Technologies Inc.,https://gcpat.com/en/about/corporate-leadership
GCP Applied Technologies Inc.,https://gcpat.com/en/about/statement-human-rights
GCP Applied Technologies Inc.,https://gcpat.com/en/about/environment-health-safety
GCP Applied Technologies Inc.,https://gcpat.com/en/solutions/transit-concrete-management
GCP Applied Technologies Inc.,https://gcpat.com/en/transit-concrete-management-documents
GCP Applied Technologies Inc.,https://gcpat.com/en/about/news/blog/waterproofing-a-green-roof
GCP Applied Technologies Inc.,https://gcpat.com/en/about/transparency-supply-chain-disclosure
GCP Applied Technologies Inc.,https://gcpat.com/en/distributor-advantage-a-profitable-partnership
GCP Applied Technologies Inc.,https://gcpat.com/en/about/news/blog/control-flow-concrete-mass-pours
GCP Applied Technologies Inc.,https://gcpat.com/en/about/news/blog/see-control-flow-concrete-action
GCP Applied Technologies Inc.,https://gcpat.com/en/about/news/blog/concrete-construction-innovations
GCP Applied Technologies Inc.,https://gcpat.com/en/about/news/blog/making-most-air-entrained-concrete
GCP Applied Technologies Inc.,https://gcpat.com/en/about/news/blog/how-green-roofs-cool-urban-heat-islands
GCP Applied Technologies Inc.,https://gcpat.com/en/about/news/blog/net-zero-building-design-and-air-leakage
GCP Applied Technologies Inc.,https://gcpat.com/en/about/news/blog/video-transit-concrete-management-what-it
GCP Applied Technologies Inc.,https://gcpat.com/en/about/news/blog/using-control-flow-concrete-tunnel-linings
GCP Applied Technologies Inc.,https://gcpat.com/en/about/news/blog/foundation-waterproofing-when-and-why-use-it
GCP Applied Technologies Inc.,https://gcpat.com/en/about/news/blog/balancing-act-ensuring-good-attic-ventilation
GCP Applied Technologies Inc.,https://gcpat.com/en/about/news/blog/videos-why-manage-your-concrete-verifi-system
GCP Applied Technologies Inc.,https://gcpat.com/en/about/news/blog/should-i-specify-smooth-or-granular-roof-underlayments
GCP Applied Technologies Inc.,https://gcpat.com/en/about/news/blog/sustainability-guidelines-ready-mix-plant-certification
GCP Applied Technologies Inc.,https://gcpat.com/en/about/news/blog/making-your-foundation-waterproofing-project-go-smoother
GCP Applied Technologies Inc.,https://gcpat.com/en/about/news/blog/argos-usa-highlights-labor-benefits-control-flow-concrete
GCP Applied Technologies Inc.,https://gcpat.com/en/about/news/blog/sardinia-concrete-improves-profitability-control-flow-concrete
Dr. Reddy's Laboratories Ltd.,http://www.drreddys.com/partners/post-an-enquiry/
Dr. Reddy's Laboratories Ltd.,http://www.drreddys.com/partners/prospective-partners/
Dr. Reddy's Laboratories Ltd.,http://www.drreddys.com/our-citizenship/affiliates/partners/
Dr. Reddy's Laboratories Ltd.,http://www.drreddys.com/partners/login-for-current-partners/
Lattice Semiconductor Corporation,http://www.latticesemi.com/About/ContactUs
Lattice Semiconductor Corporation,http://www.latticesemi.com/About/Management
Lattice Semiconductor Corporation,https://www.latticesemi.com/About/ContactUs
Lattice Semiconductor Corporation,http://www.latticesemi.com/About/UseOfCookies
Lattice Semiconductor Corporation,https://www.latticesemi.com/About/Sitemap.aspx
Lattice Semiconductor Corporation,http://www.latticesemi.com/About/Jobs/OurBenefits
Lattice Semiconductor Corporation,http://www.latticesemi.com/About/InvestorRelations
Lattice Semiconductor Corporation,http://www.latticesemi.com/About/Newsroom/InTheNews
Lattice Semiconductor Corporation,https://www.latticesemi.com/About/UseOfCookies.aspx
Lattice Semiconductor Corporation,https://www.latticesemi.com/About/LegalNotices.aspx
Lattice Semiconductor Corporation,https://www.latticesemi.com/About/NewsletterSubscribe
Lattice Semiconductor Corporation,http://www.latticesemi.com/About/Newsroom/ImageLibrary
Lattice Semiconductor Corporation,http://www.latticesemi.com/About/Newsroom/VideoLibrary
Lattice Semiconductor Corporation,http://www.latticesemi.com/About/Newsroom/MediaContacts
Lattice Semiconductor Corporation,http://www.latticesemi.com/About/EthicsContactInformation
Lattice Semiconductor Corporation,http://www.latticesemi.com/About/LegalNotices/PrivacyPolicy
Lattice Semiconductor Corporation,http://www.latticesemi.com/About/CorporateSocialResponsibility
Lattice Semiconductor Corporation,https://www.latticesemi.com/About/LegalNotices/PrivacyPolicy.aspx
Lattice Semiconductor Corporation,http://www.latticesemi.com/en/About/Newsroom/PressReleases/2018/201809sensAI
Boehringer Ingelheim Vetmedica GmbH,https://www.bi-vetmedica.com/innovation/innovation/industry_support/partnerships_collaboration.html
NICHIA CORPORATION,http://www.nichiha.com/hospitalityliterature
NICHIA CORPORATION,http://www.nichiha.com/national-brands/partners
NICHIA CORPORATION,http://www.nichiha.com/national-brands/literature
CP KELCO APS,https://www.cpkelco.com/
CP KELCO APS,https://www.cpkelco.com/about-cp-kelco/
St. Microelectronics Inc.,https://www.st.com/content/st_com/en/partner/partner-program.html
St. Microelectronics Inc.,https://www.st.com/content/st_com/en/about/innovation---technology/mems.html
St. Microelectronics Inc.,https://www.st.com/content/st_com/en/about/st_approach_to_sustainability.html
St. Microelectronics Inc.,https://www.st.com/content/st_com/en/about/innovation---technology/BiCMOS.html
St. Microelectronics Inc.,https://www.st.com/content/st_com/en/about/innovation---technology/FD-SOI.html
St. Microelectronics Inc.,https://www.st.com/content/st_com/en/about/innovation---technology/VIPower.html
St. Microelectronics Inc.,https://www.st.com/content/st_com/en/about/innovation---technology/imaging.html
St. Microelectronics Inc.,https://www.st.com/content/st_com/en/about/innovation---technology/H9SOIFEM.html
St. Microelectronics Inc.,https://www.st.com/content/st_com/en/about/st_company_information/who-we-are.html
St. Microelectronics Inc.,https://www.st.com/content/st_com/en/about/media-center/press-and-news.html/page=1
St. Microelectronics Inc.,https://www.st.com/content/st_com/en/about/media-center/press-item.html/n3984.html
St. Microelectronics Inc.,https://www.st.com/content/st_com/en/about/media-center/press-item.html/p4101.html
St. Microelectronics Inc.,https://www.st.com/content/st_com/en/about/media-center/press-item.html/n4104.html
St. Microelectronics Inc.,https://www.st.com/content/st_com/en/about/media-center/press-item.html/c2863.html
St. Microelectronics Inc.,https://www.st.com/content/st_com/en/about/media-center/press-item.html/n4113.html
St. Microelectronics Inc.,https://www.st.com/content/st_com/en/about/media-center/press-item.html/n4105.html
St. Microelectronics Inc.,https://www.st.com/content/st_com/en/about/media-center/media_relations_contact.html
St. Microelectronics Inc.,https://www.st.com/content/st_com/en/about/st_company_information/code-of-conduct.html
St. Microelectronics Inc.,https://www.st.com/content/st_com/en/about/media-center/press-and-news.html/page=1.html
St. Microelectronics Inc.,https://www.st.com/content/st_com/en/about/procurement/general-terms-and-conditions.html
St. Microelectronics Inc.,https://www.st.com/content/st_com/en/about/customer-satifaction/customer-satisfaction.html
St. Microelectronics Inc.,https://www.st.com/content/st_com/en/about/st_company_information/st_executive_officers.html
St. Microelectronics Inc.,https://www.st.com/content/st_com/en/about/events/upcoming-events-and-technical-seminars.html
St. Microelectronics Inc.,https://www.st.com/content/st_com/en/about/customer-satifaction/five-areas-of-excellence.html
St. Microelectronics Inc.,https://www.st.com/content/st_com/en/about/innovation---technology/innovation---technology.html
St. Microelectronics Inc.,https://www.st.com/content/st_com/en/about/innovation---technology/artificial-intelligence.html
St. Microelectronics Inc.,https://www.st.com/content/st_com/en/about/events/events.html/stm32wb-hands-on-workshop-2018.html
St. Microelectronics Inc.,https://www.st.com/content/st_com/en/about/st_approach_to_sustainability/sustainability-reports.html
St. Microelectronics Inc.,https://www.st.com/content/st_com/en/about/events/events.html/stm32-with-touchgfx-seminars-2018.html
St. Microelectronics Inc.,https://www.st.com/content/st_com/en/about/customer-satifaction/customer-satisfaction-measurement.html
St. Microelectronics Inc.,https://www.st.com/content/st_com/en/about/st_approach_to_sustainability/sustainability-priorities.html
St. Microelectronics Inc.,https://www.st.com/content/st_com/en/about/events/events.html/stm32wb-with-integrated-ble5-webinar.html
St. Microelectronics Inc.,https://www.st.com/content/st_com/en/about/st_approach_to_sustainability/st_approach_to_sustainability.html
St. Microelectronics Inc.,https://www.st.com/content/st_com/en/about/events/events.html/power-over-ethernet-pd-controllers-webinar.html
MAHLE International GmbH,https://www.mahle.com/en/about-mahle/locations/locations.jsp
MAHLE International GmbH,https://www.mahle.com/en/about-mahle/social-responsibility/index.jsp
MAHLE International GmbH,https://www.mahle.com/en/about-mahle/social-responsibility/committed-employees/
Dana Corporation,http://www.dana.com/corporate-pages/careers
HARMAN INTERNATIONAL INDUSTRIES,https://www.harman.com/automotive-partners
Gilead Connecticut,http://gileadcs.org/get-involved/partner/
Cadence Design Systems,https://www.cadence.com/content/cadence-www/global/en_US/home/company/events.html
Cadence Design Systems,https://www.cadence.com/content/cadence-www/global/en_US/home/company/corporate-governance.html
Cadence Design Systems,https://www.cadence.com/content/cadence-www/global/en_US/home/company/culture/sustainability.html
Cadence Design Systems,https://www.cadence.com/content/cadence-www/global/en_US/home/company/newsroom/press-releases.html
Cadence Design Systems,https://www.cadence.com/content/cadence-www/global/en_US/home/company/system-design-enablement.html
Cadence Design Systems,https://www.cadence.com/content/cadence-www/global/en_US/home/company/events/industry-events/ces-2019.html
Cadence Design Systems,https://www.cadence.com/content/cadence-www/global/en_US/home/company/events/industry-events/ip-soc-days-2018.html
Cadence Design Systems,https://www.cadence.com/content/cadence-www/global/en_US/home/services/cadence-academic-network/academic-partnerships.html
Cadence Design Systems,https://www.cadence.com/content/cadence-www/global/en_US/home/tools/system-design-and-verification/planning-and-management.html
Cadence Design Systems,https://www.cadence.com/content/cadence-www/global/en_US/home/company/events/industry-events/vietnam-technology-on-tour-2018.html
Cadence Design Systems,https://www.cadence.com/content/cadence-www/global/en_US/home/company/events/webinars/vmanager-multi-engine-coverage-webinar.html
Cadence Design Systems,https://www.cadence.com/content/cadence-www/global/en_US/home/tools/pcb-design-and-analysis/library-and-design-data-management.html
Cadence Design Systems,https://www.cadence.com/content/cadence-www/global/en_US/home/tools/pcb-design-and-analysis/library-and-design-data-management/allegro-pulse.html
Cadence Design Systems,https://www.cadence.com/content/cadence-www/global/en_US/home/tools/pcb-design-and-analysis/pc-design-flows/allegro-whats-new/data-management.html
Cadence Design Systems,https://www.cadence.com/content/cadence-www/global/en_US/home/tools/pcb-design-and-analysis/library-and-design-data-management/allegro-edm-solution.html
Cadence Design Systems,https://www.cadence.com/content/cadence-www/global/en_US/home/tools/pcb-design-and-analysis/library-and-design-data-management/allegro-pcb-librarian.html
Cadence Design Systems,https://www.cadence.com/content/cadence-www/global/en_US/home/tools/system-design-and-verification/planning-and-management/incisive-vmanager-solution.html
Cadence Design Systems,https://www.cadence.com/content/cadence-www/global/en_US/home/tools/pcb-design-and-analysis/library-and-design-data-management/allegro-ecad-mcad-library-creator.html
Cadence Design Systems,https://www.cadence.com/content/cadence-www/global/en_US/home/company/newsroom/press-releases/pr/2018/cadence-perspec-system-verifier-supports-new-accellera-portable-.html
Cadence Design Systems,https://www.cadence.com/content/cadence-www/global/en_US/home/company/newsroom/press-releases/pr/2018/cadence-announces-tapeout-of-gddr6-ip-on-samsung-s-7lpp-process-.html
Cadence Design Systems,https://www.cadence.com/content/cadence-www/global/en_US/home/company/newsroom/press-releases/pr/2018/cadence-delivers-advanced-packaging-reference-flow-for-samsung-f.html
Cadence Design Systems,https://www.cadence.com/content/cadence-www/global/en_US/home/company/newsroom/press-releases/pr/2018/cadence-introduces-the-tensilica-hifi-5-dsp--the-first-dsp-optim.html
Cadence Design Systems,https://www.cadence.com/etc/clientlibs/cadence-www/modal.views.modal.html?assetType=video&assetPath=/content/dam/cadence-www/global/en_US/videos/about-cadence/enabling-complex-electronic-systems.mp4
Cadence Design Systems,https://www.cadence.com/content/cadence-www/global/en_US/home/company/newsroom/press-releases/pr/2016/cypress-adopts-cadence-digital-implementation-and-circuit-simulation-tools-for-40nm-automotive-designs.html
Cadence Design Systems,https://www.cadence.com/content/cadence-www/global/en_US/home/company/newsroom/press-releases/pr/2016/cadence-unveils-next-generation-virtuoso-platform-featuring-advanced-analog-verification-technologies-and-10x-performance-improvements-across-platform.html
PNM,https://WWW.PNM.COM/web/pnm.com/about-pnmr
Crestovo LLC,http://www.crestovo.com/about/
Chevron Phillips Chemical Company LP,http://www.cpchem.com
Chevron Phillips Chemical Company LP,http://www.cpchem.com/en-us/Pages/
Chevron Phillips Chemical Company LP,http://www.cpchem.com/en-us/company/loc
Chevron Phillips Chemical Company LP,http://www.cpchem.com/en-us/sustain/pages/about-this-report.aspx
Chevron Phillips Chemical Company LP,http://www.cpchem.com/en-us/company/pages/businesscontinuity.aspx
Chevron Phillips Chemical Company LP,http://www.cpchem.com/en-us/company/Pages/worldwideoperations.aspx
Chevron Phillips Chemical Company LP,http://www.cpchem.com/en-us/company/pages/communityinvolvement.aspx
Chevron Phillips Chemical Company LP,http://www.cpchem.com/en-us/rnt/licensing/petech/pages/history.aspx
Chevron Phillips Chemical Company LP,http://www.cpchem.com/en-us/company/Pages/CommunityInvolvement.aspx
Chevron Phillips Chemical Company LP,http://www.cpchem.com/en-us/company/financialinfo/pages/default.aspx
Chevron Phillips Chemical Company LP,http://www.cpchem.com/en-us/company/pages/communitysponsorships.aspx
Chevron Phillips Chemical Company LP,http://www.cpchem.com/en-us/company/leadershipteam/pages/default.aspx
Chevron Phillips Chemical Company LP,http://www.cpchem.com/en-us/company/diversity/pages/ceoperspective.aspx
Chevron Phillips Chemical Company LP,http://www.cpchem.com/en-us/rnt/licensing/aromaxtech/pages/history.aspx
Chevron Phillips Chemical Company LP,http://www.cpchem.com/en-us/company/diversity/pages/equalopportunity.aspx
Chevron Phillips Chemical Company LP,http://www.cpchem.com/en-us/sustain/pages/about-chevron%20phillips%20chemical.aspx
Confluence Energy,http://www.confluenceenergy.com/about/
Confluence Energy,http://www.confluenceenergy.com/about/contact/
ExxonMobil Upstream Research Company,https://corporate.exxonmobil.com/en/energy/
ExxonMobil Upstream Research Company,https://corporate.exxonmobil.com/en/company/about-us/careers
ExxonMobil Upstream Research Company,https://corporate.exxonmobil.com/en/company/about-us/history
ExxonMobil Upstream Research Company,https://corporate.exxonmobil.com/en/company/news-and-updates
ExxonMobil Upstream Research Company,https://corporate.exxonmobil.com/en/company/about-us/management
ExxonMobil Upstream Research Company,https://corporate.exxonmobil.com/en/company/contact-us/email-us
ExxonMobil Upstream Research Company,https://corporate.exxonmobil.com/en/company/multimedia/the-lamp
ExxonMobil Upstream Research Company,https://corporate.exxonmobil.com/en/company/contact-us/directory
ExxonMobil Upstream Research Company,https://corporate.exxonmobil.com/en/company/worldwide-operations
ExxonMobil Upstream Research Company,https://corporate.exxonmobil.com/en/company/multimedia/energy-quiz
ExxonMobil Upstream Research Company,https://corporate.exxonmobil.com/en/investors/corporate-governance
ExxonMobil Upstream Research Company,https://corporate.exxonmobil.com/en/company/multimedia/publications
ExxonMobil Upstream Research Company,https://corporate.exxonmobil.com/en/company/news-and-updates/speeches
ExxonMobil Upstream Research Company,https://corporate.exxonmobil.com/en/company/about-us/global-diversity
ExxonMobil Upstream Research Company,https://corporate.exxonmobil.com/en/company/about-us/safety-and-health
ExxonMobil Upstream Research Company,https://corporate.exxonmobil.com/en/company/investors/analyst-meetings
ExxonMobil Upstream Research Company,https://corporate.exxonmobil.com/en/company/about-us/guiding-principles
ExxonMobil Upstream Research Company,https://corporate.exxonmobil.com/en/company/multimedia/energy-lives-here
ExxonMobil Upstream Research Company,https://corporate.exxonmobil.com/en/company/investors/quarterly-earnings
ExxonMobil Upstream Research Company,https://corporate.exxonmobil.com/en/company/contact-us/speakers-coalition
ExxonMobil Upstream Research Company,https://corporate.exxonmobil.com/en/company/worldwide-operations/locations
ExxonMobil Upstream Research Company,https://corporate.exxonmobil.com/en/company/annual-report/chairmans-message
ExxonMobil Upstream Research Company,https://corporate.exxonmobil.com/en/company/annual-report/global-operations
ExxonMobil Upstream Research Company,https://corporate.exxonmobil.com/en/company/multimedia/publications/overview
ExxonMobil Upstream Research Company,https://corporate.exxonmobil.com/en/technology/extended-reach-technology/about
ExxonMobil Upstream Research Company,https://corporate.exxonmobil.com/en/company/investors/annual-meeting-materials
ExxonMobil Upstream Research Company,http://corporate.exxonmobil.com/en/company/worldwide-operations/locations/iraq
ExxonMobil Upstream Research Company,http://corporate.exxonmobil.com/en/company/worldwide-operations/locations/chad
ExxonMobil Upstream Research Company,http://corporate.exxonmobil.com/en/company/worldwide-operations/locations/guam
ExxonMobil Upstream Research Company,https://corporate.exxonmobil.com/en/company/contact-us/directory/media-contacts
ExxonMobil Upstream Research Company,https://corporate.exxonmobil.com/en/company/annual-report/financial-information
ExxonMobil Upstream Research Company,http://corporate.exxonmobil.com/en/company/worldwide-operations/locations/italy
ExxonMobil Upstream Research Company,http://corporate.exxonmobil.com/en/company/worldwide-operations/locations/egypt
ExxonMobil Upstream Research Company,http://corporate.exxonmobil.com/en/company/worldwide-operations/locations/qatar
ExxonMobil Upstream Research Company,http://corporate.exxonmobil.com/en/company/worldwide-operations/locations/china
ExxonMobil Upstream Research Company,http://corporate.exxonmobil.com/en/company/worldwide-operations/locations/india
ExxonMobil Upstream Research Company,http://corporate.exxonmobil.com/en/company/worldwide-operations/locations/japan
ExxonMobil Upstream Research Company,http://corporate.exxonmobil.com/en/company/worldwide-operations/locations/canada
ExxonMobil Upstream Research Company,http://corporate.exxonmobil.com/en/company/worldwide-operations/locations/mexico
ExxonMobil Upstream Research Company,http://corporate.exxonmobil.com/en/company/worldwide-operations/locations/brazil
ExxonMobil Upstream Research Company,http://corporate.exxonmobil.com/en/company/worldwide-operations/locations/guyana
ExxonMobil Upstream Research Company,http://corporate.exxonmobil.com/en/company/worldwide-operations/locations/cyprus
ExxonMobil Upstream Research Company,http://corporate.exxonmobil.com/en/company/worldwide-operations/locations/france
ExxonMobil Upstream Research Company,http://corporate.exxonmobil.com/en/company/worldwide-operations/locations/norway
ExxonMobil Upstream Research Company,http://corporate.exxonmobil.com/en/company/worldwide-operations/locations/russia
ExxonMobil Upstream Research Company,http://corporate.exxonmobil.com/en/company/worldwide-operations/locations/turkey
ExxonMobil Upstream Research Company,http://corporate.exxonmobil.com/en/company/worldwide-operations/locations/kuwait
ExxonMobil Upstream Research Company,http://corporate.exxonmobil.com/en/company/worldwide-operations/locations/angola
ExxonMobil Upstream Research Company,http://corporate.exxonmobil.com/en/company/worldwide-operations/locations/taiwan
ExxonMobil Upstream Research Company,https://corporate.exxonmobil.com/en/community/malaria-prevention/malaria-partners
ExxonMobil Upstream Research Company,http://corporate.exxonmobil.com/en/company/worldwide-operations/locations/belgium
ExxonMobil Upstream Research Company,http://corporate.exxonmobil.com/en/company/worldwide-operations/locations/finland
ExxonMobil Upstream Research Company,http://corporate.exxonmobil.com/en/company/worldwide-operations/locations/ireland
ExxonMobil Upstream Research Company,http://corporate.exxonmobil.com/en/company/worldwide-operations/locations/romania
ExxonMobil Upstream Research Company,http://corporate.exxonmobil.com/en/company/worldwide-operations/locations/nigeria
ExxonMobil Upstream Research Company,http://corporate.exxonmobil.com/en/company/worldwide-operations/locations/vietnam
ExxonMobil Upstream Research Company,http://corporate.exxonmobil.com/en/company/worldwide-operations/locations/colombia
ExxonMobil Upstream Research Company,http://corporate.exxonmobil.com/en/company/worldwide-operations/locations/tanzania
ExxonMobil Upstream Research Company,http://corporate.exxonmobil.com/en/company/worldwide-operations/locations/malaysia
ExxonMobil Upstream Research Company,http://corporate.exxonmobil.com/en/company/worldwide-operations/locations/pakistan
ExxonMobil Upstream Research Company,http://corporate.exxonmobil.com/en/company/worldwide-operations/locations/thailand
ExxonMobil Upstream Research Company,https://corporate.exxonmobil.com/en/investors/corporate-governance/board-committees
ExxonMobil Upstream Research Company,https://corporate.exxonmobil.com/en/company/worldwide-operations/business-divisions
ExxonMobil Upstream Research Company,http://corporate.exxonmobil.com/en/company/worldwide-operations/locations/caribbean
ExxonMobil Upstream Research Company,http://corporate.exxonmobil.com/en/company/worldwide-operations/locations/argentina
ExxonMobil Upstream Research Company,http://corporate.exxonmobil.com/en/company/worldwide-operations/locations/australia
ExxonMobil Upstream Research Company,http://corporate.exxonmobil.com/en/company/worldwide-operations/locations/hong-kong
ExxonMobil Upstream Research Company,http://corporate.exxonmobil.com/en/company/worldwide-operations/locations/indonesia
ExxonMobil Upstream Research Company,http://corporate.exxonmobil.com/en/company/worldwide-operations/locations/singapore
ExxonMobil Upstream Research Company,http://corporate.exxonmobil.com/en/company/worldwide-operations/locations/azerbaijan
ExxonMobil Upstream Research Company,http://corporate.exxonmobil.com/en/company/worldwide-operations/locations/kazakhstan
ExxonMobil Upstream Research Company,http://corporate.exxonmobil.com/en/company/worldwide-operations/locations/luxembourg
ExxonMobil Upstream Research Company,http://corporate.exxonmobil.com/en/company/worldwide-operations/locations/mozambique
ExxonMobil Upstream Research Company,https://corporate.exxonmobil.com/en/company/investors/investor-information-slide-deck
ExxonMobil Upstream Research Company,https://corporate.exxonmobil.com/en/investors/corporate-governance/board-of-directors
ExxonMobil Upstream Research Company,https://corporate.exxonmobil.com/en/investors/corporate-governance/corporate-officers
ExxonMobil Upstream Research Company,https://corporate.exxonmobil.com/en/company/news-and-updates/news-releases-and-alerts
ExxonMobil Upstream Research Company,http://corporate.exxonmobil.com/en/company/worldwide-operations/locations/netherlands
ExxonMobil Upstream Research Company,http://corporate.exxonmobil.com/en/company/worldwide-operations/locations/new-zealand
ExxonMobil Upstream Research Company,http://corporate.exxonmobil.com/en/company/worldwide-operations/locations/south-korea
ExxonMobil Upstream Research Company,http://corporate.exxonmobil.com/en/company/worldwide-operations/locations/saudi-arabia
ExxonMobil Upstream Research Company,https://corporate.exxonmobil.com/en/community/womens-economic-opportunity/weoi-partners
ExxonMobil Upstream Research Company,http://corporate.exxonmobil.com/en/company/worldwide-operations/locations/united-states
ExxonMobil Upstream Research Company,https://corporate.exxonmobil.com/en/community/sustainability-report/corporate-governance
ExxonMobil Upstream Research Company,https://corporate.exxonmobil.com/en/company/annual-report/financial-operating-highlights
ExxonMobil Upstream Research Company,https://corporate.exxonmobil.com/en/company/news-and-updates/energy-factor/energy-factor
ExxonMobil Upstream Research Company,http://corporate.exxonmobil.com/en/company/worldwide-operations/locations/european-union
ExxonMobil Upstream Research Company,http://corporate.exxonmobil.com/en/company/worldwide-operations/locations/central-europe
ExxonMobil Upstream Research Company,http://corporate.exxonmobil.com/en/company/worldwide-operations/locations/united-kingdom
ExxonMobil Upstream Research Company,http://corporate.exxonmobil.com/en/company/worldwide-operations/locations/papua-new-guinea
ExxonMobil Upstream Research Company,http://corporate.exxonmobil.com/en/company/worldwide-operations/locations/equatorial-guinea
ExxonMobil Upstream Research Company,https://corporate.exxonmobil.com/en/company/news-and-updates/news-releases-and-alerts/overview
ExxonMobil Upstream Research Company,http://corporate.exxonmobil.com/en/company/worldwide-operations/locations/united-arab-emirates
ExxonMobil Upstream Research Company,https://corporate.exxonmobil.com/en/environment/environmental-performance/freshwater-management
ExxonMobil Upstream Research Company,https://corporate.exxonmobil.com/en/company/contact-us/business-solicitation-and-recruiting-scams
ExxonMobil Upstream Research Company,https://corporate.exxonmobil.com/en/community/sustainability-report/local-development-supply-chain-management
ExxonMobil Upstream Research Company,https://corporate.exxonmobil.com/en/investors/corporate-governance/code-of-ethics-and-business-conduct/our-code
ExxonMobil Upstream Research Company,http://www.facebook.com/sharer.php?u=https%3A%2F%2Fcorporate.exxonmobil.com%2Fen%2Fenergy%2Fresearch-and-development
ExxonMobil Upstream Research Company,https://corporate.exxonmobil.com/en/company/worldwide-operations/locations/canada/exxonmobil-canada/exxonmobil-canada-overview
ExxonMobil Upstream Research Company,https://corporate.exxonmobil.com/en/energy/research-and-development/innovating-energy-solutions/research-and-development-highlights
ExxonMobil Upstream Research Company,https://twitter.com/intent/tweet?url=https%3A%2F%2Fcorporate.exxonmobil.com%2Fen%2Fenergy%2Fresearch-and-development&text=Learn%20about%20R%20%26%20D%20at%20ExxonMobil%20%7C%20ExxonMobil
ExxonMobil Upstream Research Company,http://www.linkedin.com/shareArticle?mini=true&url=https%3A%2F%2Fcorporate.exxonmobil.com%2Fen%2Fenergy%2Fresearch-and-development&title=Learn%20about%20R%20%26%20D%20at%20ExxonMobil&summary=At%20the%20core%20of%20our%20business%20are%20several%20key%20research%20organizations%20that%20work%20collaboratively%20on%20new%20technologies.%20Learn%20more%20at%20ExxonMobil.com.&source=ExxonMobil
UWM Research Foundation,https://uwmrf.org/category/partnerships/
UWM Research Foundation,https://uwmrf.org/strategic-partnerships/
Alencon Acquisition Co.,http://alenconsystems.com/partners/
PPG Industries Ohio,http://corporate.ppg.com/Media/Company-Facts.aspx
PPG Industries Ohio,http://corporate.ppg.com/Our-Company/Facts-About-PPG.aspx
PPG Industries Ohio,http://corporate.ppg.com/Our-Company/Government-Affairs.aspx
PPG Industries Ohio,http://corporate.ppg.com/Our-Company/Community-Engagement.aspx
PPG Industries Ohio,http://corporate.ppg.com/Our-Company/PPG-Quality-Statement.aspx
ConocoPhillips Company,http://www.conocophillips.com/about-us/our-history/
ConocoPhillips Company,http://www.conocophillips.com/environment/conservation-partnerships/
ConocoPhillips Company,http://www.conocophillips.com/company-reports-resources/annual-report/
ConocoPhillips Company,http://www.conocophillips.com/investor-relations/corporate-governance/
ConocoPhillips Company,http://www.conocophillips.com/company-reports-resources/proxy-statement/
ConocoPhillips Company,http://www.conocophillips.com/company-reports-resources/request-a-report/
ConocoPhillips Company,http://www.conocophillips.com/about-us/sustainability-approach/2018-djsi/
ConocoPhillips Company,http://www.conocophillips.com/company-reports-resources/safety-data-sheets/
ConocoPhillips Company,http://www.conocophillips.com/company-reports-resources/sustainability-report/
Dresser-Rand Company,http://dresser-rand.com/company/contact-us/
Dresser-Rand Company,http://dresser-rand.com/company/quality-management/quality-manuals-certificates/
ServiceNow,https://www.servicenow.com/partners.html
ServiceNow,https://www.servicenow.com/partners/find-a-partner.html
ServiceNow,https://www.servicenow.com/partners/become-a-partner.html
ServiceNow,https://www.servicenow.com/lpwhp/modernizing-central-government-through-it-service-management.html
Canon Kabushiki Kaisha,https://global.canon/en/vision/index.html
Canon Kabushiki Kaisha,https://global.canon/en/corporate/result/
Canon Kabushiki Kaisha,https://global.canon/en/corporate/history/
