Canon Kabushiki Kaisha,https://global.canon/en/environment/vision/
Canon Kabushiki Kaisha,https://global.canon/en/vision/greeting.html
Canon Kabushiki Kaisha,https://global.canon/en/vision/new-business/
Canon Kabushiki Kaisha,https://global.canon/en/vision/philosophy.html
Canon Kabushiki Kaisha,https://global.canon/en/vision/strategies.html
Canon Kabushiki Kaisha,https://global.canon/en/corporate/information/
Canon Kabushiki Kaisha,https://global.canon/en/csr/management/risk.html
Canon Kabushiki Kaisha,https://global.canon/en/csr/management/brand.html
Canon Kabushiki Kaisha,https://global.canon/en/corporate/history/01.html
Canon Kabushiki Kaisha,https://global.canon/en/corporate/history/02.html
Canon Kabushiki Kaisha,https://global.canon/en/corporate/history/03.html
Canon Kabushiki Kaisha,https://global.canon/en/corporate/history/04.html
Canon Kabushiki Kaisha,https://global.canon/en/corporate/history/05.html
Canon Kabushiki Kaisha,https://global.canon/en/vision/new-business/nvs.html
Canon Kabushiki Kaisha,https://global.canon/en/corporate/information/group/
Canon Kabushiki Kaisha,https://global.canon/en/corporate/result/summary.html
Canon Kabushiki Kaisha,https://global.canon/en/ir/strategies/governance.html
Canon Kabushiki Kaisha,https://global.canon/en/csr/management/governance.html
Canon Kabushiki Kaisha,https://global.canon/en/csr/management/stakeholder.html
Canon Kabushiki Kaisha,https://global.canon/en/csr/management/supply-chain.html
Canon Kabushiki Kaisha,https://global.canon/en/vision/new-business/industry.html
Canon Kabushiki Kaisha,https://global.canon/en/corporate/information/profile.html
Canon Kabushiki Kaisha,https://global.canon/en/vision/new-business/healthcare.html
Canon Kabushiki Kaisha,https://global.canon/en/corporate/information/location.html
Canon Kabushiki Kaisha,https://global.canon/en/corporate/result/10years_group.html
Canon Kabushiki Kaisha,https://global.canon/en/corporate/information/executive.html
Canon Kabushiki Kaisha,https://global.canon/en/corporate/information/group/gr01.html
Canon Kabushiki Kaisha,https://global.canon/en/corporate/information/group/gr02.html
Canon Kabushiki Kaisha,https://global.canon/en/corporate/information/group/gr03.html
Canon Kabushiki Kaisha,https://global.canon/en/corporate/information/group/gr04.html
Canon Kabushiki Kaisha,https://global.canon/en/corporate/information/organization.html
Canon Kabushiki Kaisha,https://global.canon/en/csr/management/intellectual-property.html
Canon Kabushiki Kaisha,https://global.canon/en/vision/new-business/commercial-printing.html
Chevron U.S.A. Inc.,https://www.chevron.com/corporate-responsibility/reporting
Chevron U.S.A. Inc.,https://www.chevron.com/corporate-responsibility/environment
Chevron U.S.A. Inc.,https://www.chevron.com/corporate-responsibility/case-studies
Chevron U.S.A. Inc.,https://www.chevron.com/stories?tags=corporate+responsibility
Chevron U.S.A. Inc.,https://www.chevron.com/corporate-responsibility/climate-change
Chevron U.S.A. Inc.,https://www.chevron.com/corporate-responsibility/creating-prosperity
Chevron U.S.A. Inc.,https://www.chevron.com/corporate-responsibility/people/human-rights
Chevron U.S.A. Inc.,https://www.chevron.com/corporate-responsibility/reporting/cr-downloads
Chevron U.S.A. Inc.,https://www.chevron.com/corporate-responsibility/people/diversity-inclusion
Chevron U.S.A. Inc.,https://www.chevron.com/about/contact/email-chevron?topic=Media%20Relations
Chevron U.S.A. Inc.,https://www.chevron.com/corporate-responsibility/environmental-social-and-governance
Chevron U.S.A. Inc.,https://www.chevron.com/corporate-responsibility/reporting/industry-specific-reporting
Alcon Research,https://www.alcon.com/stories/partnerships/community-partnership-day
Ford Global Technologies,https://corporate.ford.com/company/awards.html
Ford Global Technologies,https://corporate.ford.com/company/community/corktown-campus.html
Ford Global Technologies,https://corporate.ford.com/company/community/dearborn-campus-transformation-.html
Ford Global Technologies,https://corporate.ford.com/content/ford-corporate/en/innovation/innovation-ideas-submission.html
Integrated DNA Technologies,https://www.idtdna.com/
Integrated DNA Technologies,https://www.idtdna.com/pages/about
Codexis,https://www.codexis.com/company/
Conversant Intellectual Property Management Inc.,http://www.conversantip.com/our-services/patent-partnerships/
Community Power Corporation,https://www.cpwrfcu.org/ppp.php
Community Power Corporation,https://www.cpwrfcu.org/partners.php
Calysta,http://calysta.com/commercialization/partners/
Calysta,http://calysta.com/calysta-partners-with-nofima-for-trials-to-promote-sustainable-seafood/
Siemens Aktiengesellschaft ,https://www.siemens.com/us/en/home/company.html
Siemens Aktiengesellschaft ,https://www.siemens.com/us/en/home/company/about.html
Siemens Aktiengesellschaft ,https://www.siemens.com/us/en/home/general/legal.html
Siemens Aktiengesellschaft ,https://www.siemens.com/us/en/home/company/magazine.html
Siemens Aktiengesellschaft ,https://www.siemens.com/us/en/home/company/innovation.html
Siemens Aktiengesellschaft ,https://www.siemens.com/us/en/home/company/news-events.html
Siemens Aktiengesellschaft ,https://www.siemens.com/us/en/home/company/sustainability.html
Siemens Aktiengesellschaft ,https://www.siemens.com/us/en/home/company/about/management.html
Siemens Aktiengesellschaft ,https://www.siemens.com/us/en/home/company/about/businesses.html
Siemens Aktiengesellschaft ,https://www.siemens.com/us/en/home/company/investor-relations.html
Siemens Aktiengesellschaft ,https://www.siemens.com/us/en/home/company/jobs/our-locations.html
Siemens Aktiengesellschaft ,https://www.siemens.com/us/en/home/company/jobs/search-careers.html
Siemens Aktiengesellschaft ,https://www.siemens.com/us/en/home/company/jobs/life-at-siemens.html
Siemens Aktiengesellschaft ,https://www.siemens.com/us/en/home/company/jobs/our-locations/uk.html
Siemens Aktiengesellschaft ,https://www.siemens.com/us/en/home/company/jobs/our-locations/usa.html
Siemens Aktiengesellschaft ,https://www.siemens.com/us/en/home/company/jobs/our-locations/china.html
Siemens Aktiengesellschaft ,https://www.siemens.com/us/en/home/company/jobs/our-locations/india.html
Siemens Aktiengesellschaft ,https://www.siemens.com/us/en/home/company/about/management/tim-holt.html
Siemens Aktiengesellschaft ,https://www.siemens.com/us/en/home/company/about/businesses/mobility.html
Siemens Aktiengesellschaft ,https://www.siemens.com/us/en/home/company/about/supplier-at-siemens.html
Siemens Aktiengesellschaft ,https://www.siemens.com/us/en/home/company/jobs/our-locations/brazil.html
Siemens Aktiengesellschaft ,https://www.siemens.com/us/en/home/company/about/management/raj-batra.html
Siemens Aktiengesellschaft ,https://www.siemens.com/us/en/home/company/about/businesses/power_gas.html
Siemens Aktiengesellschaft ,https://www.siemens.com/us/en/home/company/jobs/our-locations/germany.html
Siemens Aktiengesellschaft ,https://www.siemens.com/us/en/home/company/topic-areas/digitalization.html
Siemens Aktiengesellschaft ,https://www.siemens.com/us/en/home/company/about/management/lisa-davis.html
Siemens Aktiengesellschaft ,https://www.siemens.com/us/en/home/company/about/management/anne-cooney.html
Siemens Aktiengesellschaft ,https://www.siemens.com/us/en/home/company/about/management/john-gibson.html
Siemens Aktiengesellschaft ,https://www.siemens.com/us/en/home/company/about/management/kevin-yates.html
Siemens Aktiengesellschaft ,https://www.siemens.com/us/en/home/company/about/businesses/real-estate.html
Siemens Aktiengesellschaft ,https://www.siemens.com/us/en/home/company/industry-e-mail-subscription.html
Siemens Aktiengesellschaft ,https://www.siemens.com/us/en/home/company/about/management/marc-buncher.html
Siemens Aktiengesellschaft ,https://www.siemens.com/us/en/home/company/about/management/kirk-edelman.html
Siemens Aktiengesellschaft ,https://www.siemens.com/us/en/home/company/about/management/dave-hopping.html
Siemens Aktiengesellschaft ,https://www.siemens.com/us/en/home/company/about/management/mike-panigel.html
Siemens Aktiengesellschaft ,https://www.siemens.com/us/en/home/company/jobs/life-at-siemens/veterans.html
Siemens Aktiengesellschaft ,https://www.siemens.com/us/en/home/company/about/management/ann-fairchild.html
Siemens Aktiengesellschaft ,https://www.siemens.com/us/en/home/company/about/management/liz-reicherts.html
Siemens Aktiengesellschaft ,https://www.siemens.com/us/en/home/company/jobs/our-locations/middle-east.html
Siemens Aktiengesellschaft ,https://www.siemens.com/us/en/home/company/topic-areas/sustainable-energy.html
Siemens Aktiengesellschaft ,https://www.siemens.com/us/en/home/company/jobs/what-we-do/electric-flight.html
Siemens Aktiengesellschaft ,https://www.siemens.com/us/en/home/company/jobs/what-we-do/operations-jobs.html
Siemens Aktiengesellschaft ,https://www.siemens.com/us/en/home/company/about/management/barbara-humpton.html
Siemens Aktiengesellschaft ,https://www.siemens.com/us/en/home/company/about/management/heribert-stumpf.html
Siemens Aktiengesellschaft ,https://www.siemens.com/us/en/home/company/about/businesses/digital-factory.html
Siemens Aktiengesellschaft ,https://www.siemens.com/us/en/home/company/jobs/what-we-do/engineering-jobs.html
Siemens Aktiengesellschaft ,https://www.siemens.com/us/en/home/company/about/management/camille-johnston.html
Siemens Aktiengesellschaft ,https://www.siemens.com/us/en/home/company/jobs/what-we-do/industrial-drives.html
Siemens Aktiengesellschaft ,https://www.siemens.com/us/en/home/company/topic-areas/industrial-automation.html
Siemens Aktiengesellschaft ,https://www.siemens.com/us/en/home/company/about/businesses/energy_management.html
Siemens Aktiengesellschaft ,https://www.siemens.com/us/en/home/company/jobs/what-we-do/manufacturing-jobs.html
Siemens Aktiengesellschaft ,https://www.siemens.com/us/en/home/company/about/businesses/financial-services.html
Siemens Aktiengesellschaft ,https://www.siemens.com/us/en/home/company/about/standard-terms-and-conditions.html
Siemens Aktiengesellschaft ,https://www.siemens.com/us/en/home/company/jobs/what-we-do/working-with-robots.html
Siemens Aktiengesellschaft ,https://www.siemens.com/us/en/home/company/topic-areas/onsite-power-generation.html
Siemens Aktiengesellschaft ,https://www.siemens.com/us/en/home/company/topic-areas/future-of-manufacturing.html
Siemens Aktiengesellschaft ,https://www.siemens.com/us/en/home/company/about/businesses/siemens-healthineers.html
Siemens Aktiengesellschaft ,https://www.siemens.com/us/en/home/company/topic-areas/digitalization/mindsphere.html
Siemens Aktiengesellschaft ,https://www.siemens.com/us/en/home/company/topic-areas/industrial-cyber-security.html
Siemens Aktiengesellschaft ,https://www.siemens.com/us/en/home/company/about/businesses/building-technologies.html
Siemens Aktiengesellschaft ,https://www.siemens.com/us/en/home/company/topic-areas/intelligent-infrastructure.html
Siemens Aktiengesellschaft ,https://www.siemens.com/us/en/home/company/topic-areas/intelligent-transportation.html
Siemens Aktiengesellschaft ,https://www.siemens.com/us/en/home/company/jobs/life-at-siemens/refugee-internships.html
Siemens Aktiengesellschaft ,https://www.siemens.com/us/en/home/company/about/management/jose-antonio-miranda-soto.html
Siemens Aktiengesellschaft ,https://www.siemens.com/us/en/home/company/about/businesses/wind-power-and-renewables.html
Siemens Aktiengesellschaft ,https://www.siemens.com/us/en/home/company/about/businesses/power-generation-services.html
Siemens Aktiengesellschaft ,https://www.siemens.com/us/en/home/company/topic-areas/partners/partners-for-industry.html
Siemens Aktiengesellschaft ,https://www.siemens.com/us/en/home/company/jobs/what-we-do/information-technology-jobs.html
Siemens Aktiengesellschaft ,https://www.siemens.com/us/en/home/company/jobs/what-we-do/research-and-development-jobs.html
Siemens Aktiengesellschaft ,https://www.siemens.com/us/en/home/company/about/businesses/process-industries-and-drives.html
Siemens Aktiengesellschaft ,https://www.siemens.com/us/en/home/company/jobs/life-at-siemens/the-power-of-being-different.html
Siemens Aktiengesellschaft ,https://www.siemens.com/us/en/home/company/sustainability/business-to-society/driving-innovation.html
Siemens Aktiengesellschaft ,https://www.siemens.com/us/en/home/company/sustainability/business-to-society/securing-our-future.html
Siemens Aktiengesellschaft ,https://www.siemens.com/us/en/home/company/topic-areas/intelligent-infrastructure/resilient-cities.html
Siemens Aktiengesellschaft ,https://www.siemens.com/us/en/home/company/topic-areas/intelligent-infrastructure/cities-on-the-move.html
Siemens Aktiengesellschaft ,https://www.siemens.com/us/en/home/company/about/supplier-at-siemens/small-business-supplier-diversity.html
Siemens Aktiengesellschaft ,https://www.siemens.com/us/en/home/company/sustainability/business-to-society/strengthening-the-economy.html
Siemens Aktiengesellschaft ,https://www.siemens.com/us/en/home/company/sustainability/business-to-society/improving-quality-of-life.html
Siemens Aktiengesellschaft ,https://www.siemens.com/us/en/home/company/sustainability/business-to-society/developing-jobs-and-skills.html
Siemens Aktiengesellschaft ,https://www.siemens.com/us/en/home/company/sustainability/business-to-society/sustaining-the-environment.html
Siemens Aktiengesellschaft ,https://www.siemens.com/us/en/home/company/topic-areas/intelligent-infrastructure/creating-perfect-places.html
Siemens Aktiengesellschaft ,https://www.siemens.com/us/en/home/company/topic-areas/intelligent-infrastructure/creating-perfect-places/fire.html
Siemens Aktiengesellschaft ,https://www.siemens.com/us/en/home/company/topic-areas/intelligent-infrastructure/creating-perfect-places/oil-and-gas.html
Siemens Aktiengesellschaft ,https://www.siemens.com/us/en/home/company/topic-areas/intelligent-infrastructure/creating-perfect-places/pine-grove-middle-school.html
Siemens Aktiengesellschaft ,https://www.siemens.com/us/en/home/company/topic-areas/intelligent-infrastructure/creating-perfect-places/oil-and-gas/oil-and-gas-applications.html
Revivicor,http://revivicor.com/management.html
ACell,https://acell.com/leadership-team/
Polysar Corporation,https://www.polystar.com/partners/
Polysar Corporation,https://www.polystar.com/partners/oem-partnerships/
Polysar Corporation,https://www.polystar.com/partners/channel-partnerships/
Chromalox,https://www.chromalox.com/en/about-us/our-approach/our-mission
Chromalox,https://www.chromalox.com/en/about-us/our-capabilities/facilities
Chromalox,https://www.chromalox.com/en/solutions/temperature-management-solutions
Chromalox,https://www.chromalox.com/en/about-us/our-capabilities/technology-platforms
Chromalox,https://www.chromalox.com/en/about-us/our-capabilities/manufacturing-quality
Chromalox,https://www.chromalox.com/en/resources-and-support/support/about-service-contracts
Chromalox,https://www.chromalox.com/en/solutions/temperature-management-solutions/applications
Chromalox,https://www.chromalox.com/en/solutions/temperature-management-solutions/case-studies
Chromalox,https://www.chromalox.com/en/solutions/temperature-management-solutions/site-services
Chromalox,https://www.chromalox.com/en/catalog/industrial-heaters-and-systems/steam-superheaters
Chromalox,https://www.chromalox.com/en/catalog/industrial-heaters-and-systems/electric-steam-boilers
Chromalox,https://www.chromalox.com/en/solutions/temperature-management-solutions/technical-resources
Chromalox,https://www.chromalox.com/en/solutions/temperature-management-solutions/engineering-services
AgroFresh Inc.,https://www.agrofresh.com/wp-content/uploads/2018/07/AgroFresh_Corporate_Overview_2017_Small.mp4
ENI S.p.A.,https://www.eni.com/en_IT/company/international-presence.page
ENI S.p.A.,https://www.eni.com/en_IT/company/company-profile/people.page
ENI S.p.A.,https://www.eni.com/en_IT/company/governance/remuneration.page
ENI S.p.A.,https://www.eni.com/en_IT/company/governance/shareholders.page
ENI S.p.A.,https://www.eni.com/en_IT/company/governance/publications.page
ENI S.p.A.,https://www.eni.com/en_IT/company/fuel-cafe/green-finance.page
ENI S.p.A.,https://www.eni.com/en_IT/company/governance/code-of-ethics.page
ENI S.p.A.,https://www.eni.com/en_IT/company/fuel-cafe/brent-price-oil.page
ENI S.p.A.,https://www.eni.com/en_IT/company/company-profile/Eni-values.page
ENI S.p.A.,https://www.eni.com/en_IT/company/company-profile/how-we-work.page
ENI S.p.A.,https://www.eni.com/en_IT/company/fuel-cafe/eni-and-education.page
ENI S.p.A.,https://www.eni.com/en_IT/company/company-profile/year-results.page
ENI S.p.A.,https://www.eni.com/en_IT/company/company-profile/market-share.page
ENI S.p.A.,https://www.eni.com/en_IT/company/governance/board-of-directors.page
ENI S.p.A.,https://www.eni.com/en_IT/company/company-profile/brand-identity.page
ENI S.p.A.,https://www.eni.com/en_IT/company/company-profile/business-model.page
ENI S.p.A.,https://www.eni.com/en_IT/company/governance/contacts-governance.page
ENI S.p.A.,https://www.eni.com/en_IT/company/company-profile/our-new-mission.page
ENI S.p.A.,https://www.eni.com/en_IT/company/governance/shareholders-meeting.page
ENI S.p.A.,https://www.eni.com/en_IT/company/eni-history/preserving-the-past.page
ENI S.p.A.,https://www.eni.com/en_IT/company/governance/eni-governance-awards.page
ENI S.p.A.,https://www.eni.com/en_IT/company/fuel-cafe/centrality-natural-gas.page
ENI S.p.A.,https://www.eni.com/en_IT/company/governance/compensation-paid-2017.page
ENI S.p.A.,https://www.eni.com/en_IT/company/eni-history/eni-historic-magazines.page
ENI S.p.A.,https://www.eni.com/en_IT/company/company-profile/profile-of-the-year.page
ENI S.p.A.,https://www.eni.com/en_IT/company/eni-history/remembering-eni-founder.page
ENI S.p.A.,https://www.eni.com/en_IT/company/governance/corporate-governance-code.page
ENI S.p.A.,https://www.eni.com/en_IT/company/governance/corporate-governance-report.page
ENI S.p.A.,https://www.eni.com/en_IT/company/governance/board-of-statutory-auditors.page
ENI S.p.A.,https://www.eni.com/en_IT/company/eni-history/eni-history-of-great-company.page
ENI S.p.A.,https://www.eni.com/en_IT/sustainability/operating-model/safety/management.page
ENI S.p.A.,https://www.eni.com/en_IT/company/eni-history/history-oil-exploration-italy.page
ENI S.p.A.,https://www.eni.com/en_IT/innovation/our-skills/knowledge-management-system.page
ENI S.p.A.,https://www.eni.com/en_IT/company/fuel-cafe/mediterranean-energy-perspectives.page
ENI S.p.A.,https://www.eni.com/en_IT/sustainability/cooperation-model/local-partnerships.page
ENI S.p.A.,https://www.eni.com/en_IT/company/company-profile/business-model/digitalization.page
ENI S.p.A.,https://www.eni.com/en_IT/company/governance/internal-dealing-and-shareholdings.page
ENI S.p.A.,https://www.eni.com/en_IT/company/company-profile/employees/employees-by-country.page
ENI S.p.A.,https://www.eni.com/en_IT/careers/training-and-guidance/eni-corporate-university.page
ENI S.p.A.,https://www.eni.com/en_IT/company/governance/committees-of-the-board-of-directors.page
ENI S.p.A.,https://www.eni.com/en_IT/company/eni-history/the-six-legged-dog-history-eni-logo.page
ENI S.p.A.,https://www.eni.com/en_IT/company/company-profile/enis-subsidiaries-and-affiliates.page
ENI S.p.A.,https://www.eni.com/en_IT/sustainability/decarbonization/international-partnership.page
ENI S.p.A.,https://www.eni.com/en_IT/sustainability/cooperation-model/local-partnerships/undp.page
ENI S.p.A.,https://www.eni.com/en_IT/sustainability/operating-model/environment/waste-management.page
ENI S.p.A.,https://www.eni.com/en_IT/sustainability/decarbonization/governance-and-risk-management.page
ENI S.p.A.,https://www.eni.com/en_IT/sustainability/decarbonization/international-partnership/ogci.page
ENI S.p.A.,https://www.eni.com/en_IT/sustainability/operating-model/our-people/knowledge-management.page
ENI S.p.A.,https://www.eni.com/en_IT/careers/working-at-eni/corporate-welfare-and-personal-services.page
ENI S.p.A.,https://www.eni.com/en_IT/sustainability/operating-model/environment/oil-spill-management.page
ENI S.p.A.,https://www.eni.com/en_IT/company/governance/the-internal-control-and-risk-management-system.page
MATERIALS ANALYSIS TECHNOLOGY (US) CORP.,http://www.ma-tek.com/service_detail.php?path=40
Moxtek,http://moxtek.com/research-partners/
Carestream Health,https://www.carestream.com/en/us/corporate/worldwide-purchasing/barcoding
Carestream Health,https://www.carestream.com/en/us/corporate/environmental-health-and-safety
Carestream Health,https://www.carestream.com/sitecore/content/carestream/Corporate/Leadership
Carestream Health,https://www.carestream.com/en/us/corporate/leadership/executive-biographies
Carestream Health,https://www.carestream.com/en/us/corporate/shipping-and-routing-instructions
Carestream Health,https://www.carestream.com/en/us/corporate/research/cone-beam-ct---orthopaedics
Carestream Health,https://www.carestream.com/en/us/corporate/worldwide-purchasing/payment-methods
Carestream Health,https://www.carestream.com/en/us/corporate/worldwide-purchasing/business-conduct
Carestream Health,https://www.carestream.com/sitecore/content/carestream/Corporate/Company%20History
Carestream Health,https://www.carestream.com/en/us/corporate/worldwide-purchasing/supplier-diversity
Carestream Health,https://www.carestream.com/en/us/corporate/research/peer-reviewed-workflow-research
Carestream Health,https://www.carestream.com/en/us/corporate/worldwide-purchasing/purchasing-invoicing
Carestream Health,https://www.carestream.com/en/us/corporate/careers-at-carestream/working-at-carestream
Carestream Health,https://www.carestream.com/en/us/corporate/research/peer-reviewed-image-quality-research
Carestream Health,https://www.carestream.com/en/us/corporate/worldwide-purchasing/supplier-code-of-conduct
Carestream Health,https://www.carestream.com/en/us/corporate/worldwide-purchasing/corporate-purchasing-policy
Carestream Health,https://www.carestream.com/en/us/corporate/environmental-health-and-safety/dryview-equipment
Carestream Health,https://www.carestream.com/en/us/corporate/environmental-health-and-safety/safety-data-sheets
Carestream Health,https://www.carestream.com/en/us/corporate/worldwide-purchasing/purchasing-contacts-worldwide
Carestream Health,https://www.carestream.com/en/us/corporate/environmental-health-and-safety/dental-lead-recycling
Carestream Health,https://www.carestream.com/en/us/corporate/environmental-health-and-safety/ehs-supplier-expectations
Carestream Health,https://www.carestream.com/en/us/corporate/environmental-health-and-safety/frequently-asked-questions
Carestream Health,https://www.carestream.com/en/us/corporate/environmental-health-and-safety/unique-device-identification
Carestream Health,https://www.carestream.com/en/us/corporate/shipping-and-routing-instructions/domestic-shipping-and-routing
Carestream Health,https://www.carestream.com/en/us/corporate/environmental-health-and-safety/guidance-for-equipment-recyclers
Carestream Health,https://www.carestream.com/en/us/corporate/environmental-health-and-safety/regulatory-information-on-shipping
Carestream Health,https://www.carestream.com/en/us/corporate/worldwide-purchasing/travel-requirements-for-carestream-non-employees
Carestream Health,https://www.carestream.com/sitecore/content/carestream/Corporate/Environmental%20Health%20and%20Safety/Safety%20Data%20Sheets
Carestream Health,https://www.carestream.com/en/us/corporate/environmental-health-and-safety/iso-14001-environmental-management-system-certification
Carestream Health,https://www.carestream.com/en/us/corporate/shipping-and-routing-instructions/domestic-shipping-and-routing/contact-the-transportation-department
Carestream Health,https://www.carestream.com/en/us/corporate/shipping-and-routing-instructions/international-shipping-instructions/international-shipping-instructions
HTC Corporation,https://www.htc.com/us/go/partners/
NANO CELL SYSTEMS,http://www.nanocellsystems.com/academic-partners/
Entegris,https://www.entegris.com/content/entegris-live/en/home/about-us.html
Entegris,https://www.entegris.com/content/entegris-live/en/home/about-us/news.html
Entegris,https://www.entegris.com/content/entegris-live/en/home/about-us/events.html
Entegris,https://www.entegris.com/content/entegris-live/en/home/about-us/careers.html
Entegris,https://www.entegris.com/content/entegris-live/en/home/about-us/locations.html
Entegris,https://www.entegris.com/content/entegris-live/en/home/about-us/services-overview.html
Entegris,https://www.entegris.com/content/entegris-live/en/home/about-us/corporate-overview.html
Entegris,https://www.entegris.com/content/entegris-live/en/home/about-us/investor-relations.html
Entegris,https://www.entegris.com/content/entegris-live/en/home/about-us/legal-trademark-notices.html
Entegris,https://www.entegris.com/content/entegris-live/en/home/about-us/corporate-overview/what-we-do.html
Entegris,https://www.entegris.com/content/entegris-live/en/home/about-us/corporate-overview/Why-We-Do-It.html
Entegris,https://www.entegris.com/content/entegris-live/en/home/about-us/corporate-overview/how-we-do-it.html
Entegris,https://www.entegris.com/content/entegris-live/en/home/about-us/corporate-overview/pure-process.html
Entegris,https://www.entegris.com/content/entegris-live/en/home/about-us/news/reuters-global-thought-leadership.html
Entegris,https://www.entegris.com/content/entegris-live/en/home/about-us/legal-trademark-notices/privacy-policy.html
Entegris,https://www.entegris.com/content/entegris-live/en/home/about-us/news/entegris-reports-solid-results-in-third-quarter-2018.html
Entegris,https://www.entegris.com/content/entegris-live/en/home/about-us/news/micro-electronics-interview-with-montray-leavy-in-taiwan.html
Entegris,https://www.entegris.com/content/entegris-live/en/home/about-us/news/pure-is-the-key-to-the-success-of-ic-process-nodes-ee-times-taiwan.html
Entegris,https://www.entegris.com/content/entegris-live/en/home/about-us/news/entegris-signs-letter-of-intent-with-taiwan-ministry-of-economic-affairs.html
Entegris,https://www.entegris.com/content/entegris-live/en/home/about-us/news/entegris-expands-state-of-the-art-clean-manufacturing-facility-in-malaysia.html
Entegris,https://www.entegris.com/content/entegris-live/en/home/about-us/news/micro-electronics-article-equipment-and-materials-help-osta-solve-critical-challenges.html
DiscoveRx Corporation,https://discoverx.com/about-us/collaborations-partnerships
Teledyne Scientific & Imaging,http://www.teledyne-si.com/research-and-development/electronics/thermal-acoustic-management
AGFA-GEVAERT N.V.,https://www.agfa.com/corporate/about-us/
AGFA-GEVAERT N.V.,https://www.agfa.com/corporate/support/msds/
AGFA-GEVAERT N.V.,https://www.agfa.com/corporate/author/eyoqh/
AGFA-GEVAERT N.V.,http://agfa.com/corporate/about-us/our-company/
AGFA-GEVAERT N.V.,http://agfa.com/corporate/privacy-cookie-settings/
AGFA-GEVAERT N.V.,https://www.agfa.com/corporate/investor-relations/
AGFA-GEVAERT N.V.,http://agfa.com/corporate/privacy-and-legal-notice/
AGFA-GEVAERT N.V.,https://www.agfa.com/corporate/about-us/our-company/
AGFA-GEVAERT N.V.,http://agfa.com/corporate/about-us/agfa-in-the-world/
AGFA-GEVAERT N.V.,https://www.agfa.com/corporate/about-us/agfa-in-the-world/
AGFA-GEVAERT N.V.,https://www.agfa.com/corporate/about-us/our-company/mission/
AGFA-GEVAERT N.V.,https://www.agfa.com/corporate/investor-relations/agfa-share/
AGFA-GEVAERT N.V.,https://www.agfa.com/corporate/investor-relations/key-figures/
AGFA-GEVAERT N.V.,https://www.agfa.com/corporate/about-us/our-company/purchasing/
AGFA-GEVAERT N.V.,https://www.agfa.com/corporate/about-us/our-company/manufacturing/
AGFA-GEVAERT N.V.,https://www.agfa.com/corporate/investor-relations/investor-events/
AGFA-GEVAERT N.V.,https://www.agfa.com/corporate/investor-relations/analyst-coverage/
AGFA-GEVAERT N.V.,http://agfa.com/corporate/investor-relations/faq-investors-contact/
AGFA-GEVAERT N.V.,https://www.agfa.com/corporate/about-us/our-company/business-groups/
AGFA-GEVAERT N.V.,https://www.agfa.com/corporate/investor-relations/analyst-consensus/
AGFA-GEVAERT N.V.,https://www.agfa.com/corporate/investor-relations/financial-calendar/
AGFA-GEVAERT N.V.,https://www.agfa.com/corporate/about-us/our-company/company-structure/
AGFA-GEVAERT N.V.,https://www.agfa.com/corporate/about-us/technology/ideas-and-proposals/
AGFA-GEVAERT N.V.,https://www.agfa.com/corporate/investor-relations/corporate-governance/
AGFA-GEVAERT N.V.,https://www.agfa.com/corporate/investor-relations/bonds-exchange-offer/
AGFA-GEVAERT N.V.,https://www.agfa.com/corporate/investor-relations/shareholder-structure/
AGFA-GEVAERT N.V.,https://www.agfa.com/corporate/investor-relations/faq-investors-contact/
AGFA-GEVAERT N.V.,https://www.agfa.com/corporate/investor-relations/reports-and-presentations/
AGFA-GEVAERT N.V.,https://www.agfa.com/corporate/investor-relations/corporate-governance/bylaws/
AGFA-GEVAERT N.V.,https://www.agfa.com/corporate/investor-relations/mailing-lists-e-mail-alerts/
AGFA-GEVAERT N.V.,http://agfa.com/corporate/about-us/our-company/company-film-meet-the-world-of-agfa/
AGFA-GEVAERT N.V.,https://www.agfa.com/corporate/about-us/our-company/safety-health-and-environment-she/
AGFA-GEVAERT N.V.,https://www.agfa.com/corporate/investor-relations/corporate-governance/audit-committee/
AGFA-GEVAERT N.V.,https://www.agfa.com/corporate/about-us/our-company/company-film-meet-the-world-of-agfa/
AGFA-GEVAERT N.V.,https://www.agfa.com/corporate/about-us/our-company/safety-health-and-environment-she/cmr/
AGFA-GEVAERT N.V.,https://www.agfa.com/corporate/investor-relations/corporate-governance/board-of-directors/
AGFA-GEVAERT N.V.,https://www.agfa.com/corporate/investor-relations/reports-and-presentations/annual-reports/
AGFA-GEVAERT N.V.,https://www.agfa.com/corporate/news-item/agfa-wijst-toenaderingspoging-kanteron-systems-af/
AGFA-GEVAERT N.V.,https://www.agfa.com/corporate/investor-relations/corporate-governance/executive-management/
AGFA-GEVAERT N.V.,https://www.agfa.com/corporate/investor-relations/reports-and-presentations/quarterly-results/
AGFA-GEVAERT N.V.,https://www.agfa.com/corporate/investor-relations/shareholders-meeting/annual-general-meeting/
AGFA-GEVAERT N.V.,https://www.agfa.com/corporate/investor-relations/reports-and-presentations/statutory-accounts/
AGFA-GEVAERT N.V.,https://www.agfa.com/corporate/news-item/agfa-declines-indication-of-interest-by-kanteron-systems/
AGFA-GEVAERT N.V.,https://www.agfa.com/corporate/investor-relations/reports-and-presentations/sustainability-reports/
AGFA-GEVAERT N.V.,https://www.agfa.com/corporate/investor-relations/corporate-governance/corporate-governance-charter/
AGFA-GEVAERT N.V.,https://www.agfa.com/corporate/investor-relations/shareholders-meeting/extraordinary-general-meeting/
AGFA-GEVAERT N.V.,https://www.agfa.com/corporate/about-us/our-company/safety-health-and-environment-she/green-marketing/
AGFA-GEVAERT N.V.,https://www.agfa.com/corporate/about-us/our-company/safety-health-and-environment-she/environmental-policy/
AGFA-GEVAERT N.V.,https://www.agfa.com/corporate/about-us/our-company/safety-health-and-environment-she/roles-responsibilities/
AGFA-GEVAERT N.V.,https://www.agfa.com/corporate/about-us/our-company/safety-health-and-environment-she/sustainability-reports/
AGFA-GEVAERT N.V.,https://www.agfa.com/corporate/investor-relations/corporate-governance/nomination-and-remuneration-committee/
AGFA-GEVAERT N.V.,https://www.agfa.com/corporate/investor-relations/reports-and-presentations/presentations-for-analysts-and-press/
AGFA-GEVAERT N.V.,https://www.agfa.com/corporate/news-item/agfas-board-of-directors-co-opts-klaus-rohrig-aoc-as-non-executive-director/
AGFA-GEVAERT N.V.,https://www.agfa.com/corporate/news-item/agfa-gevaert-publishes-its-third-quarter-2018-results-regulated-information/
AGFA-GEVAERT N.V.,https://www.agfa.com/corporate/news-item/publication-of-a-transparency-notification-norges-bank-regulated-information-3/
AGFA-GEVAERT N.V.,https://www.agfa.com/corporate/news-item/agfas-raad-van-bestuur-coopteert-klaus-rohrig-aoc-tot-niet-uitvoerend-bestuurder/
AGFA-GEVAERT N.V.,https://www.agfa.com/corporate/news-item/agfa-graphics-intends-to-close-offset-printing-plate-factory-in-branchburg-new-jersey-usa/
AGFA-GEVAERT N.V.,https://www.agfa.com/corporate/news-item/agfa-graphics-plant-sluiting-van-fabriek-voor-offsetdrukplaten-in-branchburg-new-jersey-usa/
AGFA-GEVAERT N.V.,https://www.agfa.com/corporate/news-item/openbaarmaking-over-een-transparantie-kennisgeving-norges-bank-gereglementeerde-informatie-3/
AGFA-GEVAERT N.V.,https://www.agfa.com/corporate/news-item/agfa-gevaert-publiceert-resultaten-voor-het-derde-kwartaal-van-2018-gereglementeerde-informatie/
Banpil Photonics,http://banpil.com/license.htm
ABB AB,https://new.abb.com/channel-partners
ABB AB,https://new.abb.com/about/abb-in-brief/group-structure/board-of-directors
ABB AB,https://new.abb.com/about/abb-in-brief/group-structure/executive-committee
ABB AB,https://new.abb.com/news/detail/10330/abb-expands-partnerships-at-china-international-import-expo
ABB AB,https://new.abb.com/investorrelations/corporate-governance/board-and-executive-committee-shareholdings-and-dealings
Applied Genetic Technologies Corporation,https://agtc.com/careers
Applied Genetic Technologies Corporation,https://agtc.com/patients/patient-partners/
Samsung SDI Co.,http://samsungsdi.com/about-sdi/index.html
Samsung SDI Co.,http://samsungsdi.com/automotive-battery/partnership.html
Samsung SDI Co.,http://samsungsdi.com/sustainable-management/safety-environment-policy/index.html
Samsung SDI Co.,http://samsungsdi.com/sustainable-management/sustainability/implementation-system.html
Samsung SDI Co.,http://samsungsdi.com/sustainable-management/sustainability/approach/vision-strategy.html
Samsung SDI Co.,http://samsungsdi.com/sustainable-management/sustainability/supply-chain-responsibility.html
Samsung SDI Co.,http://samsungsdi.com/sustainable-management/sustainability/report/sustainability-report.html
Samsung SDI Co.,http://samsungsdi.com/sustainable-management/sustainability/climate-environment/eco-value.html
Braun Intertec Geothermal,https://braunintertec.com/about-us
LifeNet Health,https://www.lifenethealth.org/about/divisions/lifenet-health-florida
LifeNet Health,https://www.lifenethealth.org/about/divisions/international-division
LifeNet Health,https://www.lifenethealth.org/about/divisions/tissue-services-division
LifeNet Health,https://www.lifenethealth.org/about/divisions/lifenet-health-renton-wash
LifeNet Health,https://www.lifenethealth.org/about/divisions/institute-regenerative-medicine
LifeNet Health,https://www.lifenethealth.org/transplant-services-opo/healthcare-professionals/collaborative-donation-process
Mattson Technology,https://www.mattson.com/about-us
BASF Plant Science GmbH,https://agriculture.basf.com/content/bws/north-america/us/en/company.html
True-Safe Technologies,https://fiatest.com/contact/
OPTERRA ENERGY SERVICES,https://engieservices.us/about-us
TDK Corporation,https://www.global.tdk.com/corp/en/about_tdk/tdk_at_a_glance/index.htm
TDK Corporation,https://www.global.tdk.com/corp/en/about_tdk/executive_lineup/index.htm
TDK Corporation,https://www.global.tdk.com/corp/en/about_tdk/tdk_organization/index.htm
TDK Corporation,https://www.global.tdk.com/corp/en/about_tdk/corporate_message/index.htm
TDK Corporation,https://www.global.tdk.com/corp/en/about_tdk/corporate_branding/index.htm
TDK Corporation,https://www.global.tdk.com/corp/en/ir/stock_and_corporate_bonds/index.htm
Materia,http://www.materia-inc.com/solutions/partnerships
Colgate-Palmolive Company,https://www.colgatepalmolive.com/
Colgate-Palmolive Company,https://www.colgatepalmolive.com/en-us/core-values/community-responsibility
Colgate-Palmolive Company,https://www.colgatepalmolive.com/en-us/about/executives-and-boards/executives
Colgate-Palmolive Company,https://www.colgatepalmolive.com/en-us/about/executives-and-boards/board-committees
Colgate-Palmolive Company,https://www.colgatepalmolive.com/en-us/about/executives-and-boards/board-of-directors
Veracyte,https://www.veracyte.com/who-we-are/leadership
Veracyte,https://www.veracyte.com/investors/corporate-governance
Veracyte,https://www.veracyte.com/who-we-are/leadership/board-of-directors
Veracyte,https://www.veracyte.com/investors/corporate-governance/board-of-directors
Veracyte,https://www.veracyte.com/investors/corporate-governance/executive-leadership
Veracyte,https://www.veracyte.com/investors/corporate-governance/committee-composition
GE-Hitachi Nuclear Energy Americas LLC,https://nuclear.gepower.com/fuel-a-plant/tools-and-resources/learn-about-fuel-manufacturing-locations
PetraSolar,http://www.petrasystems.com/partners
Alexion Pharmaceuticals,http://alexion.com/research-development/Discovery-Partnerships
Omron Corporation,https://www.omron.com/about/csr/
Omron Corporation,https://www.omron.com/about/purchase/
Omron Corporation,https://www.omron.com/about/message//
Omron Corporation,https://www.omron.com/about/principles/
Omron Corporation,https://www.omron.com/about/job_search/
Omron Corporation,https://www.omron.com/about/sustainability/
Omron Corporation,https://www.omron.com/about/corporate/governance/
Omron Corporation,https://www.omron.com/about/management_philosophy/
Omron Corporation,https://www.omron.com/media/press/2018/11/c1113.html
Omron Corporation,https://www.omron.com/about/ir/stock_chart/index.html
Omron Corporation,https://www.omron.com/about/ir/shareholder/stock_info/index.html
Astech,https://astech.com/about/
Alcatel Lucent,https://www.al-enterprise.com/en/partners
Alcatel Lucent,https://www.al-enterprise.com/partner-locator
Alcatel Lucent,https://www.al-enterprise.com/en/partners/aapp
Alcatel Lucent,https://www.al-enterprise.com/en/partner-locator
Alcatel Lucent,https://www.al-enterprise.com/en/partners/become-a-partner
Alcatel Lucent,https://www.al-enterprise.com/en/partners/partner-resources
Alcatel Lucent,https://www.al-enterprise.com/en/company/about-us/what-ale-does
Alcatel Lucent,https://www.al-enterprise.com/en/company/news/ale-bcdvideo-news
Alcatel Lucent,https://www.al-enterprise.com/en/company/about-us/executive-team
Alcatel Lucent,https://www.al-enterprise.com/en/company/customers/kreativ-house
Alcatel Lucent,https://www.al-enterprise.com/en/solutions/unified-communications
Alcatel Lucent,https://www.al-enterprise.com/en/company/customers/blickle-and-scherer
Alcatel Lucent,https://www.al-enterprise.com/en/company/customers/okada-manila-resort
Alcatel Lucent,https://www.al-enterprise.com/en/company/news/ale-sponsors-pro-cycling-team
Alcatel Lucent,https://www.al-enterprise.com/en/company/news/high-speed-wifi-for-pos-tuning
Cardiva Medical,https://www.cardivamedical.com/about-us/overview/
Cardiva Medical,https://www.cardivamedical.com/about-us/management/
PAX Scientific,http://paxscientific.com/new-folder/
PAX Scientific,http://paxscientific.com/new-folder-2
Applied Materials,http://www.appliedmaterials.com/company
Applied Materials,http://www.appliedmaterials.com/company/news
Applied Materials,http://www.appliedmaterials.com/company/contact/locations
Applied Materials,http://www.appliedmaterials.com/company/careers/diversity
Applied Materials,http://www.appliedmaterials.com/company/news/media-center
Applied Materials,http://www.appliedmaterials.com/company/investor-relations
Applied Materials,http://www.appliedmaterials.com/company/news/press-releases
Applied Materials,http://www.appliedmaterials.com/company/careers/us-veterans
Applied Materials,http://www.appliedmaterials.com/company/applied-ventures/team
Applied Materials,http://www.appliedmaterials.com/company/applied-ventures/news
Applied Materials,http://www.appliedmaterials.com/company/careers/college-program
Applied Materials,http://www.appliedmaterials.com/company/corporate-responsibility
Applied Materials,http://www.appliedmaterials.com/company/applied-ventures/portfolio
Applied Materials,http://www.appliedmaterials.com/company/applied-ventures/submissions
Applied Materials,http://www.appliedmaterials.com/company/investor-relations/financials
Applied Materials,http://www.appliedmaterials.com/company/investor-relations/governance
Applied Materials,http://www.appliedmaterials.com/company/collaboration/innovation-centers
Applied Materials,http://www.appliedmaterials.com/company/corporate-responsibility/reports
Applied Materials,http://www.appliedmaterials.com/company/corporate-responsibility/community
Applied Materials,http://www.appliedmaterials.com/company/careers/exiting-military-recruitment
Applied Materials,http://www.appliedmaterials.com/company/corporate-responsibility/sustainability
Applied Materials,http://www.appliedmaterials.com/company/news/press-releases/2018/11/applied-materials-announces-2018-supplier-excellence-awards
Applied Materials,http://www.appliedmaterials.com/company/news/press-releases/2018/11/applied-materials-announces-fourth-quarter-and-fiscal-year-2018-results
BASF Coatings GmbH,http://basf-coatings.com/global/ecweb/en/content/press/coatings-partner-magazine/index
Eaton Corporation,http://www.eaton.com/us/en-us/company/policies-and-statements.html
Eaton Corporation,http://www.eaton.com/us/en-us/company/news-insights/what-matters.html
Eaton Corporation,http://www.eaton.com/us/en-us/company/news-insights/social-media.html
Eaton Corporation,http://www.eaton.com/us/en-us/company/news-insights/internet-of-things.html
Eaton Corporation,http://www.eaton.com/us/en-us/company/news-insights/what-matters/sports.html
Eaton Corporation,http://www.eaton.com/us/en-us/company/news-insights/intelligent-microgrids.html
Eaton Corporation,http://www.eaton.com/us/en-us/company/policies-and-statements/terms-and-conditions.html
Eaton Corporation,http://www.eaton.com/us/en-us/company/policies-and-statements/privacy-cookies-and-data-protection.html
Eaton Corporation,http://www.eaton.com/us/en-us/company/policies-and-statements/slavery-and-human-trafficing-statement.html
Eaton Corporation,http://www.eaton.com/us/en-us/company/policies-and-statements/responsible-sourcing-of-conflict-minerals0.html
Bell Helicopter Textron Inc.,http://bellflight.com/company/innovation
Cross Match Technologies,https://www.crossmatch.com/company/leadership-team/
Cross Match Technologies,https://www.crossmatch.com/company/support/documentation/
Cross Match Technologies,https://www.crossmatch.com/press-release/hid-global-acquires-crossmatch-expand-biometric-identity-management/
Cross Match Technologies,https://www.crossmatch.com/press-releases/hid-global-acquires-crossmatch-expand-biometric-identity-management
Magnachip Semiconductor,http://magnachip.com/aboutus/aboutus_sub08.html?p=04
Magnachip Semiconductor,http://investors.magnachip.com/corporate-governance/management
Magnachip Semiconductor,http://investors.magnachip.com/corporate-governance/highlights
Magnachip Semiconductor,http://investors.magnachip.com/corporate-governance/board-of-directors
Magnachip Semiconductor,http://magnachip.com/displaysolutions/oleddisplay/oleddisplay_sub04.html
Magnachip Semiconductor,http://magnachip.com/aboutus/aboutus_sub12_view.html?tname=ez_Press_Room_e&seq=229
Magnachip Semiconductor,http://magnachip.com/aboutus/aboutus_sub12_view.html?tname=ez_Press_Room_e&seq=228
Magnachip Semiconductor,http://magnachip.com/aboutus/aboutus_sub12_view.html?tname=ez_Press_Room_e&seq=227
Magnachip Semiconductor,http://investors.magnachip.com/events/event-details/magnachip-semiconductor-2018-dougherty-company-institutional-investor
Hollingsworth & Vose Company,https://www.hollingsworth-vose.com/en/Company/Management-Bios/Bio1/
Hollingsworth & Vose Company,https://www.hollingsworth-vose.com/en/Company/Management-Bios/Bio2/
Hollingsworth & Vose Company,https://www.hollingsworth-vose.com/en/Company/Careers/Entry-Programs/
Hollingsworth & Vose Company,https://www.hollingsworth-vose.com/en/Company/Management-Bios/Josh-Ayer1/
Hollingsworth & Vose Company,https://www.hollingsworth-vose.com/en/Company/Management-Bios/Mike-Clark/
Hollingsworth & Vose Company,https://www.hollingsworth-vose.com/en/Company/Management-Bios/John-Madej/
Hollingsworth & Vose Company,https://www.hollingsworth-vose.com/en/Company/Management-Bios/John-Zhang/
Hollingsworth & Vose Company,https://www.hollingsworth-vose.com/en/Company/Management-Bios/Liam-Weston/
Hollingsworth & Vose Company,https://www.hollingsworth-vose.com/en/Company/Management-Bios/Nick-Starita/
Hollingsworth & Vose Company,https://www.hollingsworth-vose.com/en/Company/Management-Bios/Ken-Fausnacht/
Hollingsworth & Vose Company,https://www.hollingsworth-vose.com/en/Company/Management-Bios/Deirdre-Murphy/
Hollingsworth & Vose Company,https://www.hollingsworth-vose.com/en/Company/Careers/Current-Open-Positions/
Hollingsworth & Vose Company,https://www.hollingsworth-vose.com/en/Company/Management-Bios/Jochem-Hofstetter/
Hollingsworth & Vose Company,https://www.hollingsworth-vose.com/en/Company/Management-Bios/David-von-Loesecke/
Hollingsworth & Vose Company,https://www.hollingsworth-vose.com/en/Company/News--Events/Events/2018/FSA-2018--FILTREX-ASIA-2018/
Gracenote,http://www.gracenote.com/index.php?page_id=1019
Gracenote,http://www.gracenote.com/company/contact-us-form/
NanoOncology,https://www.iinano.org/about-us
NanoOncology,https://www.iinano.org/small-business-partnership
NanoOncology,https://www.iinano.org/affiliated-research-centers-institutes
Analog Devices,https://www.analog.com/myhistory
Analog Devices,https://www.analog.com/en/about-adi/news-room/press-releases/2018/10-22-2018-report-fourth-quarter-fiscal-year-2018-financial-results.html
Analog Devices,https://www.analog.com/en/about-adi/news-room/press-releases/2018/11-26-2018-analog-devices-recognized-as-a-top-place-to-work-employer-of-choice.html
Analog Devices,https://www.analog.com/en/about-adi/news-room/press-releases/2018/10-18-2018-precision-10v-and-0-20ma-a-d-converters-simplify-plc-module-development.html
Analog Devices,https://www.analog.com/en/about-adi/news-room/press-releases/2018/11-6-2018-analog-devices-safety-isolated-can-fd-transceivers-deliver-12-mbps-networks.html
Analog Devices,https://www.analog.com/en/about-adi/news-room/press-releases/2018/11-26-2018-analog-devices-wins-four-world-electronics-achievement-awards-from-aspencore.html
Analog Devices,https://www.analog.com/en/about-adi/news-room/press-releases/2018/11-13-2018-analog-devices-industrial-automation-solutions-help-accelerate-path-industry-4-0.html
Analog Devices,https://www.analog.com/en/about-adi/news-room/press-releases/2018/11-20-2018-analog-devices-reports-strong-fourth-quarter-results-achieving-record-revenue-eps.html
Analog Devices,https://www.analog.com/en/about-adi/news-room/press-releases/2018/11-12-2018-analog-devices-high-power-umodule-regulator-eases-data-center-cooling-requirements.html
Analog Devices,https://www.analog.com/en/about-adi/news-room/press-releases/2018/11-30-2018-analog-devices-to-participate-in-raymond-james-2018-technology-investors-conference.html
Analog Devices,https://www.analog.com/en/about-adi/news-room/press-releases/2018/9-17-2018-98-efficient-bidirectional-buck-boost-controller-for-12v-12v-redundant-battery-systems.html
Analog Devices,https://www.analog.com/en/about-adi/news-room/press-releases/2018/11-5-2018-compact-5v-10a-synchronous-silent-switcher-2-buck-regulator-reduces-heat-emi-footprint.html
Analog Devices,https://www.analog.com/en/about-adi/news-room/press-releases/2018/11-26-2018-analog-devices-to-participate-in-credit-suisse-technology-media-and-telecom-conference.html
EPCOS AG,https://en.tdk-electronics.tdk.com/tdk-en/373402/company
EPCOS AG,https://en.tdk-electronics.tdk.com/tdk-en/1191210/company/about-us
EPCOS AG,https://en.tdk-electronics.tdk.com/tdk-en/2302164/careers/about-us
EPCOS AG,https://en.tdk-electronics.tdk.com/tdk-en/1192046/company/tdk-group
EPCOS AG,https://en.tdk-electronics.tdk.com/tdk-en/1190708/company/tdk-europe
EPCOS AG,https://en.tdk-electronics.tdk.com/tdk-en/373394/company/press-center
EPCOS AG,https://en.tdk-electronics.tdk.com/tdk-en/180286/company/trade-fairs-events
EPCOS AG,https://en.tdk-electronics.tdk.com/tdk-en/519514/company/customer-news-service
EPCOS AG,https://en.tdk-electronics.tdk.com/tdk-en/180414/contact/company-related-inquiry
EPCOS AG,https://en.tdk-electronics.tdk.com/tdk-en/180314/company/environmental-protection
EPCOS AG,https://en.tdk-electronics.tdk.com/tdk-en/180332/company/tdk-electronics-worldwide
EPCOS AG,https://en.tdk-electronics.tdk.com/tdk-en/373390/company/press-center/press-releases
EPCOS AG,https://en.tdk-electronics.tdk.com/tdk-en/373392/company/press-center/press-pictures
EPCOS AG,https://en.tdk-electronics.tdk.com/tdk-en/156042/tech-library/articles/company---trends
EPCOS AG,https://en.tdk-electronics.tdk.com/tdk-en/1190688/company/tdk-europe/presence-in-europe
EPCOS AG,https://en.tdk-electronics.tdk.com/tdk-en/2101784/company/tdk-europe/delivery-conditions
EPCOS AG,https://en.tdk-electronics.tdk.com/tdk-en/180346/company/corporate-social-responsibility
EPCOS AG,https://en.tdk-electronics.tdk.com/tdk-en/176040/company/environmental-protection/rohs-ii
EPCOS AG,https://en.tdk-electronics.tdk.com/tdk-en/180320/company/tdk-electronics-worldwide/quality
EPCOS AG,https://en.tdk-electronics.tdk.com/tdk-en/2216036/company/tdk-europe/tdk-europe-management
EPCOS AG,https://en.tdk-electronics.tdk.com/tdk-en/2431754/company/press-center/press-conference-2018
EPCOS AG,https://en.tdk-electronics.tdk.com/tdk-en/389270/company/tdk-electronics-worldwide/global-presence
EPCOS AG,https://en.tdk-electronics.tdk.com/tdk-en/176050/company/environmental-protection/material-data-sheets
EPCOS AG,https://en.tdk-electronics.tdk.com/tdk-en/387096/company/environmental-protection/reach/candidates-list
EPCOS AG,https://en.tdk-electronics.tdk.com/tdk-en/180316/company/tdk-electronics-worldwide/tdk-electronics-management-board
EPCOS AG,https://en.tdk-electronics.tdk.com/tdk-en/180326/company/tdk-electronics-worldwide/tdk-electronics-supervisory-board
EPCOS AG,https://en.tdk-electronics.tdk.com/tdk-en/517730/company/tdk-electronics-worldwide/quality/iso-iatf-iso-ts-and-csr-certificates
Avantor Performance Materials,https://www.avantorinc.com/About/Manufacturing-and-Distribution.aspx
Avantor Performance Materials,https://www.avantorinc.com/Avantor_VWR_One_Company_One_Mission_.aspx
Avantor Performance Materials,https://www.avantorinc.com/About/Avantor-Code-of-Business-Conduct.aspx
Avantor Performance Materials,https://www.avantorinc.com/About/Avantor-Performance-Materials-Brands.aspx
Avantor Performance Materials,https://www.avantorinc.com/Quality-Systems-and-Supply-Chain/Quality-Systems/Management-of-Change.aspx
ZIH Corp.,https://www.zebra.com/us/en/partners.html
ZIH Corp.,https://pi.zebra.com/idp/startSSO.ping?PartnerSpId=prod-www.zebra.com
ZIH Corp.,https://www.zebra.com/us/en/partners/partner-application-locator.html
ZIH Corp.,https://www.zebra.com/us/en/partners/partnerconnect/become-a-partner.html
ZIH Corp.,https://www.zebra.com/us/en/solutions/hospitality-solutions/inventory-management.html
ZIH Corp.,https://www.zebra.com/us/en/about-zebra/company-information/legal/privacy-statement.html
ZIH Corp.,https://www.zebra.com/us/en/partners/find-a-zebra-partner/selecting-the-right-channel-partner.html
ZIH Corp.,https://www.zebra.com/us/en/about-zebra/company-information/compliance/information-privacy/privacy-statement.html
ZIH Corp.,https://www.zebra.com/us/en/about-zebra/newsroom/press-releases/2018/zebra-technologies-completes-xplore-technologies-acquisition.html
AbbVie Inc.,https://www.abbvie.com/partnerships.html
AbbVie Inc.,https://www.abbvie.com/partnerships/our-approach.html
AbbVie Inc.,https://www.abbvie.com/partnerships/abbvie-ventures.html
AbbVie Inc.,https://www.abbvie.com/partnerships/areas-of-interest.html
AbbVie Inc.,https://www.abbvie.com/partnerships/abbvie-ventures/portfolio.html
AbbVie Inc.,https://www.abbvie.com/our-company/ethics-compliance/physician-payments.html
AbbVie Inc.,https://www.abbvie.com/our-company/policies-disclosures/protecting-data.html
AbbVie Inc.,https://www.abbvie.com/responsibility/corporate-responsibility-partners.html
AbbVie Inc.,https://www.abbvie.com/responsibility/corporate-responsibility-resources.html
AbbVie Inc.,https://www.abbvie.com/partnerships/additional-collaboration-opportunities.html
AbbVie Inc.,https://www.abbvie.com/responsibility/abbvie-foundation/foundation-partners.html
AbbVie Inc.,https://www.abbvie.com/our-company/ethics-compliance/ethics-compliance-program.html
AbbVie Inc.,https://www.abbvie.com/our-company/ethics-compliance/abbvie-code-of-business-conduct.html
AbbVie Inc.,https://www.abbvie.com/partnerships/additional-collaboration-opportunities/contract-manufacturing.html
AbbVie Inc.,https://www.abbvie.com/partnerships/additional-collaboration-opportunities/open-innovation-program.html
AbbVie Inc.,https://www.abbvie.com/partnerships/additional-collaboration-opportunities/investigator-initiated-studies-iis.html
Northrop Grumman Systems Corporation,http://www.northropgrumman.com/AboutUs/Contracts
Northrop Grumman Systems Corporation,http://www.northropgrumman.com/AboutUs/OurHeritage/
Northrop Grumman Systems Corporation,http://www.northropgrumman.com/AboutUs/AnnualReports/
Northrop Grumman Systems Corporation,http://www.northropgrumman.com/AboutUs/AnalysisCenter/
Northrop Grumman Systems Corporation,http://www.northropgrumman.com/CorporateResponsibility
Northrop Grumman Systems Corporation,http://www.northropgrumman.com/AboutUs/BusinessSectors/
Northrop Grumman Systems Corporation,http://www.northropgrumman.com/AboutUs/CompanyLeadership/
Northrop Grumman Systems Corporation,http://www.northropgrumman.com/AboutUs/InnovationNetwork/
Northrop Grumman Systems Corporation,http://www.northropgrumman.com/AboutUs/Business-to-Business/
Northrop Grumman Systems Corporation,http://www.northropgrumman.com/Pages/CorporateGovernance.aspx
Northrop Grumman Systems Corporation,http://www.northropgrumman.com/Careers/My-Profile/Pages/default.aspx
Northrop Grumman Systems Corporation,http://www.northropgrumman.com/Careers/My-Profile/Pages/Employees.aspx
Northrop Grumman Systems Corporation,http://www.northropgrumman.com/CorporateResponsibility/Pages/Reports.aspx
Northrop Grumman Systems Corporation,http://www.northropgrumman.com/AboutUs/OurGlobalPresence/Pages/default.aspx
Northrop Grumman Systems Corporation,http://www.northropgrumman.com/CorporateResponsibility/Ethics/Pages/default.aspx
Northrop Grumman Systems Corporation,http://www.northropgrumman.com/CorporateResponsibility/Diversity/Pages/default.aspx
Northrop Grumman Systems Corporation,http://www.northropgrumman.com/CorporateResponsibility/Environment/Pages/default.aspx
Northrop Grumman Systems Corporation,http://www.northropgrumman.com/CorporateResponsibility/OperationIMPACT/Pages/default.aspx
Northrop Grumman Systems Corporation,http://www.northropgrumman.com/CorporateResponsibility/CorporateCitizenship/Pages/default.aspx
Northrop Grumman Systems Corporation,http://www.northropgrumman.com/CorporateResponsibility/Ethics/Pages/OurVisionValuesAndBehaviors.aspx
Northrop Grumman Systems Corporation,http://www.northropgrumman.com/CorporateResponsibility/EqualEmploymentOpportunity/Pages/default.aspx
Northrop Grumman Systems Corporation,http://www.northropgrumman.com/CorporateResponsibility/EqualEmploymentOpportunity/Pages/Accessibility.aspx
Northrop Grumman Systems Corporation,http://www.northropgrumman.com/CorporateResponsibility/CorporateCitizenship/EmployeeVolunteerism/Pages/default.aspx
FEI Company,https://www.fei.com/life-sciences/history-of-cryo-em
3M Innovative Properties Company,https://www.3m.com/3M/en_US/company-us/
3M Innovative Properties Company,https://www.3m.com/3M/en_US/company-us/privacy-policy/
3M Innovative Properties Company,https://www.3m.com/3M/en_US/company-us/legal-information/
3M Innovative Properties Company,https://www.3m.com/3M/en_US/company-us/partners-suppliers/
3M Innovative Properties Company,https://www.3m.com/3M/en_US/company-us/about-3m/technologies/
3M Innovative Properties Company,https://www.3m.com/3M/en_US/company-us/dmca-copyright-policy/
3M Innovative Properties Company,https://www.3m.com/3M/en_US/company-us/regulatory-information/
3M Innovative Properties Company,https://www.3m.com/3M/en_US/company-us/3m-science-applied-to-life/
3M Innovative Properties Company,https://www.3m.com/3M/en_US/company-us/transport-information-search/
3M Innovative Properties Company,https://www.3m.com/3M/en_US/company-us/about-3m/compliance-business-conduct/
3M Innovative Properties Company,https://www.3m.com/3M/en_US/company-us/about-3m/state-of-science-index-survey/
Wyatt Technology Corporation,https://www.wyatt.com/about-us/marketing-campaigns.html
Wyatt Technology Corporation,https://www.wyatt.com/about/team-wyatt/daniel-some.html
Wyatt Technology Corporation,https://www.wyatt.com/about-us/team-wyatt-us-canada.html
Wyatt Technology Corporation,https://www.wyatt.com/about/team-wyatt/craig-bennett.html
Wyatt Technology Corporation,https://www.wyatt.com/about-us/team-wyatt/kenny-yoon.html
Wyatt Technology Corporation,https://www.wyatt.com/about/team-wyatt/philip-j-wyatt.html
Wyatt Technology Corporation,https://www.wyatt.com/about-us/team-wyatt/ross-bryant.html
Wyatt Technology Corporation,https://www.wyatt.com/about-us/team-wyatt/steve-minne.html
Wyatt Technology Corporation,https://www.wyatt.com/about/team-wyatt/sophia-kenrick.html
Wyatt Technology Corporation,https://www.wyatt.com/about/team-wyatt/john-champagne.html
Wyatt Technology Corporation,https://www.wyatt.com/about/team-wyatt/andrew-o-meyer.html
Wyatt Technology Corporation,https://www.wyatt.com/about/scientific-advisors/grubbs.html
Wyatt Technology Corporation,https://www.wyatt.com/about/team-wyatt/stepan-podzimek.html
Wyatt Technology Corporation,https://www.wyatt.com/about/team-wyatt/geofrey-k-wyatt.html
Wyatt Technology Corporation,https://www.wyatt.com/about/team-wyatt/vincent-h-hsieh.html
Wyatt Technology Corporation,https://www.wyatt.com/about-us/team-wyatt/dwight-kahng.html
Wyatt Technology Corporation,https://www.wyatt.com/about/team-wyatt/michelle-h-chen.html
Wyatt Technology Corporation,https://www.wyatt.com/about/scientific-advisors/randall.html
Wyatt Technology Corporation,https://www.wyatt.com/about/team-wyatt/clifford-d-wyatt.html
Wyatt Technology Corporation,https://www.wyatt.com/about/team-wyatt/michael-i-larkin.html
Wyatt Technology Corporation,https://www.wyatt.com/about/team-wyatt/sigrid-c-kuebler.html
Wyatt Technology Corporation,https://www.wyatt.com/about/team-wyatt/robert-p-collins.html
Wyatt Technology Corporation,https://www.wyatt.com/about-us/team-wyatt/lionel-rouzic.html
Wyatt Technology Corporation,https://www.wyatt.com/about/team-wyatt/steven-p-trainoff.html
Wyatt Technology Corporation,https://www.wyatt.com/about/team-wyatt/jeffrey-a-ahlgren.html
Wyatt Technology Corporation,https://www.wyatt.com/about-us/team-wyatt/nicolas-mignard.html
Wyatt Technology Corporation,https://www.wyatt.com/blogs/meet-the-customer-service-team.html
Wyatt Technology Corporation,https://www.wyatt.com/about/team-wyatt/roger-scherrers-ph.d.html
Wyatt Technology Corporation,https://www.wyatt.com/about-us/team-wyatt/thomas-scheuermann-ph.d.html
Sundrop Fuels,http://sundropfuels.com/Partners/
Sundrop Fuels,http://sundropfuels.com/About%20Us/
Sundrop Fuels,http://sundropfuels.com/Leadership/Management/
Renmatix,http://renmatix.com/purpose/extra/people
ALSTOM Technology Ltd,https://www.alstom.com/fulfilling-our-customers-expectations-best-and-most-committed-partners
Takara Bio Inc.,https://www.takarabio.com/about/our-brands/takara
Takara Bio Inc.,https://www.takarabio.com/about/thats-good-science
Takara Bio Inc.,https://www.takarabio.com/about/events/conferences
Takara Bio Inc.,https://www.takarabio.com/about/our-brands/clontech
Takara Bio Inc.,https://www.takarabio.com/about/our-brands/cellartis
Takara Bio Inc.,https://www.takarabio.com/about/quality-and-compliance
Takara Bio Inc.,https://www.takarabio.com/about/special-offers/qpcr-promotion
Takara Bio Inc.,https://www.takarabio.com/about/thats-good-science/season-one
Takara Bio Inc.,https://www.takarabio.com/about/thats-good-science/season-two
Takara Bio Inc.,https://www.takarabio.com/about/thats-good-science/season-three
Takara Bio Inc.,https://www.takarabio.com/in/about/partnered_brands/our_partners
Takara Bio Inc.,https://www.takarabio.com/about/announcements/cpsa-innovator-award
Takara Bio Inc.,https://www.takarabio.com/about/manufacturing-dss-takara-bio-india
Takara Bio Inc.,https://www.takarabio.com/services-and-support/corporate-development
Takara Bio Inc.,https://www.takarabio.com/about/special-offers/end-of-the-year-promo
Takara Bio Inc.,https://www.takarabio.com/about/special-offers/lenti-x-special-offers
Takara Bio Inc.,https://www.takarabio.com/about/special-offers/end-of-the-year-promo-gb
Takara Bio Inc.,https://www.takarabio.com/about/special-offers/end-of-the-year-promo-dkk
Takara Bio Inc.,https://www.takarabio.com/about/special-offers/end-of-the-year-promo-sek
Takara Bio Inc.,https://www.takarabio.com/about/special-offers/end-of-the-year-promo-chf
Takara Bio Inc.,https://www.takarabio.com/services-and-support/corporate-development/in-licensing
Takara Bio Inc.,https://www.takarabio.com/services-and-support/corporate-development/out-licensing
Takara Bio Inc.,https://www.takarabio.com/services-and-support/corporate-development/submit-a-licensing-request
Takara Bio Inc.,https://www.takarabio.com/about/bioview-blog/choosing-a-cmo-partner-for-stem-cell-therapy-manufacturing
Takara Bio Inc.,https://www.takarabio.com/about/bioview-blog/top-5-considerations-when-automating-single-cell-sequencing
Takara Bio Inc.,https://www.takarabio.com/about/bioview-blog/using-the-power-of-rna-seq-to-characterize-brain-cell-types
Takara Bio Inc.,https://www.takarabio.com/services-and-support/corporate-development/oem-custom-and-supply-chain-solutions
Easel Biotechnologies,http://www.easelbio.com/?page_id=12
Halliburton Energy Services,https://www.halliburton.com/content/halliburton/en-US/ps/IAM/default.html?node-id=ighztcos
Halliburton Energy Services,https://www.halliburton.com/content/halliburton/en-US/about-us/sustainability/default.html
Halliburton Energy Services,https://www.halliburton.com/content/halliburton/en-US/about-us/hse-sq.html?node-id=hgeyxt64
Halliburton Energy Services,https://www.halliburton.com/content/halliburton/en-US/about-us/default.html?node-id=hgbr8q6o
Halliburton Energy Services,https://www.halliburton.com/content/halliburton/en-US/about-us/legal/default.html?SRC=Footer
Halliburton Energy Services,https://www.halliburton.com/content/halliburton/en-US/about-us/legal/privacy-policy.html?SRC=Footer
Halliburton Energy Services,https://www.halliburton.com/content/halliburton/en-US/about-us/legal/wage-garnishment.html?SRC=Footer
Halliburton Energy Services,https://www.halliburton.com/content/halliburton/en-US/about-us/community/default.html?node-id=hgeyxt8u
Halliburton Energy Services,https://www.halliburton.com/content/halliburton/en-US/about-us/default.html?node-id=hgbr8q6o&SRC=Footer
Halliburton Energy Services,https://www.halliburton.com/content/halliburton/en-US/about-us/sustainability/default.html?node-id=hgeyxt7i
Halliburton Energy Services,https://www.halliburton.com/content/halliburton/en-US/about-us/corporate-profile/default.html?node-id=hgeyxt5p
Halliburton Energy Services,https://www.halliburton.com/content/halliburton/en-US/about-us/supplier-relations/default.html?node-id=hgeyxt74
Halliburton Energy Services,https://www.halliburton.com/content/halliburton/en-US/ps/project-management/well-control-prevention/wellcall.html
Halliburton Energy Services,https://www.halliburton.com/content/halliburton/en-US/about-us/corporate-governance-guidelines.html?node-id=hgeyxt6e
Halliburton Energy Services,https://www.halliburton.com/content/halliburton/en-US/about-us/sustainability/default.html?node-id=hgeyxt7i&SRC=Footer
Halliburton Energy Services,https://www.halliburton.com/content/halliburton/en-US/about-us/supplier-relations/default.html?node-id=hgeyxt74&SRC=Foote
Halliburton Energy Services,https://www.halliburton.com/content/halliburton/en-US/about-us/history-of-halliburton-of-halliburton.html?node-id=hgeyxt5y
Halliburton Energy Services,https://www.halliburton.com/content/halliburton/en-US/about-us/hse-service-quality/hse-safety-moments.html?node-id=hgeyxt6c
Halliburton Energy Services,https://www.halliburton.com/content/halliburton/en-US/ps/project-management/project-management/default.html?node-id=hgoxc0ih
Halliburton Energy Services,https://www.halliburton.com/content/halliburton/en-US/about-us/recent-halliburton-awards-and-recognitions.html?node-id=hgeyxt9s
Halliburton Energy Services,https://www.halliburton.com/content/halliburton/en-US/about-us/recent-halliburton-awards-and-recognitions.html?node-id=hgeyxt9s7
Halliburton Energy Services,https://www.halliburton.com/content/halliburton/en-US/ps/project-management/well-control-prevention/well-control-prevention-services.html
Halliburton Energy Services,https://www.halliburton.com/content/halliburton/en-US/about-us/corporate-governance/halliburton-human-rights.html?node-id=hgeyxt6w&SRC=Footer
Halliburton Energy Services,https://www.halliburton.com/content/halliburton/en-US/ps/project-management/well-control-prevention/well-control-prevention-services.html?node-id=h8cyv994
Halliburton Energy Services,https://www.halliburton.com/content/halliburton/en-US/about-us/hse-service-quality/hse-safety-moments.html?node-id=hgeyxt6c&xtatc=PUB-%5BHome_Right%5D-%5BSafety_Moments%5D
Genisphere,https://genisphere.com/partnering-contact
Agilent Technologies,https://www.agilent.com/about/companyinfo/sustainability
Agilent Technologies,http://www.agilent.com/about/features/food-contamination.html
Agilent Technologies,http://www.agilent.com/en/dakolink-staining-management-software
Agilent Technologies,https://www.agilent.com/about/features/energy-petrochemical.html
Agilent Technologies,http://www.agilent.com/about/features/biopharma-fight-cancer.html
Agilent Technologies,http://www.agilent.com/about/features/research-cell-metabolism.html
Agilent Technologies,http://www.agilent.com/about/features/diagnostics-fight-cancer.html
Agilent Technologies,https://www.agilent.com/about/newsroom/presrel/2018/19nov-gp18063.html
Agilent Technologies,https://www.agilent.com/about/newsroom/presrel/2018/16nov-gp18074.html
Agilent Technologies,https://www.agilent.com/about/newsroom/presrel/2018/14nov-gp18062.html
CELLTRION,http://celltrion.com/en/rnd/cdmo.do
Crossbar,https://crossbar-inc.com/en/company/
Claret Medical,https://www.claretmedical.com/us-healthcare-professionals/about-us/careers/
Nantero,http://nantero.com/technology/partnerships/
Nantero,http://nantero.com/nantero-company-overview/board-of-directors/
Qiagen GmbH,https://www.qiagen.com/us/about-us/redir-about-us/
Qiagen GmbH,https://www.qiagen.com/us/about-us/redir-newsroom/
Qiagen GmbH,https://www.qiagen.com/us/about-us/redir-contacts/
Qiagen GmbH,https://www.qiagen.com/us/careers/who-we-are/history/
Qiagen GmbH,https://www.qiagen.com/us/careers/who-we-are/management/
Qiagen GmbH,https://www.qiagen.com/us/careers/why-qiagen/our-values/
Qiagen GmbH,https://www.qiagen.com/us/about-us/contact/global-contacts/
Qiagen GmbH,https://www.qiagen.com/us/careers/who-we-are/facts-figures/
Qiagen GmbH,https://www.qiagen.com/us/about-us-old/contact/global-contacts/
Qiagen GmbH,https://www.qiagen.com/us/about-us/redir-contacts/redir-meetings/
Qiagen GmbH,https://www.qiagen.com/us/about-us/redir-about-us/redir-what-we-do/
Qiagen GmbH,https://www.qiagen.com/us/about-us/redir-about-us/redir-who-we-are/
Qiagen GmbH,https://www.qiagen.com/us/about-us/redir-about-us/redir-social-hub/
Qiagen GmbH,https://www.qiagen.com/us/careers/who-we-are/awards-and-recognitions/
Qiagen GmbH,https://www.qiagen.com/us/about-us/redir-newsroom/redir-photo-archive/
Qiagen GmbH,https://www.qiagen.com/us/about-us/redir-newsroom/redir-video-footage/
Qiagen GmbH,https://www.qiagen.com/us/about-us/redir-newsroom/redir-press-contact/
Qiagen GmbH,https://www.qiagen.com/us/about-us/redir-about-us/redir-sustainability/
Qiagen GmbH,https://www.qiagen.com/us/about-us/redir-newsroom/redir-press-releases/
Qiagen GmbH,https://www.qiagen.com/us/about-us/redir-about-us/redir-global-presence/
Qiagen GmbH,https://www.qiagen.com/us/about-us/redir-newsroom/redir-press-resources/
Qiagen GmbH,https://www.qiagen.com/us/about-us/redir-contacts/redir-global-contacts/
Qiagen GmbH,https://www.qiagen.com/us/about-us/redir-about-us/redir-insights-magazine/
Qiagen GmbH,https://www.qiagen.com/us/about-us/redir-investor-relations/redir-analysts/
Qiagen GmbH,https://www.qiagen.com/us/about-us/redir-contacts/redir-subscribe-to-enews/
Qiagen GmbH,https://www.qiagen.com/us/about-us/redir-contacts/redir-corporate-contacts/
Qiagen GmbH,https://www.qiagen.com/us/about-us/redir-contacts/redir-price-inquiries-usa/
Qiagen GmbH,https://www.qiagen.com/us/about-us/redir-contacts/redir-technical-inquiries/
Qiagen GmbH,https://www.qiagen.com/us/about-us-old/contact/global-contacts/sunshine-act/
Qiagen GmbH,https://www.qiagen.com/us/about-us/redir-investor-relations/redir-at-a-glance/
Qiagen GmbH,https://www.qiagen.com/us/about-us/redir-investor-relations/redir-ir-contacts/
Qiagen GmbH,https://www.qiagen.com/us/about-us/redir-contacts/redir-price-inquiries-taiwan/
Qiagen GmbH,https://www.qiagen.com/us/about-us/redir-investor-relations/redir-stock-information/
Qiagen GmbH,https://www.qiagen.com/us/about-us/redir-investor-relations/redir-financial-reports/
Qiagen GmbH,https://www.qiagen.com/us/about-us/redir-investor-relations/redir-corporate-governance/
Qiagen GmbH,https://www.qiagen.com/us/about-us/redir-investor-relations/redir-compliance-and-ethics/
Qiagen GmbH,https://www.qiagen.com/us/about-us/redir-investor-relations/redir-events-and-presentations/
Praxair S.T. Technology,https://www.praxair.com/our-company/our-people/our-executives
Praxair S.T. Technology,https://www.praxair.com/our-company/suppliers/pre-qualification
Praxair S.T. Technology,https://www.praxair.com/our-company/suppliers/supplier-diversity
Praxair S.T. Technology,https://www.praxair.com/our-company/our-people/community-engagement
Praxair S.T. Technology,https://www.praxair.com/services/industrial-gas-supply-and-management
Praxair S.T. Technology,https://www.praxair.com/our-company/safety-and-environment/environment
Praxair S.T. Technology,https://www.praxair.com/our-company/suppliers/supply-chain-transparency
Praxair S.T. Technology,https://www.praxair.com/our-company/our-people/environmental-engagement
Praxair S.T. Technology,https://www.praxair.com/our-company/safety-and-environment/process-safety
Praxair S.T. Technology,https://www.praxair.com/our-company/sustainable-development/climate-change
Praxair S.T. Technology,https://www.praxair.com/our-company/safety-and-environment/personnel-safety
Praxair S.T. Technology,https://www.praxair.com/our-company/sustainable-development/priority-factors
Praxair S.T. Technology,https://www.praxair.com/our-company/sustainable-development/measuring-impact
Praxair S.T. Technology,https://www.praxair.com/our-company/sustainable-development/reporting-center
Praxair S.T. Technology,https://www.praxair.com/our-company/safety-and-environment/distribution-safety
Praxair S.T. Technology,https://www.praxair.com/our-company/corporate-responsibility/government-affairs
Praxair S.T. Technology,https://www.praxair.com/our-company/sustainable-development/awards-and-recognition
Praxair S.T. Technology,https://www.praxair.com/our-company/sustainable-development/targets-and-performance
Praxair S.T. Technology,https://www.praxair.com/our-company/corporate-responsibility/policies-and-position-statements
Allison Transmission,https://allisontransmission.com/company/leadership
Allison Transmission,https://allisontransmission.com/company/ceos-message
Allison Transmission,https://allisontransmission.com/company/centennial/today
Allison Transmission,https://allisontransmission.com/company/centennial/future
Allison Transmission,https://allisontransmission.com/company/centennial/history
Allison Transmission,https://allisontransmission.com/company/corporate-responsibility
Allison Transmission,http://ir.allisontransmission.com/phoenix.zhtml?c=227924&p=irol-govHighlights
Allison Transmission,https://allisontransmission.com/company/corporate-responsibility/sustainability
Allison Transmission,https://allisontransmission.com/company/corporate-responsibility/causes-we-support
Allison Transmission,http://www.allisontransmission.com/company/news-article/!details/2016/03/02/allison-transmission-launches-redesigned-mobile-app
Allison Transmission,https://allisontransmission.com/company/news-article/!details/2018/11/26/agrale-mercedes-choose-allison-transmissions-for-brazil-buses
Pharmion Corporation,https://www.celgene.com/partnering/
Pharmion Corporation,https://www.celgene.com/about/global-network/
Pharmion Corporation,https://www.celgene.com/responsibility/funding/
Pharmion Corporation,https://www.celgene.com/partnering/areas-of-interest/
Pharmion Corporation,https://www.celgene.com/partnering/partner-with-celgene/
Pharmion Corporation,https://www.celgene.com/about/leadership/senior-management/
Pharmion Corporation,https://www.celgene.com/about/leadership/board-of-directors/
Pharmion Corporation,https://www.celgene.com/partnering/philosophy-to-partnering/
Pharmion Corporation,https://www.celgene.com/about/global-office-network/?country=TW
Pharmion Corporation,https://www.celgene.com/about/global-office-network/?country=TH
Pharmion Corporation,https://www.celgene.com/key-unlocking-innovation-great-partnerships/
Pharmion Corporation,https://www.celgene.com/about/compliance/code-business-conduct-ethics/
Pharmion Corporation,https://www.celgene.com/about/compliance/ca-declaration-of-compliance/
Pharmion Corporation,https://www.celgene.com/about/compliance/vermont-prescriber-information/
Pharmion Corporation,https://www.celgene.com/responsibility/environment/environmental-management/
Pharmion Corporation,https://www.celgene.com/about/compliance/authorized-distributor-record-listing/
Pharmion Corporation,https://www.celgene.com/research-development/celgene-global-drug-safety-and-risk-management/
Pharmion Corporation,https://www.celgene.com/responsibility/employees-communities/employees/our-culture-and-values/
Pharmion Corporation,https://www.celgene.com/responsibility/environment/environmental-management/building-sustainably/
Pharmion Corporation,https://www.celgene.com/research-development/celgene-global-drug-safety-and-risk-management/chrysalis/
Pharmion Corporation,https://www.celgene.com/responsibility/environment/environmental-management/carbon-disclosure-project/
Pharmion Corporation,https://www.celgene.com/how-this-metastatic-breast-cancer-survivor-told-her-family-about-her-diagnosis/
Pharmion Corporation,https://www.celgene.com/responsibility/patients-first/patient-safety-support-advocacy/advocacy-partnerships/
Leap Frogg,https://www.leapfrog.com/en-us/store/profile/
Leap Frogg,https://www.leapfrog.com/en-us/store/profile/redeem.jsp
Leap Frogg,https://www.leapfrog.com/en-us/store/profile/myProfile.jsp
Leap Frogg,https://www.leapfrog.com/en-us/store/profile/myDownloads.jsp
Leap Frogg,https://www.leapfrog.com/en-us/store/profile/myKids.jsp?requestedLogin=/en-us/store/profile/myKids.jsp
Leap Frogg,https://www.leapfrog.com/en-us/store/profile/wishlist.jsp?requestedLogin=/en-us/store/profile/wishlist.jsp
Cabot Corporation,http://www.cabotcorp.com/company/investors
Arkema Inc.,https://www.arkema.com/en/investor-relations/corporate-governance/executive-committee/
Arkema Inc.,https://www.arkema.com/en/social-responsibility/vision-and-strategy/sustainable-development-goals/
Arkema Inc.,https://www.arkema.com/en/social-responsibility/vision-and-strategy/csr-at-the-core-of-our-strategy/
Arkema Inc.,https://www.arkema.com/en/social-responsibility/environmental-footprint/waste-management-reduce-recycle-reuse/
AVOGY,https://nexgenpowersystems.com/about/contact/
Bi-Modal Corporation,https://www.gartner.com/technology/about.jsp
Bi-Modal Corporation,https://www.gartner.com/technology/about/policies/guidelines_ov.jsp
SAMSUNG DISPLAY CO.,https://displaysolutions.samsung.com/partners/overview
SAMSUNG DISPLAY CO.,https://displaysolutions.samsung.com/partners/resource
SAMSUNG DISPLAY CO.,https://displaysolutions.samsung.com/solutions/partner-solution/sssp
SAMSUNG DISPLAY CO.,https://displaysolutions.samsung.com/partners/programs/channel-partner
SAMSUNG DISPLAY CO.,https://displaysolutions.samsung.com/partners/programs/software-partner
SAMSUNG DISPLAY CO.,https://displaysolutions.samsung.com/partners/find-a-partner/channel-partner
SAMSUNG DISPLAY CO.,https://displaysolutions.samsung.com/partners/find-a-partner/software-partner
BP Corporation North America Inc.,http://www.bp.com/en/global/corporate/press/bp-magazine.html
BP Corporation North America Inc.,https://www.bp.com/en_us/bp-us/who-we-are/commitment-to-safety/perfecting-skills-before-we-use-them.html
BP Corporation North America Inc.,https://www.bp.com/en_us/bp-us/who-we-are/commitment-to-safety/sophisticated-support-around-the-clock.html
Symantec Corporation,https://www.symantec.com/content/symantec/english/en/about
Symantec Corporation,https://www.symantec.com/content/symantec/english/en/partner
Symantec Corporation,https://www.symantec.com/content/symantec/english/en/partners
Symantec Corporation,https://www.symantec.com/content/symantec/english/en/about/legal
Symantec Corporation,https://www.symantec.com/content/symantec/english/en/about/events
Symantec Corporation,https://www.symantec.com/content/symantec/english/en/about/analyst
Symantec Corporation,https://www.symantec.com/content/symantec/english/en/about/careers
Symantec Corporation,https://www.symantec.com/content/symantec/english/en/about/webcasts
Symantec Corporation,https://www.symantec.com/content/symantec/english/en/about/newsroom
Symantec Corporation,https://www.symantec.com/content/symantec/english/en/partners/programs
Symantec Corporation,https://www.symantec.com/content/symantec/english/en/about/customer-success
Symantec Corporation,https://www.symantec.com/content/symantec/english/en/about/legal/privacy-policy
Symantec Corporation,https://www.symantec.com/content/symantec/english/en/about/customer-trust-portal
Symantec Corporation,https://www.symantec.com/content/symantec/english/en/partners/theme/partner-service
Symantec Corporation,https://www.symantec.com/content/symantec/english/en/about/corporate-responsibility
Symantec Corporation,https://www.symantec.com/content/symantec/english/en/partners/programs/enroll-partner-program
Symantec Corporation,https://www.symantec.com/about/customer-success/williams-racing?inid=symc_ghp_to_f1-williams-racing
Symantec Corporation,https://www.symantec.com/content/symantec/english/en/about/corporate-profile/technology/research-labs
Symantec Corporation,https://www.symantec.com/bin/symantec/userauthsignin?returnUrl=/content/symantec/english/en/partner-landing
Symantec Corporation,https://www.symantec.com/content/symantec/english/en/about/events/aws-reinvent.html?inid=us_symc_soln-cloud_promo-flyout_to_aws-reinvent_theme
Symantec Corporation,https://www.symantec.com/content/symantec/english/en/partners/theme/partner-service?inid=us_symc_partnr-wh-symc_promo-flyout_to_partnerservice_theme
B.G. Negev Technologies and Applications Ltd.,http://in.bgu.ac.il/en/bgn/Pages/
Ambature,http://ambature.com/invest-with-us/
Cedar Ridge Research,http://cr-res.com/about-us-bedford
Ampio Pharmaceuticals,https://ampiopharma.com/partnering/
CNH Industrial America LLC,http://cnhindustrial.com/en-us/know_us/our_history/Pages/default.aspx
CNH Industrial America LLC,http://cnhindustrial.com/en-US/media/press_releases/2018/june/pages/iveco-defence-vehicles-is-awarded-contract-to-deliver-amphibious-platform-to-the-us-marine-corps-in-partnership-with-bae-sy.aspx
Brightfield Transportation Solutions,http://brightfieldts.com/partners/
Anelva Corporation,http://www.canon-anelva.co.jp/english/company/
GE Healthcare Dharmacon,https://dharmacon.horizondiscovery.com/contact/
Synthetic Genomics,https://www.syntheticgenomics.com/partners/
BAE Systems Information and Electronic Systems Integration Inc.,https://www.baesystems.com/en-us/our-company/about-us/bae-systems-inc-/inc-board-of-directors
BAE Systems Information and Electronic Systems Integration Inc.,https://www.baesystems.com/en-us/our-company/inc-businesses/electronic-systems/supplier-center
BAE Systems Information and Electronic Systems Integration Inc.,https://www.baesystems.com/en-us/our-company/inc-businesses/electronic-systems/in-the-community
BAE Systems Information and Electronic Systems Integration Inc.,https://www.baesystems.com/en/our-company/corporate-responsibility/find-out-more/code-of-conduct
BAE Systems Information and Electronic Systems Integration Inc.,https://www.baesystems.com/en-us/our-company/about-us/bae-systems--inc-/special-security-agreement
BAE Systems Information and Electronic Systems Integration Inc.,https://www.baesystems.com/en-us/our-company/inc-businesses/electronic-systems/employee-information
BAE Systems Information and Electronic Systems Integration Inc.,https://www.baesystems.com/en-us/article/-strong-bae-systems-opens-exciting-new-chapter-in-partnership-with-united-through-reading--strong-
Parion Sciences,http://parion.com/partnership/
Boston Scientific Scimed,http://www.bostonscientific.com/en-US/patients/about-your-device/watchman.html
Boston Scientific Scimed,http://www.bostonscientific.com/en-US/patients/about-your-device/pacemakers.html
Boston Scientific Scimed,http://www.bostonscientific.com/en-US/corporate-citizenship/policy-advocacy.html
Boston Scientific Scimed,http://www.bostonscientific.com/en-US/patients/about-your-device/crt-devices.html
Boston Scientific Scimed,http://www.bostonscientific.com/en-US/corporate-citizenship/compliance-ethics.html
Boston Scientific Scimed,http://www.bostonscientific.com/en-US/patients/about-your-device/coronary-stents.html
Boston Scientific Scimed,http://www.bostonscientific.com/en-US/patients/about-your-device/penile-implants.html
Boston Scientific Scimed,http://www.bostonscientific.com/en-US/corporate-citizenship/community-involvement.html
Boston Scientific Scimed,http://www.bostonscientific.com/en-US/patients/about-your-device/defibrillators-icds.html
Boston Scientific Scimed,http://www.bostonscientific.com/en-US/patients/about-your-device/latitude-home-monitoring.html
Boston Scientific Scimed,http://www.bostonscientific.com/en-US/corporate-citizenship/environment-and-sustainability.html
Boston Scientific Scimed,http://www.bostonscientific.com/en-US/corporate-citizenship/community-involvement/education.html
Boston Scientific Scimed,http://www.bostonscientific.com/en-US/patients/about-your-device/spinal-cord-stimulator-systems-scs.html
Genentech,https://www.gene.com/partners
Genentech,https://www.gene.com/about-us/investors
Genentech,https://www.gene.com/topics/rare-disease
Genentech,https://www.gene.com/partners/our-stories
Genentech,https://www.gene.com/partners/our-approach
Genentech,https://www.gene.com/partners/partner-with-us
Genentech,https://www.gene.com/partners/our-relationship-with-roche
ASTUTE MEDICAL,http://www.astutemedical.com/about/intellectual-property
Revera,https://www.reveraliving.com/newvendors
Revera,https://www.reveraliving.com/About-Revera/News/News
Revera,https://www.reveraliving.com/about-revera/Coming-Soon
Revera,https://www.reveraliving.com/About-Revera/About-Revera
Revera,https://www.reveraliving.com/about-revera/Our-Partners
Revera,https://www.reveraliving.com/About-Revera/Our-Partners
Revera,https://www.reveraliving.com/about-revera/Our-Locations
Revera,https://www.reveraliving.com/about-revera/Innovation-at-Revera
Revera,https://www.reveraliving.com/About-Revera/Innovation-at-Revera
Revera,https://www.reveraliving.com/About-Revera/Videos-Testimonials/Testimonials
Revera,https://www.reveraliving.com/about-revera/news/news-releases/innovating-the-aging-experience
Revera,https://www.reveraliving.com/about-revera/news/news/revera-announces-128-new-new-long-term-care-beds
Revera,https://www.reveraliving.com/about-revera/revera-giving/community-in-action-habitat-for-humanity-canada
Revera,http://www.reveraliving.com/About-Revera/News/News-Releases/Revera-Opens-State-of-the-Art-Green-Falls-Landing
Revera,"http://www.reveraliving.com/about-revera/news/news-releases/revera-s-resident-innovation-ambassador,-bill-jarv"
Revera,http://www.reveraliving.com/about-revera/news/news-releases/ground-breaking-tech-identifies-cognitive-diseases
Revera,http://www.reveraliving.com/about-revera/news/news-releases/revera-forms-new-partnership-with-habitat-for-huma
Revera,http://www.reveraliving.com/About-Revera/News/News-Releases/Statement-Regarding-50-New-Long-Term-Care-Beds-for%20
ATTOSTAT,http://www.attostat.com/partnership/
PolyOne Corporation,http://www.polyone.com/company/policies-and-governance/polyone-canada
PolyOne Corporation,http://www.polyone.com/company/sustainability/sustainability-solutions
PolyOne Corporation,http://www.polyone.com/company/sustainability/environmental-stewardship
PolyOne Corporation,http://www.polyone.com/company/policies-and-governance/cpsia-information
PolyOne Corporation,http://www.polyone.com/industries/electrical-electronics/power-management
PolyOne Corporation,http://www.polyone.com/company/policies-and-governance/it-systems-use-policy
PolyOne Corporation,http://www.polyone.com/company/about-us/regulatory/copyright-legal-disclaimer
PolyOne Corporation,http://www.polyone.com/company/policies-and-governance/email-fraud-information
PolyOne Corporation,http://www.polyone.com/company/policies-and-governance/copyright-legal-disclaimer
PolyOne Corporation,http://www.polyone.com/services/color-services/color-management-colormatrix-select
PolyOne Corporation,http://www.polyone.com/company/policies-and-governance/ca-transparency-act-disclosure
PolyOne Corporation,http://www.polyone.com/company/policies-and-governance/global-iso-certificate-library
PolyOne Corporation,http://www.polyone.com/company/policies-and-governance/polyone-corporation-website-privacy-statement
Heidelberger Druckmaschinen AG,https://www.heidelberg.com/global/en/company/career/career_overview.jsp
Heidelberger Druckmaschinen AG,https://www.heidelberg.com/global/de/company/about_us/branch_offices/branch_office_list.jsp
Heidelberger Druckmaschinen AG,https://www.heidelberg.com/global/de/company/procurement/suppliers_portal/collaboration.jsp
Heidelberger Druckmaschinen AG,https://www.heidelberg.com/global/de/company/career/we_are_heidelberg/wir_sind_heidelberg.jsp
Heidelberger Druckmaschinen AG,https://www.heidelberg.com/global/de/investor_relations/services___contact/ir_team_1/ir_team.jsp
Heidelberger Druckmaschinen AG,https://www.heidelberg.com/global/de/company/career/studying_with_heidelberg/study_heidelberg.jsp
Heidelberger Druckmaschinen AG,https://www.heidelberg.com/global/de/company/publications/heidelberg_news_magazine/editorial_1.jsp
Heidelberger Druckmaschinen AG,https://www.heidelberg.com/global/de/company/procurement/delivery_logistics/delivery_logistics.jsp
Heidelberger Druckmaschinen AG,https://www.heidelberg.com/global/de/company/about_us/print_media_center_1/print_media_center_1.jsp
Heidelberger Druckmaschinen AG,https://www.heidelberg.com/global/de/company/career/bildungskooperationen/bildungskooperationen_1.jsp
Heidelberger Druckmaschinen AG,https://www.heidelberg.com/global/de/company/career/wandel_gestalten/zum_projekt/wandel_gestalten.jsp
Heidelberger Druckmaschinen AG,https://www.heidelberg.com/global/de/company/career/why_i_am_a_heidelberger/why_i_m_a_heidelberger.jsp
Heidelberger Druckmaschinen AG,https://www.heidelberg.com/global/de/company/about_us/trademarks/german_trademarks/german_trademarks.jsp
Heidelberger Druckmaschinen AG,https://www.heidelberg.com/global/de/company/career/education_by_heidelberg/ausbildung_bei_heidelberg.jsp
Heidelberger Druckmaschinen AG,https://www.heidelberg.com/global/en/company/press_1/press_kits/press_tour_packaging/press_tour_packaging.jsp
Heidelberger Druckmaschinen AG,https://www.heidelberg.com/global/de/company/about_us/company_profile/company_profile_1/company_profile_1.jsp
Heidelberger Druckmaschinen AG,https://www.heidelberg.com/global/de/company/career/pupils_practica_with_heidelberg/internship_heidelberg.jsp
Heidelberger Druckmaschinen AG,https://www.heidelberg.com/global/de/company/career/graduates___working_people/graduate_and_professionals.jsp
Heidelberger Druckmaschinen AG,https://www.heidelberg.com/global/de/company/about_us/compliance/compliance_management_system/compliance_1.jsp
Heidelberger Druckmaschinen AG,https://www.heidelberg.com/global/de/company/events/worldskills/aktuelle_informationen/aktuelle_informationen.jsp
Heidelberger Druckmaschinen AG,https://www.heidelberg.com/global/de/company/press_1/press_release/press_release_details/press_release_105664.jsp%20
Heidelberger Druckmaschinen AG,https://www.heidelberg.com/global/de/company/press_1/press_release/press_release_details/press_release_110016.jsp%20
Heidelberger Druckmaschinen AG,https://www.heidelberg.com/global/de/company/press_1/press_release/press_release_details/press_release_109568.jsp%20
Heidelberger Druckmaschinen AG,https://www.heidelberg.com/global/de/company/other_business_areas/industrial_design/leistungen/ov_industrioal_design.jsp
Heidelberger Druckmaschinen AG,https://www.heidelberg.com/global/de/company/about_us/corporate_governance/corporate_governance_3/executive_bodies/executive_bodies.jsp
Heidelberger Druckmaschinen AG,https://www.heidelberg.com/global/de/company/about_us/corporate_governance/corporate_governance_3/corporate_governance_2/corporate_governance_2.jsp
Finisar Corporation,https://www.finisar.com/roadms-wavelength-management
Finisar Corporation,https://www.finisar.com/company/corporate-responsibility/iso-certification
Finisar Corporation,https://www.finisar.com/company/corporate-responsibility/conflict-free-sourcing
Finisar Corporation,https://www.finisar.com/company/corporate-responsibility/environmental-responsibility
Finisar Corporation,https://www.finisar.com/company/news-events/news-and-press-release-archive?type_1=feed_item
ASM America,http://www.asm.com/investors/corporate-reports
ASM America,http://www.asm.com/about/strategy-and-focus-areas
ASM America,http://www.asm.com/about/corporate-responsibility
ASM America,http://www.asm.com/investors/corporate-governance
ASM America,http://www.asm.com/about/research-and-our-partners
ASM America,http://www.asm.com/investors/corporate-governance/agm
ASM America,http://www.asm.com/about/organization/management-board
ASM America,http://www.asm.com/about/corporate-responsibility/labor
ASM America,http://www.asm.com/about/organization/supervisory-board
ASM America,http://www.asm.com/about/corporate-responsibility/ethics
ASM America,http://www.asm.com/investors/corporate-governance/policies
ASM America,http://www.asm.com/technology/key-technologies/all-about-ald
ASM America,http://www.asm.com/about/strategy-and-focus-areas/focus-areas
ASM America,http://www.asm.com/about/corporate-responsibility/supply-chain
ASM America,http://www.asm.com/about/corporate-responsibility/environmental
ASM America,http://www.asm.com/investors/corporate-reports/quarterly-reports
ASM America,http://www.asm.com/investors/corporate-governance/management-board
ASM America,http://www.asm.com/about/corporate-responsibility/health-and-safety
ASM America,http://www.asm.com/investors/corporate-governance/supervisory-board
ASM America,http://www.asm.com/about/strategy-and-focus-areas/mission-and-strategy
ASM America,http://www.asm.com/about/strategy-and-focus-areas/breakthrough-technology
ASM America,http://www.asm.com/investors/corporate-governance/articles-of-association
ASM America,http://www.asm.com/investors/corporate-reports/corporate-responsibility-reports
ASM America,http://www.asm.com/about/corporate-responsibility/executive-commitment-statement
ASM America,http://www.asm.com/investors/corporate-reports/annual-reports-(us-gaap)-forms-20-f
ASM America,http://www.asm.com/investors/corporate-reports/statutory-annual-reports-interim-reports-(ifrs)
Everspin Technologies,https://www.everspin.com/partners
Everspin Technologies,https://www.everspin.com/abouteverspin
Daikin Industries,https://www.daikin.com/about/why_daikin/index.html
Daikin Industries,https://www.daikin.com/about/why_daikin/vrv/index.html
Daikin Industries,https://www.daikin.com/corporate/overview/docs/index.html
Daikin Industries,https://www.daikin.com/about/why_daikin/glance/index.html
Daikin Industries,https://www.daikin.com/corporate/why_daikin/vrv/index.html
Daikin Industries,https://www.daikin.com/corporate/overview/vision/index.html
Daikin Industries,https://www.daikin.com/about/why_daikin/benefits/index.html
Daikin Industries,https://www.daikin.com/about/why_daikin/our_road/index.html
Daikin Industries,https://www.daikin.com/corporate/overview/message/index.html
Daikin Industries,https://www.daikin.com/corporate/overview/summary/index.html
Daikin Industries,https://www.daikin.com/corporate/overview/business/index.html
Daikin Industries,https://www.daikin.com/corporate/why_daikin/glance/index.html
Daikin Industries,https://www.daikin.com/about/why_daikin/japanbrand/index.html
Daikin Industries,https://www.daikin.com/corporate/overview/philosophy/index.html
Daikin Industries,https://www.daikin.com/corporate/overview/governance/index.html
Daikin Industries,https://www.daikin.com/corporate/why_daikin/benefits/index.html
Daikin Industries,https://www.daikin.com/corporate/why_daikin/our_road/index.html
Daikin Industries,https://www.daikin.com/corporate/why_daikin/japanbrand/index.html
Daikin Industries,https://www.daikin.com/about/why_daikin/all_your_needs/index.html
Daikin Industries,https://www.daikin.com/corporate/why_daikin/all_your_needs/index.html
Daikin Industries,https://www.daikin.com/corporate/overview/summary/history/digest/index.html
Andritz Inc.,https://www.andritz.com/
Andritz Inc.,https://www.andritz.com/group-en/about-us/gr-sustainability
Andritz Inc.,https://www.andritz.com/group-en/about-us/andritz-worldwide
Andritz Inc.,https://www.andritz.com/group-en/investors/corporate-governance
Andritz Inc.,https://www.andritz.com/group-en/about-us/gr-compliance-startseite
Andritz Inc.,https://www.andritz.com/group-en/about-us/research-and-development
Andritz Inc.,https://www.andritz.com/group-en/about-us/suppliers/direct-material
Andritz Inc.,https://www.andritz.com/group-en/about-us/suppliers/terms-conditions
Andritz Inc.,https://www.andritz.com/group-en/about-us/suppliers/indirect-material
Andritz Inc.,https://www.andritz.com/group-en/about-us/suppliers/scoc-declaration-form
Andritz Inc.,https://www.andritz.com/group-en/about-us/gr-profile-vision-strategy-goals
Andritz Inc.,https://www.andritz.com/group-en/about-us/gr-company-boards/gr-executive-board
Andritz Inc.,https://www.andritz.com/group-en/about-us/gr-company-boards/gr-supervisory-board
Andritz Inc.,https://www.andritz.com/group-en/investors/corporate-governance/directors-dealings
Andritz Inc.,https://www.andritz.com/group-en/investors/investors-downloads/company-presentation
Andritz Inc.,https://www.andritz.com/group-en/about-us/gr-sustainability/gr-social-responsibility
Andritz Inc.,https://www.andritz.com/group-en/about-us/gr-sustainability/gr-economic-sustainability
Andritz Inc.,https://www.andritz.com/group-en/about-us/gr-sustainability/gr-environmental-sustainability
Andritz Inc.,https://www.andritz.com/group-en/investors/corporate-governance/disclosures-in-wiener-zeitung
Andritz Inc.,https://www.andritz.com/group-en/about-us/gr-compliance-startseite/gr-compliance-whistleblowing
Andritz Inc.,https://www.andritz.com/group-en/investors/corporate-governance/notifications-stock-exchange-act
Andritz Inc.,https://www.andritz.com/group-en/about-us/andritz-worldwide?location_continent=66&location_country=64&location_city=
Andritz Inc.,https://www.andritz.com/group-en/about-us/andritz-worldwide?location_continent=228&location_country=98&location_city=
Andritz Inc.,https://www.andritz.com/group-en/about-us/andritz-worldwide?location_continent=228&location_country=172&location_city=
Andritz Inc.,https://www.andritz.com/group-en/about-us/andritz-worldwide?location_continent=228&location_country=170&location_city=
Andritz Inc.,https://www.andritz.com/group-en/about-us/andritz-worldwide?location_continent=84658&location_country=84692&location_city=
Red Hat,https://www.redhat.com/
Red Hat,https://www.redhat.com/en/partners
