Two Blades Foundation,http://2blades.org/
3M Innovative Properties Company,http://3m.com/
Advanced Aqua Group,http://aadvancedaqua.com/
ABB AB,http://abb.com/
AbbVie Inc.,http://abbvie.com/
Google Inc.,http://abc.xyz/
Abengoa Bioenergy New Technologies,http://abengoa.com/
Ablexis,http://ablexis.com/
SII Semiconductor Corporation,http://ablic.com/en/semicon/
ACACIA RESEARCH GROUP LLC,http://acaciaresearch.com/
Access Business Group International LLC,http://accessbusinessgroup.com/
Roche Diagnostics GmbH,http://accu-chek.com/
AccuRay Corporation,http://accuray.com/
ACell,http://acell.com/
Acer Incorporated,http://acer.com/ac/en/US/content/home
ADVANCED CERAMIC FIBERS,http://acfibers.com/index.html
AC International Inc.,http://acinter.com/
Acorn Technologies,http://acorntech.com/
ACUCELA INC.,http://acucela.com/
Achushnet Company,http://acushnetgolf.com/
Adaptive Biotechnologies Corp.,http://adaptivebiotech.com/
ADASA INC.,http://adasa.com/
Adeka Corporation,http://adeka.co.jp/en/
Saint-Gobain Adfors Canada,http://adfors.com/us/
Adhesives Research,http://adhesivesresearch.com/
adidas AG,http://adidas.com/us/
Adlens Beacon,http://adlens.com/
Archer Daniels Midland Company,http://adm.com/
ADMA Products,http://admaproducts.com/#!
Adobe Systems Incorporated,http://adobe.com/
Adtran,http://adtran.com/
Advanced Silicon Group,http://advancedsilicongroup.com/
Advanced Water Technology,http://advancedwatertechnology.com/
Adynxx,http://adynxx.com/
Aerogen,http://aerogen.com/
AFMODEL,http://afmodels.com/
AG ENERGY SOLUTIONS,http://ag.energy/
CMC ICOS BIOLOGICS,http://agcbio.com/
AGC Flat Glass North America,http://agcglass.com/
Agena Bioscience,http://agenabio.com/
AGFA-GEVAERT N.V.,http://agfa.com/corporate/
Agienic,http://agienic.com/
Agilent Technologies,http://agilent.com/
BASF Plant Science GmbH,http://agriculture.basf.com/us/en.html
Agrivida,http://agrivida.com/
AgroFresh Inc.,http://agrofresh.com/
Applied Genetic Technologies Corporation,http://agtc.com/
ADVANCED INNOVATION CENTER LLC,http://aicchile.com/en/
AIR PRODUCTS AND CHEMICALS,http://airproducts.com/
Ajinomoto Althea,http://ajibio-pharma.com/
Akron Polymer Systems,http://akronpolysys.com/
Alcatel Lucent,http://al-enterprise.com/
Alcon Research,http://alcon.com/
Alcotek,http://alcotek.com/
Alencon Acquisition Co.,http://alenconsystems.com/
Alexion Pharmaceuticals,http://alexion.com/
Algenol Biotech LLC,http://algenol.com/
ALGETERNAL TECHNOLOGIES,http://algeternal.com/
Allertein Therapeutics,http://allergytherapeutics.com/
Alliance for Sustainable Energy,http://allianceforsustainableenergy.org/
Allison Transmission,http://allisontransmission.com/
All Power Labs,http://allpowerlabs.com/
PLYCEM USA,http://allurausa.com/
Alnylam Pharmaceuticals,http://alnylam.com/
ALSTOM Technology Ltd,http://alstom.com/
Altivera,http://altabira.com/
AltaRock Energy,http://altarockenergy.com/
Altex Technologies Corporation,http://altextech.com/
Ambature,http://ambature.com/
Amberwave Inc.,http://amberwave.com/
Amgen Fremont Inc.,http://amgen.com/
Amgen Inc.,http://amgen.com/
Amicus Therapeutics,http://amicusrx.com/
Amkor Technology,http://amkor.com/
Ampio Pharmaceuticals,http://ampiopharma.com/
Amprius,http://amprius.com/
AMPT,http://ampt.com/
Princeton Optronics,http://ams.com/
American Science and Technology Corporation,http://amsnt.com/
Amtech Systems,http://amtechsystems.com/
Analog Devices,http://analog.com/en/index.html
Advanced Analogic Technologies,http://analogictech.com/
Andritz Inc.,http://andritz.com/group-en
Angaza Design,http://angaza.com/
Angiotech Pharmaceuticals (US),http://angiotech.com/
Annam Biosciences,http://annambiosciences.com/
Ansun Biopharma,http://ansunbiopharma.com/
Antaya Technologies Corporation,http://antaya.com/
Applied Optoelectronics,http://ao-inc.com/
Alpha and Omega Semiconductor Incorporated,http://aosmd.com/
American Piledriving Equipment,http://apevibro.com/
Apple Inc.,http://apple.com/
Applied Materials,http://appliedmaterials.com/
APPLIED MATERIALS ISRAEL LTD.,http://appliedmaterials.com/
Applied Membrane Technologies,http://appliedmembranetech.com/
APPLIED STEMCELL,http://appliedstemcell.com/
Applied Nanostructures,http://appnano.com/
ARBOR THERAPEUTICS,http://arborpharma.com/
Arcturus Therapeutics,http://arcturusrx.com/
Areesys Technologies,http://areesys.com/
Arkema Inc.,http://arkema.com/en/
Arkival Technology Corp.,http://arkival.com/
Armageddon Energy Inc.,http://armageddonenergy.com/
AROG PHARMACEUTICALS,http://arogpharmaceuticals.com/
Arpin Renewable Energy,http://arpingroup.com/
Arrowhead Center,http://arrowheadcenter.nmsu.edu/
ASCENT SOLAR TECHNOLOGIES,http://ascentsolar.com/
ASM America,http://asm.com/
ASM IP HOLDING B.V.,http://asm.com/
ASM IP Holdings LLC,http://asm.com/
ASML Netherlands B.V.,http://asml.com/asml/en/s427
Astech,http://astech.com/
Advanced Cell Technology,http://astellas.us/therapeutic/rnd/airm.aspx
AstenJohnson,http://astenjohnson.com/
ASTUTE MEDICAL,http://astutemedical.com/
Astex Pharmaceuticals,http://astx.com/
Aurrion,http://asurion.com/
ATC Technologies,http://atctechnologiesinc.com/
Atleisure LLC,http://atleisure.com/
ATOMERA INCORPORATED,http://atomera.com/
Atom Nanoelectronics,http://atomoe.com/
Atonometrics,http://atonometrics.com/
Atotech Deutschland GmbH,http://atotech.com/
Atrium Medical Corporation,http://atriummed.com/
AT&T Corporation,http://att.com/
ATTOSTAT,http://attostat.com/
DNA Twopointo,http://atum.bio/
DNA2.0,http://atum.bio/
Aurora Alage,http://aurorabiofuels.com/
Aushon Biosystems,http://aushon.com/
Auterra,http://auterrainc.com/
Authenex,http://authenex.com/site_en/index.html
Autonomic Materials,http://autonomicmaterials.com/
Avalanche Technology,http://avalanche-technology.com/
Avantor Performance Materials,http://avantorinc.com/
Avertech,http://avertech.com.sg/
Avery Dennison Corporation,http://averydennison.com/
Avon Products,http://avon.com/
Avtaec Limited,http://avtec.in/
The Babcock & Wilcox Company,http://babcock.com/
Babcock Power Services,http://babcockpower.com/
BAE Systems Information and Electronic Systems Integration Inc.,http://baesystems.com/en-us/our-company/inc-businesses/electronic-systems
Banpil Photonics,http://banpil.com/
BASF Coatings GmbH,http://basf-coatings.com/global/ecweb/en/
BASF,http://basf.com/
BASF Corporation ,http://basf.com/
BASF SE,http://basf.com/
Battelle Memorial Institute,http://battelle.org/
Battelle Energy Alliance,http://battelle.org/laboratory-management
Bausch & Lomb Incorporated,http://bausch.com/
Baxter Healthcare SA,http://baxter.com/
Baxter International Inc.,http://baxter.com/
Bayer Materialscience LLC,http://bayer.com/
Becton,http://bd.com/
Accuri Cytometers,http://bdbiosciences.com/us/instruments/research/cell-analyzers/bd-accuri/m/1294932/overview
Beryllium Discovery Corp.,http://be4.com/
Bell Helicopter Textron Inc.,http://bellflight.com/
Bemis Company,http://bemis.com/
BERKEN ENERGY LLC,http://berkenenergy.com/
Bestway,http://bestwaycorp.us/
Baker Hughes Incorporated,http://bhge.com/
Boehringer Ingelheim Vetmedica GmbH,http://bi-vetmedica.com/
Big Belly Solar,http://bigbelly.com/
Bigelow Aerospace,http://bigelowaerospace.com/
Green Box Batteries,http://biggreenbox.com/
Bio-Rad Laboratories,http://bio-rad.com/
Biocare Medical,http://biocare.net/
Biocon Limited,http://biocon.com/
Biogenic Reagents Ventures,http://biogenicreagents.com/
Biological Dynamics,http://biologicaldynamics.com/
BioNano Genomics,http://bionanogenomics.com/
Biosense Webster (Israel) Ltd.,http://biosensewebster.com/
bioTheranostics,http://biotheranostics.com/
Biotta LLC,http://biottajuices.com/
Cleanvantage LLC,http://biovantage.dk/
Bird-B-Gone,http://birdbgone.com/
Bisco,http://biscoind.com/
Bitrode Corporation,http://bitrode.com/
BlackBerry Limited,http://blackberry.com/
Ethox Chemicals,http://blog.ethox.com/
Blue Sea Systems,http://bluesea.com/
NANOBIO CORPORATION,http://bluewillow.com/
Bristol-Myers Squibb Company,http://bms.com/
Boehringer Ingelheim International GmbH,http://boehringer-ingelheim.com/
The Boeing Company,http://boeing.com/
Robert Bosch GmbH,http://bosch.com/
Bostik,http://bostik.com/us/
Boston Scientific Scimed,http://bostonscientific.com/en-US/Home.html
BP Corporation North America Inc.,http://bp.com/en_us/bp-us.html
Braun Intertec Geothermal,http://braunintertec.com/
Brewer Science Inc.,http://brewerscience.com/
Bridgelux,http://bridgelux.com/
Bridgestone Corporation,http://bridgestone.com/
Brightfield Transportation Solutions,http://brightfieldts.com/
BRIGHTLEAF TECHNOLOGIES INC.,http://brightleafpower.com/
BROADCOM CORPORATION,http://broadcom.com/
Brother International Corporation,http://brother-usa.com/
Bruin Biometrics,http://bruinbiometrics.com/us/
Brookhaven Science Associates LLC ,http://bsa-hq.org/
BTU International,http://btutilities.com/
Buckman Laboratories International,http://buckman.com/
Georgia-Pacific Gypsum LLC,http://buildgp.com/georgia-pacific-gypsum
Butamax(TM) Advanced Biofuels LLC,http://butamax.com/
Biotechnology Foundation,http://cabiotech.org/
Cabot Corporation,http://cabotcorp.com/
Cadence Design Systems,http://cadence.com/
Calient Technologies,http://calient.net/
Calysta,http://calysta.com/
Cambridge Electronics,http://cambridgeelectronics.com/
Anelva Corporation,http://canon-anelva.co.jp/english/
Canon U.S. Life Sciences,http://canon-biomedical.com/online/portal/vp7
Bend Research,http://capsugel.com/locations/bend-oregon-usa
CARBO Ceramics Inc.,http://carboceramics.com/about/about-carbo
Carbon3D,http://carbon3d.com/
Cardiva Medical,http://cardivamedical.com/
Carestream Health,http://carestream.com/en/us
Caribou Biosciences,http://cariboubio.com/
Carver Scientific,http://carversci.com/
Cavium,http://cavium.com/
Cbrite Inc.,http://cbriteinc.com/
UTC FIRE & SECURITY CORPORATION,http://ccs.utc.com/ccs/en/worldwide/
Celanese Corporation,http://celanese.com/
Celanese International Corporation,http://celanese.com/
Ticona LLC,http://celanese.com/engineered-materials.aspx
Pharmion Corporation,http://celgene.com/
CellPrint IP Holding,http://cellprintbiotechnology.com/
CELLTRION,http://celltrion.com/en/main.do
Cellular Research,http://cellularresearchinstitute.com/
Saint-Gobain Ceramics & Plastics,http://ceramicmaterials.saint-gobain.com/
Ceramatec,http://ceramtec.com/
CERION LLC,http://cerionadvancedmaterials.com/
Certain-teed Corporation,http://certainteed.com/
Copernicus Therapeutics,http://cgsys.com/
Nippon Chemi-Con Corporation,http://chemi-con.co.jp/e/index.html
Chemtreat,http://chemtreat.com/
Chevron U.S.A. Inc.,http://chevron.com/
Chipmos Technologies Inc.,http://chipmos.com/index-en.aspx
Christie Digital Systems,http://christiedigital.com/en-us/
Chromalox,http://chromalox.com/
CI4 Technologies,http://ci4.us/
Cima NanoTech Israel Ltd.,http://cimananotech.com/
L-3 Communications Cincinnati Electronics Corporation,http://cinele.com/
Cisco Technology,http://cisco.com/
Claret Medical,http://claretmedical.com/
Clean Energy Labs,http://cleanenergylabs.com/
Clearside Biomedical,http://clearsidebio.com/
CLEARSIGN COMBUSTION CORPORATION,http://clearsign.com/
CNH Industrial America LLC,http://cnhindustrial.com/en-us/Pages/Homepage.aspx
Corporation for National Research Initiatives,http://cnri.reston.va.us/
Canon Nanotechnologies,http://cnt.canon.com/
Coactive Drive Corporation,http://coactivehs.com/team/
Codexis,http://codexis.com/
Senga Advisors,http://coengadvisors.com/
Coleman Cable,http://colemancables.com/
Colgate-Palmolive Company,http://colgatepalmolive.com/en-us
Columbia Insurance Company,http://colinsgrp.com/site/
Coloplast A/S,http://coloplast.us/
Combined Energies,http://combined-energies.com/
Complete Genomics,http://completegenomics.com/
Confluence Energy,http://confluenceenergy.com/
Conoco Inc.,http://conoco.com/
ConocoPhillips Company,http://conocophillips.com/
Continental Manufacturing,http://continentalcommercialproducts.com/
Conversant Intellectual Property Management Inc.,http://conversantip.com/
Cook Biotech Incorporated,http://cookbiotech.com/
COOK MEDICAL TECHNOLOGIES LLC,http://cookmedical.com/
CoolEarth Solar,http://coolearthsolar.com/
Cool Planet Energy Systems,http://coolplanet.com/
Cooper Technologies Company,http://coopertechnologies.net/
Coriant Advanced Technology,http://coriant.com/
Cornell Research Foundation,http://cornell.edu/research/
KT Corporation,http://corp.kt.com/eng/
Dentsply International,http://corporate.dentsplysirona.com/en.html
ExxonMobil Upstream Research Company,http://corporate.exxonmobil.com/
ExxonMobil Research and Engineering Company,http://corporate.exxonmobil.com/en/energy/research-and-development
Ford Global Technologies,http://corporate.ford.com/innovation.html
PPG Industries Ohio,http://corporate.ppg.com/Home.aspx
Courtagen Life Sciences,http://courtagen.com/
COVERIS FLEXIBLES US LLC,http://coveris.com/
Chevron Phillips Chemical Company LP,http://cpchem.com/
CP KELCO APS,http://cpkelco.com/
CP Kelco U.S.,http://cpkelco.com/
Community Power Corporation,http://cpwrfcu.org/
Cedar Ridge Research,http://cr-res.com/
Cree,http://cree.com/
Crestovo LLC,http://crestovo.com/
Centre de Recherche Industrielle du Quebec,http://criq.qc.ca/fr/
Cristal USA Inc.,http://cristal.com/
Bayer Cropscience AG,http://cropscience.bayer.com/
Crossbar,http://crossbar-inc.com/en/
Cross Match Technologies,http://crossmatch.com/
Crystalplex Corporation,http://crystalplex.com/
CSEM Centre Suisse d'Electronique et de Microtechnique SA-Recherche et Developpement,http://csem.ch/
Commonwealth Scientific & Industrial Research Organization,http://csiro.au/
CUMMINS FILTRATION IP,http://cumminsfiltration.com/
Cura Vac,http://curavac.com/
Custom Electronics Inc.,http://customelec.com/#!
CYBERCITY 3D,http://cybercity3d.com/
CyboEnergy,http://cyboenergy.com/
Cypress Semiconductor Corp.,http://cypress.com/
Daikin Industries,http://daikin.com/
Dana-Farber Cancer Institute,http://dana-farber.org/
Dana Corporation,http://dana.com/
Danisco US Inc.,http://danisco.com/food-beverages/
Daylight Solutions,http://daylightsolutions.com/
Da Yu Enterprises,http://dayuenterprises.com/
DECA Technologies Inc.,http://decatechnologies.com/
Deep Science,http://deepscience.ai/
DEKA Products Limited Partnership,http://dekaresearch.com/
Delavau LLC,http://delavaufood.com/
Delphi Technologies,http://delphi.com/new-delphi-technologies
Delta Electronics,http://deltaww.com/
Great American Duck Races,http://demingduckrace.com/
Denso Corporation,http://denso.com/global/en/
DePuy Synthes Products,http://depuysynthes.com/
Dermazone Solutions,http://dermazone.com/
Dexerials Corporation,http://dexerials.jp/en/
GE Healthcare Dharmacon,http://dharmacon.horizondiscovery.com/
DHPC TECHNOLOGIES,http://dhpctech.com/
Dialight Corporation,http://dialight.com/
Dialogic Corporation,http://dialogic.com/
DIC Corporation,http://dictionary.com/
DiscoveRx Corporation,http://discoverx.com/home
DISCOVERYBIOMED INC.,http://discoverybiomed.com/
SAMSUNG DISPLAY CO.,http://displaysolutions.samsung.com/
Dolby Laboratories Licensing Corporation,http://dolby.com/us/en/professional/licensing.html
Domtar Paper Company,http://domtar.com/en
Dow Global Technologies Inc.,http://dow.com/en-us
Dow Technology Investments LLC,http://dow.com/en-us
Rohm and Haas Chemicals LLC,http://dow.com/en-us
Rohm and Haas Company,http://dow.com/en-us
Dow Corning Corporation,http://dow.com/en-us/dow-corning-integration
Dow AgroSciences LLC,http://dowagro.com/en-us/
Rohm and Haas Electronic Materials LLC,http://dowelectronicmaterials.com/
The Charles Stark Draper Laboratory,http://draper.com/
Dresser-Rand Company,http://dresser-rand.com/
Dr. Reddy's Laboratories Ltd.,http://drreddys.com/
DSP Group LTD.,http://dspg.com/
Deployable Space Systems,http://dss-space.com/
E. I. du Pont de Nemours and Company,http://dupont.com/
E. I. du Pont de Nemours and Company duPont Displays Inc,http://dupont.com/
E.I. du Pont de Nemours and Company,http://dupont.com/
Pioneer Hi Bred International Inc,http://dupont.com/corporate-functions/our-company/businesses/pioneer.html
Pioneer Hi-Bred,http://dupont.com/corporate-functions/our-company/businesses/pioneer.html
Pioneer Hi-Bred International,http://dupont.com/corporate-functions/our-company/businesses/pioneer.html
D-Wave Systems Inc.,http://dwavesys.com/
Dymax Corporation,http://dymax.com/
Dynamic Solutions Worldwide,http://dynatrap.com/
Easel Biotechnologies,http://easelbio.com/
The Eastern Co.,http://easterncompany.com/
Eastman Chemical Company,http://eastman.com/Pages/Home.aspx
Solutia Inc.,http://eastman.com/Pages/solutia.aspx
Eaton Corporation,http://eaton.com/us/en-us.html
Echogen Power Systems,http://echogen.com/
EchoStar Technologies LLC,http://echostar.com/
Ecolab Inc.,http://ecolab.com/
Nalco Company,http://ecolab.com/nalco-water
ECOSYNTHETIX LTD.,http://ecosynthetix.com/
Ecovative Design,http://ecovativedesign.com/
SolarLego Inc.,http://education.lego.com/en-us/products/lego-solar-panel/9667
Egenera,http://egenera.com/
E Ink Corporation,http://eink.com/
Eisai Co.,http://eisai.com/index.html
Express Imaging Systems,http://eiscallcenter.com/
ElectraTherm,http://electratherm.com/
Electrix,http://electrixillumination.com/
Electrovaya Inc.,http://electrovaya.com/
Element One,http://elementonescreens.com/
Elenion Technologies,http://elenion.com/
Elwha LLC,http://elwha.org/
Em-Tech LLC,http://em-techinc.com/
EMC Corporation,http://emcins.com/
EMD Technologies Inc.,http://emd-technologies.com/
Empire Technology Development LLC,http://empirelabauto.com/index.html
Lumenco,http://en.lumenco.ca/
EPCOS AG,http://en.tdk-electronics.tdk.com/
Energen,http://energen.com/
Energysolutions,http://energysolutions.com/
Quallion LLC,http://enersys.com/default.aspx?langType=1033
OPTERRA ENERGY SERVICES,http://engieservices.us/
Enginuity Worldwide,http://enginuityww.webstarts.com/
Englewood Lab,http://englewoodlab.com/
ENI S.p.A.,http://eni.com/en_IT/home.page
ENI Technology,http://eni.com/en_IT/innovation.page
eNow,http://enowenergy.com/
Ensyn Renewables,http://ensyn.com/
Entech Solar,http://entechsolutions.us/
Entegris,http://entegris.com/
CAMBRIDGE ENTERPRISE LIMITED,http://enterprise.cam.ac.uk/
InVisage Technologies,http://envisagenow.com/
Envisionit LLC,http://envisionit.com/
Envision Solar International,http://envisionsolar.com/
BASF Enzymes LLC,http://enzymes.basf.com/
Epizyme,http://epizyme.com/
ESCAPE THERAPEUTICS,http://escapetherapeutics.com/
Esolar,http://esolar.solar/
Ethicon Endo-Surgery,http://ethicon.com/
Evri,http://everi.com/
Evernote Corporation,http://evernote.com/
Everspin Technologies,http://everspin.com/
Evoqua Water Technologies LLC,http://evoqua.com/
Electronic Warfare Associates,http://ewa.com/
Extech/Exterior Technologies,http://extechinc.com/
ExxonMobil Chemical Patents Inc.,http://exxonmobilchemical.com/en
Faurecia Interior Systems,http://faurecia.com/en
Federal Signal Corporation,http://federalsignal.com/
FEI Company,http://fei.com/careers/
Ferro Corporation,http://ferro.com/
Fike Corporation,http://fike.com/
Fina Technology,http://finatg.com/
Finisar Corporation,http://finisar.com/
First Solar,http://firstsolar.com/
Flextronics AP,http://flex.com/
FLIR Systems,http://flir.com/
Floadia Corporation,http://floadia.com/
FLOW CONTROL LLC.,http://flowcontrol.com/
Fluidigm Corporation,http://fluidigm.com/
Forest Concepts,http://forestconcepts.com/
Formula Plastics,http://formulaplastics.com/
Hon Hai Precision Industry Co.,http://foxconn.com/
FPInnovations,http://fpinnovations.ca/
FRONT EDGE TECHNOLOGY INC.,http://frontedgetechnology.com/
Fuji Electric Co.,http://fujielectric.com/
FUJIFILM Corporation,http://fujifilm.com/
FUJIFILM Dimatix,http://fujifilmusa.com/products/industrial_inkjet_printheads/index.html
Fujitsu Limited,http://fujitsu.com/global/
Fujitsu Semiconductor Limited,http://fujitsu.com/jp/group/fsl/en/
Fuji Xerox Co.,http://fujixerox.com/eng
FULL CIRCLE BIOCHAR,http://fullcirclebiochar.com/
Furukawa Electric Co.,http://furukawa.co.jp/en/
fybr,http://fybr.com/
Galectin Therapeutics,http://galectintherapeutics.com/
Galemed Corporation,http://galemed.com/manager/eService/RC08-all_0225.pdf
GangaGen,http://gangagen.com/
Gardner-Gibson,http://gardner-gibson.com/
Garland Industries,http://garlandco.com/
Bi-Modal Corporation,http://gartner.com/it-glossary/bimodal
Gas Technology Institute,http://gastechnology.org/
GCP Applied Technologies Inc.,http://gcpat.com/en
GENERAL ELECTRIC COMPANY,http://ge.com/
GED Intergrated Solution,http://gedusa.com/
GE Healthcare Limited,http://gehealthcare.com/
Gemex Systems,http://gemex.com/
Genentech,http://gene.com/
Genesco Inc.,http://genescopartners.com/
Genisphere,http://genisphere.com/
Genomatica,http://genomatica.com/
Genomic Health,http://genomichealth.com/
GIGA SOLAR FPC,http://gigasolarpv.com/
Gilead Sciences,http://gilead.com/
Gilead Connecticut,http://gileadcs.org/
GlassPoint Solar,http://glasspoint.com/
GLIKNIK INC.,http://gliknik.com/
Sumitomo Electric Industries,http://global-sei.com/
Canon Kabushiki Kaisha,http://global.canon/en/index.html
Seiko Epson Corporation,http://global.epson.com/
TDK Corporation,http://global.tdk.com/corp/en/index.htm
Global Eagle Entertainment Inc.,http://globaleagle.com/
Global Filtration Systems,http://globalfiltrationsystems.com/
GLOBALFOUNDRIES Inc.,http://globalfoundries.com/
Global OLED Technology LLC,http://globaloledtech.com/
Globus Medical,http://globusmedical.com/
Glucan Biorenewables LLC,http://glucanbio.com/
GLYCON LLC,http://glycon.com/
GENERAL MOTORS LLC,http://gm.com/
GOAL ZERO LLC,http://goalzero.com/
GOJO Industries,http://gojo.com/
GOLBA LLC,http://golba.com/
Tanaka Kikinzoku Kogyo K.K.,http://gold.tanaka.co.jp/english/
G.D.O. Inc,http://golfdigest.co.jp/
The Goodyear Tire & Rubber Company,http://goodyear.com/
GOSOLARLIFE,http://gosolarlife.com/
GENCO SCIENCES LLC,http://gpen.com/
Gracenote,http://gracenote.com/
Grain Processing Corporation,http://grainprocessing.com/
Gram Power,http://grampower.com/about-us/
Grandis Inc.,http://grandis.com/
Graphene Technologies,http://graphenetechnologies.com/
Green Extraction Technologies,http://greenextractiontechnologiesllc.com/
Green Solar Transportation,http://greensolartransport.com/
Greyrock Energy,http://greyrock.com/
GROW ENERGY,http://growenergy.org/
GlaxoSmithKline Biologicals,http://gsk.com/
Global Solar Water Power Systems,http://gswps.com/
Gtech Corporation,http://gtech.co.uk/
GTherm,http://gtherm.net/
Guardian Industries,http://guardian.com/en/index.html
SunEdison Semiconductor Limited,http://gw-semi.com/
Hadasit Medical Research Services & Development Company Ltd.,http://hadasit.co.il/
Halliburton Energy Services,http://halliburton.com/en-US/default.html
HAMAMATSU PHOTONICS K.K.,http://hamamatsu.com/jp/en/index.html
HARMAN INTERNATIONAL INDUSTRIES,http://harman.com/
Harris Corporation,http://harris.com/
H R D CORPORATION,http://haywardrec.org/
Headway Technologies,http://headway.com/
Heat Seal LLC,http://heatsealco.com/
Heidelberger Druckmaschinen AG,http://heidelberg.com/
Heliae Development,http://heliae.com/
Helios Focus LLC,http://heliosfocus.com/
Henkel AG & Co. KGaA,http://henkel.com/
Heraeus Precious Metals North America Conshohocken LLC,http://heraeus.com/us/group/home/home.aspx
HGST NETHERLANDS B.V.,http://hgst.com/
HIQ SOLAR,http://hiqsolar.com/
Hitachi High-Technologies Corporation,http://hitachi-hightech.com/global/
Hitachi,http://hitachi.com/
Hitachi Metals,http://hitachimetals.com/
The Henry M. Jackson Foundation for the Advancement of Military Medicine,http://hjf.org/
HM3 Energy,http://hm3energy.com/
HNO Greenfuels,http://hnogreenfuels.com/
Hollingsworth & Vose Company,http://hollingsworth-vose.com/
Hollywood Trucks,http://hollywoodtrucksllc.com/
GEN-PROBE INCORPORATED,http://hologic.com/
Honda Motor Co.,http://honda.com/
Honeywell International Inc.,http://honeywell.com/
Hosiden Corporation,http://hosiden.com/
HOWARD INDUSTRIES,http://howard-ind.com/
Hoya Corporation,http://hoyavision.com/
Hewlett Packard Enterprise Development LP,http://hpe.com/us/en/home.html
HRL Laboratories,http://hrl.com/
HTC Corporation,http://htc.com/us/
HTS,http://htstechnologies.com/
Narsys,http://www.narsystech.com/
Texas Instruments Deutschland GmbH,http://www.ti.com/
King Electric Vehicles Inc.,https://king-electric.com/
FutureWei Technologies,http://huawei.com/us/
Humanetics Corporation,http://humaneticsatd.com/
Hunt Energy Enterprises LLC,http://huntenergyenterprises.com/
Hunter Douglas Inc.,http://hunterdouglas.com/
Diamond Innovations,http://hyperionmt.com/
Hysitron Incorporated,http://hysitron.com/
Hyundai Motor Company,http://hyundaiusa.com/
The Iams Company,http://iams.com/
iBio,http://ibioinc.com/
International Business Machines Corporation,http://ibm.com/us-en/
IDEALAB,http://idealab.com/
Ideal Power Inc.,http://idealpower.com/
IDEA TREE,http://ideatreepromos.com/
IDEX Health & Science LLC,http://idex-hs.com/
Integrated Device Technology,http://idt.com/
Integrated DNA Technologies,http://idtdna.com/
Ignis Innovation,http://ignisinnovation.com/
Innovation Hammer,http://ihammerllc.com/
II-VI Incorporated,http://ii-vi.com/
NanoOncology,http://iinano.org/nanooncology
Intellectual Keystone Technology LLC,http://ikt.us.com/
IMDS Corporation,http://imds-ohio.com
IMEC,http://imec.org/
Immunolight,http://immunolight.com/
Imperial Innovations Limited,http://imperialinnovations.co.uk/
IMRA America,http://imra.com/
B.G. Negev Technologies and Applications Ltd.,http://in.bgu.ac.il/en/bgn/Pages/default.aspx
Inaeris Technologies,http://inaeristech.com/
iNanoBio LLC,http://inanobio.com/
Incept LLC,http://inceptresults.com/
Incyte Holdings Corporation,http://incyte.com/
American Air Liquide,http://industry.airliquide.us/
INENTEC INC.,http://inentec.com/
Infineon Technologies AG,http://infineon.com/
Infineon Technologies Americas Corp.,http://infineon.com/
Infinera Corporation,http://infinera.com/
INFINEUM INTERNATIONAL LIMITED,http://infineum.com/
Innolux Corporation,http://innolux.com/Pages/EN/Index_EN.html
Inphenix,http://inphenix.com/
Instron Corporation ,http://instron.us/en-us?region=North%20America
Greatbatch Ltd.,http://integer.net/
Intel Corporation,http://intel.com/content/us/en/homepage.html
Interez,http://interez.sk/
Interface Performance Materials,http://interfacematerials.com/products/
Intermolecular,http://intermolecular.com/
INTEVAC,http://intevac.com/
Integrated Nano-Technologies,http://intpalladium.com/
IntriEnergy Inc.,http://intrienergy.com/#!
Intuitive Surgical Operations,http://intuitive.com/
Invensas Corporation,http://invensas.com/
Ziptronix,http://invensas.com/
Inventus Holdings,http://inventusholdings.com/
aTyr Pharma,http://investors.atyrpharma.com/
InView Technology Corporation,http://inview.tv/
INVISTA North America S.a.r.l.,http://invista.com/
Iogen Corporation,http://iogen.ca/
Isis Pharmaceuticals,http://ionispharma.com/
Ion Power Group,http://ionpowergroup.com/
Quest Diagnostics Investments Incorporated,http://ir.questdiagnostics.com/
Industrial Science & Technology Network,http://istninc.com/home.htm
International Technology Center,http://itc-inc.org/
ITN Energy Systems,http://itnes.com/
Industrial Technology Research Institute,http://itri.org.tw/eng/
Illinois Tool Works,http://itw.com/
Ivoclar Vivadent AG,http://ivoclarvivadent.com/
JOLED Inc.,http://j-oled.com/
JAC Products Inc.,http://jacproducts.com/
Janssen Biotech,http://janssen.com/
The Jackson Laboratory,http://jax.org/
J. E. WHITE,http://jewhites.com.au/
JFE STEEL CORPORATION,http://jfe-steel.co.jp/en/
Johnson & Johnson Vision Care,http://jjvision.com/
Johns Manville,http://jm.com/
JNC Corporation,http://jncwheels.com/
Johnson & Johnson Consumer Companies,http://jnj.com/healthcare-products/consumer
Johnson Controls Technology Company,http://johnsoncontrols.com/about-us/our-company
JSR Corporation,http://jsr.vccs.edu/
k-Space Associates,http://k-space.com/
Kajima Corporation,http://kajimausa.com/
Kala Pharmaceuticals,http://kalarx.com/
Kamtec,http://kamtec.co.uk/
Kaneka Corporation,http://kaneka.co.jp/en/
Kansai Paint Co.,http://kansai.com/
Kashiv Pharma,http://kashivpharma.com/
Kemira OY,http://kemira.com/
Kerr Corporation,http://kerrdental.com/
Kia Motors Corporation ,http://kia.com/us/en/home
Fenwal,http://kidde-fenwal.com/
Kimberly-Clark Worldwide,http://kimberly-clark.com/en-us
Kinestral Technologies,http://kinestral.com/
Kinetech Power Company LLC,http://kinetechpower.com/
KINO LLC,http://kinolorber.com/
Kiverdi,http://kiverdi.com/
KJ BIOSCIENCES LLC,http://kjbiosciences.com/
KLA-Tencor Corporation,http://kla-tencor.com/
Kobe Steel,http://kobelco.co.jp/english/
Koch Biological Solutions,http://kochbiologicalsolutions.com/
Eastman Kodak Company,http://kodak.com/us/en/corp/default.htm
Kodak Alaris Inc.,http://kodakalaris.com/
KOLO TECHNOLOGIES,http://kolomedical.com/
KOLON INDUSTRIES,http://kolonindustries.com/eng/main.asp
Kraton Polymers U.S. LLC,http://kraton.com/
KR Design House,http://krdesignhouse.com/
Kronos International Inc,http://kronos.com/
K.S. INTERNATIONAL CO.,http://ksandco.com/
KUBIX INC.,http://kuebix.com/
Kulite Semiconductor Products,http://kulite.com/
Korea Kumho Petrochemical Co.,http://kumhopetrochemical.lookchem.com/
Kureha Corporation,http://kureha.co.jp/en/
KYOCERA DOCUMENT SOLUTIONS INC.,http://kyoceradocumentsolutions.com/
Lake Lite,http://lakelite.com/
Lam Research Corporation,http://lamresearch.com/
Novellus Systems,http://lamresearch.com/
Landauer,http://landauer.com/
Los Alamos National Security,http://lansllc.com/
Laserline Mfg.,http://laserlinemfg.com/
LATITUDE PHARMACEUTICALS INC.,http://latitudepharma.com/
Lattice Semiconductor Corporation,http://latticesemi.com/
Leap Frogg,http://leapfrog.com/en-us/home
Lehigh Technologies,http://lehightechnologies.com/
DRS Network & Imaging Systems,http://leonardodrs.com/
Lextar Electronics Corp.,http://lextar.com/?sn=32&lang=en-US
LG Electronics Inc.,http://lg.com/us
LG Display Co.,http://lgdisplay.com/eng/main
LGS Innovations LLC,http://lgsinnovations.com/
LG NANOH2O,http://lgwatersolutions.com/en/main
Longhorn Vaccines and Diagnostics,http://lhnvd.com/news#!
LifeNet Health,http://lifenethealth.org/
Linne Industries LLC,http://linneindustries.com/
Lintec Corporation,http://lintec-global.com/
Lion Copolymer Geismar,http://lionelastomers.com/
LIQUID X PRINTED METALS,http://liquid-x.com/
Liquidia Technologies,http://liquidia.com/
Litron Laboratories Limited,http://litronlabs.com/
Little Kids,http://littlekidsinc.com/
Cyberonics,http://livanova.cyberonics.com/
Livetv,http://livetv.sx/enx/
Lawrence Livermore National Security,http://llnsllc.com/
Lockheed Martin Corporation,http://lockheedmartin.com/en-us/index.html
Locus Energy,http://locusenergy.com/
Lof Solar Corporation,http://lofsolar.com/
Lovelace Respiratory Research Institute,http://lrri.org/
LUCERA LABS,http://luceralabs.com/
Matrix Genetics,http://lumenbioscience.com/
Lumentum Operations LLC,http://lumentum.com/en
Gestion Ultra International Inc.,http://luminultra.com/
Luna Innovations Incorporated,http://lunainc.com/
Lux Bio Group,http://luxbiogroup.com/
Basell Polyolefine GmbH,http://lyondellbasell.com/
Mitsubishi Polyester Film,http://m-petfilm.com/
MATERIALS ANALYSIS TECHNOLOGY (US) CORP.,http://ma-tek.com/about_us.php?act=rd
Macronix International Co.,http://macronix.com/en-us/Pages/default.aspx
Magna International Inc.,http://magna.com/
Magnachip Semiconductor,http://magnachip.com/
Magnolia Optical Technologies,http://magnoliaoptical.com/
Magnolia Solar,http://magnoliasolar.com/
Magnolia Solar,http://magnoliasolar.com/
MAHLE International GmbH,http://mahle.com/
Mainstream Engineering Corp.,http://mainstream-engr.com/
Manta Instruments,http://mantainc.com/
Marathon Equipment Company,http://marathonequipment.com/
Marine Biotech Inc.,http://marinebiotech.eu/
Marine Polymer Technologies,http://marinepolymer.com/
Markel Corporation,http://markelcorp.com/
Masimo Semiconductor,http://masimosemiconductor.com/masimo-semiconductor/
Materia,http://materia-inc.com/
Johnson Matthey PLC,http://matthey.com/
Mattson Technology,http://mattson.com/
Maxim Integrated Products,http://maximintegrated.com/en.html
MAXLINEAR,http://maxlinear.com/
Maxout Renewables,http://maxoutrenewables.com/
MONTEREY RESEARCH,http://mbari.org/
MBC Ventures,http://mbc.net/en/corporate/ventures/about
Michigan Biotechnology Institute,http://mbi.org/
McAlister Technologies,http://mcallister.com/
McElroy Manufacturing,http://mcelroy.com/
MCI,http://mci.com/mcihome.jsp
Medical Diagnostic Laboratories,http://mdlab.com/
Medgenics Medical Israel Ltd.,http://medgenics.com/
Mediatek Inc.,http://mediatek.com/
Medicis Pharmaceutical Corporation,http://medicis.com/
MEDport,http://medport.com/
MERCK SHARP & DOHME CORP.,http://merck.com/index.html
Merck Patent GmbH,http://merck.com/product/patent/home.html
Biosphere Medical,http://merit.com/interventional-oncology-spine/embolotherapy/
Meso Scale Technologies,http://mesoscale.com/
Handstand Innovations,http://messagewrap.com/
MIETAMARK GENETICS,http://metamarkgenetics.com/
Met Tech Inc.,http://mettech.us/
Meyer Tool,http://meyertool.com/
Michelin Recherche et Technique S.A.,http://michelin.com/eng
Microchip Technology Incorporated,http://microchip.com/
Microchips Biotech,http://microchipsbiotech.com/
MicroContinuum,http://microcontinuum.com/
Micro Cooling Concepts,http://microcoolingconcepts.com/
Micron Technology,http://micron.com/
U S MICROPOWER INC,http://micropower-group.com/
Microsemi SoC Corporation,http://microsemi.com/
MICROSOFT TECHNOLOGY LICENSING,http://microsoft.com/en-us/legal/intellectualproperty/mtl/default.aspx
Midori USA,http://midorihealth.com/
Midrex Technologies,http://midrex.com/
MILLENIUM SYNTHFUELS CORPORATION,http://milleniumsynthfuels.com/
Milliken & Company,http://milliken.com/
Minebea Co.,http://minebeamitsumi.com/english/
MirTech,http://mirtechusa.com/
Mission Product Holdings,http://mission.com/
Mitsubishi Metal Corporation,http://mitsubishicorp.com/jp/en/bg/metals/
Mitsubishi Electric Corporation,http://mitsubishielectric.com/
MicroLink Devices,http://mldevices.com/
Abbott Molecular Inc.,http://molecular.abbott/
Ibis Biosciences,http://molecular.abbott/int/en/home
Molecular Rebar Design,http://molecularrebar.com/
Momentive Performance Materials GmbH,http://momentive.com/en-US/
Momentive Performance Materials Inc.,http://momentive.com/en-US/
Monolithe Semiconductor Inc.,http://monolithsemi.com/
MonoSol,http://monosol.com/
Monsanto Technology LLC,http://monsanto.com/products/product-stewardship/technology-use-guides/
Morpho,http://morpho.com/en
Moxtek,http://moxtek.com/
Mumetel,http://mumetel.com/index.html
Murata Manufacturing Co.,http://murata.com/
Musco Corporation,http://musco.com/
Pioneer Energy,http://mypioneerenergy.com/
Warsaw Orthopedic,http://mywarsaw.net/
NanoLab,http://nano-lab.com/
Nanomix,http://nano.com/
NANO CELL SYSTEMS,http://nanocellsystems.com
nanoComposix,http://nanocomposix.com/
Nanocopocia,http://nanocopoeia.com/
Nanoco Technologies,http://nanocotechnologies.com/
NanoGram Corporation,http://nanogram.com
NanoMech,http://nanomech.com/
NANOPHTHALMICS,http://nanophthalmics.com/
Nanoquantum Sciences,http://nanoquantum.com/
FastCAP Systems Corporation,http://nanoramic.com/
Nanoridge Materials,http://nanoridge.com/
Nanospectra Biosciences,http://nanospectra.com/
Nanosys,http://nanosysinc.com/
Nanotech Biomachines,http://nanotechbio.com/
NanoTech Lubricants,http://nanotechlubricantsinc.com/Home.html
Nanotek Instruments,http://nanotekinstruments.com/
Nantero,http://nantero.com/
National Education Corporation,http://nationaleducation.com/
Nationwide Children's Hospital,http://nationwidechildrens.org/
Child Laboratories Inc.,http://nationwidechildrens.org/specialties/laboratory-services
Nthdegree Technologies Worldwide Inc.,http://ndeg.com/
New England Biolabs,http://neb.com/
NEC Corporation,http://nec.com/
NeoPhotonics Corporation,http://neophotonics.com/
NeoVision LLC,http://neovisiongroup.com/
Nestec S. A.,http://nestle.com/
NetApp,http://netapp.com/us/index.aspx
Neumedicines,http://neumedicines.com/
NeuMoDx Molecular,http://neumodx.com/
Neural Signals,http://neuralsignals.com/
ABB Technology Ltd.,http://new.abb.com/about/technology
ABB Research Ltd.,http://new.abb.com/about/technology/corporate-research-centers/corporate-research-center-united-states
Sirnaomics,http://new.sirnaomics.com/
NEWFIELD THERAPEUTICS CORPORATION,http://newfieldthera.com/
Newdoll Enterprises LLC,http://newholdllc.com/
Newlans,http://newlans.com/
Newport Corporation,http://newport.com/
New Technology Ventures,http://newtechvc.com/
Nexcom Technology,http://nexcom.com/
AVOGY,http://nexgenpowersystems.com/
NGK Spark Plug Co.,http://ngksparkplugs.com/
Nanoholdings,http://nh2.com/
NICHIA CORPORATION,http://nichiha.com/
Nikon Corporation,http://nikon.com/
Nissan Motor Co.,http://nissan-global.com/EN/
Nissan North America,http://nissanusa.com/about/corporate-information.html
Fianium Ltd.,http://nktphotonics.com/
nLIGHT,http://nlight.net/
nLIGHT Photonics Corporation,http://nlight.net/
JX Nippon Mining & Metals Corporation,http://nmm.jx-group.co.jp/english/
The Samuel Roberts Noble Foundation,http://noble.org/
Nokia Corporation,http://nokia.com/
Nokia Technologies Oy,http://nokia.com/
Nokomis,http://nokomisinc.com/
Nordic Technologies,http://nordic-technologies.com/
Nordson Corporation,http://nordson.com/
Northrop Grumman Systems Corporation,http://northropgrumman.com/
NCC Nano,http://novacentrix.com/
NOVA Chemicals (International) S.A.,http://novachem.com/pages/home.aspx
NOVA PANGAEA TECHNOLOGIES LIMITED,http://novapangaea.com/
Novartis AG,http://novartis.com/
NovaSolix,http://novasolix.com/
Nova Technologies,http://novatechnologies.com/
Novon,http://novon.com/
Novozymes A/S,http://novozymes.com/
Novozymes Inc.,http://novozymes.com/
Novozymes North America,http://novozymes.com/en/north-america
Novus Energy LLC,http://novusenergy.ca/index.php?page=investor_documents_news_release
Novus Technology,http://novustek.net/
SEIKO NPC Corporation,http://npc.co.jp/en/
Neutronic Perpetual Innovations,http://npimobile.com/
GE-Hitachi Nuclear Energy Americas LLC,http://nuclear.gepower.com/
mVerify Corporation,http://numverify.com/
NuOrtho Surgical,http://nuortho.com/
Nutech Ventures,http://nutechventures.org/
U.S. NUTRACEUTICALS,http://nutraceutical.com/
Pentair Thermal Management LLC,http://nventthermal.com/
Nvidia Corporation,http://nvidia.com/page/home.html
Northwest Biotherapeutics,http://nwbio.com/
Freescale Semiconductor,http://nxp.com/
NXP USA,http://nxp.com/
Owens-Brockway Glass Container Inc.,http://o-i.com/
OAS Design Group,http://oasdesigngroup.com/
O.B.I. Inc.,http://obi.org/
Oceanit Laboratories,http://oceanit.com/
Oculus VR,http://oculus.com/
OFS Fitel,http://ofsoptics.com/
Oki Data Corporation,http://oki.com/us/printing/
Universal Display Corporation,http://oled.com/
Olympus NDT,http://olympus-ims.com/en/
OLYMPUS CORPORATION,http://olympusamerica.com/
Omron Corporation,http://omron.com/
One Earth Designs Inc.,http://oneearthdesigns.com/
Fairchild Semiconductor Corporation,http://onsemi.com/
Opel Solar,http://opelinc.com/
Optodot Corporation,http://optodot.com/
Oracle International Corporation,http://oracle.com/index.html
Photon Dynamics,http://orbotech.com/
OrbusNeich Medical,http://orbusneich.com/
MICROMIDAS,http://originmaterials.com/
Ormat Technologies Inc.,http://ormat.com/en/home/a/main/
Chevron Oronitz Company LLC,http://oronite.com/
Ortho-Clinical Diagnostics,http://orthoclinicaldiagnostics.com/
OSI Optoelectronics,http://osioptoelectronics.com/
Ostendo Technologies,http://ostendo.com/
OTSUKA PHARMACEUTICAL CO.,http://otsuka.co.jp/en/
OmniVision Technologies,http://ovt.com/
Pacific Biosciences of California,http://pacb.com/
PACCAR Inc,http://paccar.com/
Pacific Light Technologies,http://pacificlighttech.com/
VINYLAST,http://palisaderail.com/
Sanyo Electric Co.,http://panasonic.com/global/corporate/profile/group-companies/sanyo.html
Paratek Pharmaceuticals,http://paratekpharma.com/
Palo Alto Research Center Incorporated,http://parc.com/
Pardev,http://pardev.com/
Parion Sciences,http://parion.com/
Parker-Hannifin Corporation,http://parker.com/
PAX Scientific,http://paxscientific.com/
The Paymaster Corporation,http://paymaster.com/
Professional Compounding Centers of America,http://pccarx.com/
PDF Solutions,http://pdf.com
Pegatron Corporation,http://pegatroncorp.com/
PELLION TECHNOLOGIES,http://pelliontech.com/
Pendar Technologies,http://pendar.com/
Pentron Clinical Technologies,http://pentron.com/
Performance Plants,http://performanceplants.com/
Perkinelmer Holdings,http://perkinelmer.com/
PetraSolar,http://petrasystems.com/
PeterBrod Corp.,http://petroblend.com/
Peytant Solutions,http://peytant.com/
Pfizer Inc.,http://pfizer.com/
The Procter & Gamble Company,http://pg.com/
Pharmatrophix,http://pharmatrophix.com/
Phillips 66 Company,http://phillips66.com/
UOP LLC,http://phoenix.edu/
Phoseon Technology,http://phoseon.com/
Pacific Industrial Development Corporation,http://pidc.com/
Piksel,http://piksel.com/
Karsten Manufacturing Corporation,http://ping.com/
Pinnacle Technology,http://pinnacle-technology.com/
Pixar,http://pixar.com/
Pixelligent Technologies,http://pixelligent.com/
Plant Sensory Systems,http://plantsensorysystems.com/
Plasma-Therm,http://plasmatherm.com/
Foret Plasma Labs,http://plasmawhirl.com/
Saint-Gobain Performance Plastics Corporation,http://plastics.saint-gobain.com/
PLEX LLC,http://plex.tv/
PluroGen Therapeutics,http://plurogen.com/
PNM,http://pnm.com/
POET Research,http://poet.com/scotland
Abbott Point of Care Inc.,http://pointofcare.abbott/us/en/home
POLAR LIGHT TECHNOLOGIES AB,http://polar-light-technologies.com/
Polaris Products LLC,http://polaris.com/en-us
Poly-Med,http://poly-med.com/
PolyOne Corporation,http://polyone.com/
PolyPlus Battery Company,http://polyplus.com/
Polysar Corporation,http://polystar.com/
PortaFire,http://port-a-fire.ca/
POSiFA MICROSYSTEMS,http://posifamicrosystems.com/
Power Integrations,http://power.com/
Strategic Solar Energy,http://powerparasol.com/
PQ CORPORATION,http://pqcorp.com/
Propagation Research Associates,http://pra-corp.com/
Praxair S.T. Technology,http://praxair.com/
Praxair Technology,http://praxair.com/
Previvo Genetics,http://previvo.com/
Production Resource Group,http://prg.com/
Semics Inc.,http://prober.com/semics-opus3-prober/
Prosoft International,http://prosoft-technology.com/
Proterra Inc.,http://proterra.com/
Proton Power,http://protonpower.com/
PTC Therapeutics,http://ptcbio.com/
Pulse Therapeutics,http://pulsetherapeutics.com/
Pyrexar Medical Inc.,http://pyrexar.com/
Qiagen GmbH,http://qiagen.com/us/
Quantum Materials Corporation,http://qmcdots.com/
RF Micro Devices,http://qorvo.com/
QUALCOMM Incorporated,http://qualcomm.com/
QUALCOMM MEMS Technologies,http://qualcomm.com/
Qualsig Inc.,http://qualsig.com/
Quantapore,http://quantapore.com/
Quantum Devices,http://quantumdev.com/
QuantumScape Corporation,http://quantumscape.com/
Dell Software Inc.,http://quest.com
RADIANCE SOLAR,http://radiancesolar.com/
Renewable Algal Energy,http://rae-energy.com/
R.A. Miller Industries,http://rami.com/
Rapamycin Holdings,http://rapamycinholdings.com/
Raytheon Company,http://raytheon.com/
Raytheon BBN Technologies Corp.,http://raytheon.com/ourcompany/bbn
Rebellion Photonics,http://rebellionphotonics.com/
Red Hat,http://redhat.com/en
Redwood Systems,http://redwoodsystemsgroup.com/
Regeneron Pharmaceuticals,http://regeneron.com/
Reliance Controls Corporation,http://reliancecontrols.com/
Relypsa,http://relypsa.com/
Renesas Electronics Corporation,http://renesas.com/en-us/
Renmatix,http://renmatix.com/
RenovaCare Sciences Corp.,http://renovacareinc.com/contact/
RES USA,http://res-usa.com/
Synaptic Research,http://research.synaptic.co.uk/
MANUFACTURING RESOURCES INTERNATIONAL,http://resourcemfg.com/
Revera,http://reveraliving.com/
Revivicor,http://revivicor.com/
Reynolds Technologies,http://reynoldstechnology.biz/
Rio Grande Valley Sugar Growers,http://rgvsugar.com/
Richtek Technology Corporation,http://richtek.com/
Ricoh Company Limited,http://ricoh.com/
Rima Enterprises,http://rimaenterprises.in/
Riverbed Technology,http://riverbed.com/
R.J. Reynolds Tobacco Company,http://rjrt.com/
Roche Molecular Systems,http://roche.com/
Roche Diabetes Care,http://roche.com/partnering/diagnostics-areas-of-interest/diabetes-management.htm
Roche Innovation Center Copenhagen A/S,http://roche.com/research_and_development/who_we_are_how_we_work/rnd_locations/research_location.htm?id=c98f27ea-a769-48ee-b7ef-4441cf20e267
Rockwell Automation Technologies,http://rockwellautomation.com/site-selection.html
Rockwell Collins,http://rockwellcollins.com/
Roll-N-Lock Corporation,http://rollnlock.com/
Rolls-Royce PLC,http://rolls-royce.com/
Rolls-Royce North American Technologies,http://rolls-royce.com/country-sites/northamerica.aspx
Renewable Power Conversion,http://rpcincorporated.com/
Research Triangle Institute,http://rti.org/
Sensor Electronic Technology,http://s-et.com/
SABIC GLOBAL TECHNOLOGIES B.V.,http://sabic.com/en
SAE Magnetics (HK) Ltd.,http://sae.com.hk/
Sagacious Investment Group L.L.C.,http://sagaciousinvestmentservices.com/
SAINT-GOBAIN ABRASIFS,http://saint-gobain-abrasives.com/en-us
Solan,http://salon.com/
Samsung Electronics,http://samsung.com/us/
Samsung Electronics Co.,http://samsung.com/us/
Samsung SDI Co.,http://samsungsdi.com/
Sandia Corporation,http://sandia.gov
SanDisk Technologies LLC,http://sandisk.com/
SanDisk 3D LLC,http://sandisk.com/home/ssd/ultra-3d-ssd
Sangamo BioSciences,http://sangamo.com/
Sanken Electric Co.,http://sanken-ele.co.jp/en/index.php
Sanofi,http://sanofi.com/en/
Genzyme Corporation,http://sanofigenzyme.com/
Sanuvox Technologies,http://sanuvox.com/
AVI BioPharma,http://sarepta.com/
Sarepta Therapeutics,http://sarepta.com/
Schneider Electric USA,http://schneider-electric.us/en/
Scientific Design Company,http://scidesign.com/
S. C. Johnson & Son,http://scjohnson.com/
S.C. Johnson & Son,http://scjohnson.com/
SD Technologies,http://sd-techs.com/
SEaB Energy Holdings Ltd.,http://seabenergy.com/
Seagate Technology LLC,http://seagate.com/
Sumitomo Electric Device Innovations,http://sedi.co.jp/?version=en
Seetron Inc.,http://seetron.com/index.html
Seiko Instruments Inc.,http://seikoinstruments.com/
Semiconductor Energy Laboratory Co.,http://sel.co.jp/en/
Selas Heat Technology Company LLC,http://selas.com/
Selecta Biosciences,http://selectabio.com/
Selkermetrics,http://selkermetrics.com/
SELMAN AND ASSOCIATES,http://selmanlog.com/
Sima Therapeutics,http://semma-tx.com/
Semprius,http://semprius.com
Senaya,http://senaya.com/
Sensor-Kinesis Corporation,http://sensor-kinesis.com/
Sequenom,http://sequenom.com/
ServiceNow,http://servicenow.com/
Sharp Laboratories of America,http://sharplabs.com/
Shell Oil Company,http://shell.us/
Shimadzu Corporation,http://shimadzu.com/
Shin-Etsu Chemical Co.,http://shinetsu.co.jp/en/
BAXALTA INCORPORATED,http://shire.com/
Shoals Technologies Group,http://shoals.com/
Nippon Shokubai Co.,http://shokubai.co.jp/en/
Pansonic Corporation,http://shop.panasonic.com/
Sick AG,http://sick.com/de/en/
SICPA Holding SA,http://sicpa.com/
Sony Interactive Entertainment America LLC,http://sie.com/en/index.html
Siemens Aktiengesellschaft ,http://siemens.com/global/en/home.html
Siemens Corporation,http://siemens.com/global/en/home.html
Siemens Energy,http://siemens.com/global/en/home/products/energy.html
Siemens Industry,http://siemens.com/us/en/home/products/automation.html
Sienna Biopharmaceuticals,http://siennabio.com/
Sienna Labs,http://siennabio.com/
ProNAi Therapeutics,http://sierraoncology.com/
Sierra Sciences,http://sierrasci.com/?p=home
Silicon Genesis Corporation,http://sigen.net/
Sigma-Aldrich Co. LLC,http://sigmaaldrich.com/
Sila Nanotechnologies,http://silanano.com/
Bluestar Silicones France,http://silicones.elkem.com/
Silicor Materials Inc.,http://silicormaterials.com/
Siluria Technologies,http://siluria.com/
Sinewatts,http://sinewatts.com/
Singular Bio,http://singularbio.com/
Singulex,http://singulexclarity.eu/
Sinton Consulting,http://sintoninstruments.com/
Sion Power Corporation,http://sionpower.com/
Solar Junction Corporation,http://sj-solar.com/
St. Jude Medical,http://sjm.com/
Hynix Semiconductor Inc.,http://skhynix.com/eng/index.jsp
SK Hynix Inc.,http://skhynix.com/eng/index.jsp
Skidmore,http://skidmore.edu/
SK Telecom Co.,http://sktelecom.com/index.html
Schlumberger Technology Corporation,http://slb.com/
Smart Planet Technologies,http://smartplanettech.com/
Surebeam Corporation,http://smebeam.com/
Smith & Nephew,http://smith-nephew.com/
SNS NANO FIBER TECHNOLOGY,http://snsnano.com/
SB ENERGY,http://softbank.jp/en/energy/
SOL-ELECTRICA,http://sol-electrica.com/
Sola U.S.A. Inc.,http://sola.at/
SolaBlock LLC,http://solablock.com/
SolAero Technologies Corp.,http://solaerotech.com
Schneider Electric Solar Inverters USA,http://solar.schneider-electric.com/
Solarmer Energy,http://solarmer.com/
SolarReserve Technology,http://solarreserve.com/en/technology
Solar-Tectic LLC,http://solartecticllc.com/
SOLARTONIC,http://solartonic.com/
SolarWorld Americas Inc.,http://solarworld-usa.com/
SOLAZYME,http://solazyme.com/
SOLENA FUELS CORPORATION,http://solenafuels.com/
Solight Solar,http://solight.com/
Soliton Lasers,http://soliton.com/
SunCulture Solar Inc.,http://solpad.com/
Solvay Specialty Polymers USA,http://solvay.com/en
Rhodia Operations,http://solvay.com/en/search/products
Sony Corporation,http://sony.com/
Soraa,http://soraa.com/
Soraa Laser Diode,http://soraalaser.com/
SPC International,http://spc-intl.com
SPICE SOLAR,http://spicesolar.com/
Siliconware Precision Industries Co.,http://spil.com.tw/
SixPoint Materials,http://spmaterials.com/
SRG Global,http://srgglobal.com/
Silicon Storage Technology,http://sst.com/
S&S X-Ray Products,http://ssxray.com/
St. Microelectronics Inc.,http://st.com/content/st_com/en.html
STMicroelectronics Limited,http://st.com/content/st_com/en.html
STMicroelectronics S.A.,http://st.com/content/st_com/en.html
Stablcor Technology,http://stablcor.com/
STANDARD ALCOHOL COMPANY OF AMERICA,http://standardalcohol.com/#!
Stanley Electric Co.,http://stanley.co.jp/e/
Star Technology and Research,http://star-tech-inc.com/
Starlight Energy Holdings LLC,http://starlightenergy.us/
Starsource Scientific LLC,http://starsource.com/about/?41.html
STATS ChipPAC,http://statschippac.com/
Stora Enso Oyj,http://storaenso.com/
Stratasys,http://stratasys.com/
Suganit Systems,http://suganit.com/
Sumco Corporation,http://sumco.com/
Sumitomo Rubber Industries,http://sumitomorubber-usa.com/
Sun Chemical Corporation,http://sunchemical.com/
Suncore Photovoltaics,http://suncoreus.com/
Sun Drilling Products Corporation,http://sundrilling.com/
Sundrop Fuels,http://sundropfuels.com/
SunEdison,http://sunedison.com/
Sungevity Inc.,http://sungevity.com/
Sunlight Photonics Inc.,http://sunlightphotonics.com/
SunLink Corporation,http://sunlink.com/
Solaire Generation LLC,http://sunpowercarports.com/
SunRun,http://sunrun.com/
Sunrun South LLC,http://sunrun.com/
SUNSALUTER,http://sunsaluter.org/
Sun Synchrony,http://sunsynchrony.com/
Integrated Solar Technology,http://suntegrasolar.com/
Supremex Inc.,http://supremex.com/
Sustainable Technologies,http://sustech.cc/wordpress/
Swagelok Company,http://swagelok.com/
Sweetwater Energy,http://sweetwater.us/
Swift Engineering,http://swiftengineering.com/
Southwest Research Institute,http://swri.org/
SUMITOMO WIRING SYSTEMS,http://sws.co.jp/en/
Osram Sylvania Inc.,http://sylvania.com/
Symantec Corporation,http://symantec.com/
Simbol Inc.,http://symbols.com/
Conexant Systems,http://synaptics.com/
Syngenta Participations AG,http://syngenta.com/
Synopsys,http://synopsys.com/
Synthetic Genomics,http://syntheticgenomics.com/
SYNTHOMER USA LLC,http://synthomer.com/
Sysmex Corporation,http://sysmex.com/Pages/default.aspx
System Biosciences,http://systembio.com/
TRI ALPHA ENERGY,http://tae.com/
Taiyo Ink Mfg. Co.,http://taiyo-hd.co.jp/en/group/ink/
Takara Bio Inc.,http://takarabio.com/
Takeda Pharmaceutical Company Limited,http://takeda.com/
Microsurge,http://talcusa.com/microsurge/
Tamura Corporation,http://tamuracorp.com/
Tapwave,http://tapwave.net/
Tarveda Therapeutics,http://tarveda.com/
Tau Therapeutics LLC,http://taurx.com/
TMC Corporation,http://tcm.com/
Tata Consultancy Services Limited,http://tcs.com/
Tyco Electronics Corporation,http://te.com/usa-en/home.html
Tyco Electronics U.K. LTD,http://te.com/usa-en/home.html
EXOS LLC,http://teamexos.com/
TECNIUM,http://tecnium.es/
TEKNOR APEX COMPANY,http://teknorapex.com/
Tokyo Electron Limited,http://tel.com/
Tela Innovations,http://tela-inc.com/
Teledyne Scientific & Imaging,http://teledyne-si.com/
Cetac Technologies Inc.,http://teledynecetac.com/
Teradata US,http://teradata.com/About-Us
E. Tech Incorporation,http://terratechcorp.com/
TerraVia Holdings,http://terravia.com/
Tersus Environmental,http://tersusenv.com/
SolarCity Corporation,http://tesla.com/solarpanels?energy_redirect=true
Tesla Nanocoatings,http://teslanano.com/
Tessera,http://tessera.com/
Tessera Advanced Technologies,http://tessera.com/
THE BOARD INSTITUTE,http://theboardinstitute.com/
The Carbon Cable Company,http://thecableco.com/
Angstron Materials,http://theglobalgraphenegroup.com/
TheGreenCell,http://thegreencell.com/
T.H.E.M.,http://them.net/
Theraclone Sciences,http://theraclone-sciences.com/home.php
SEEK THERMAL,http://thermal.com/
Life Technologies Corporation,http://thermofisher.com/us/en/home.html
Thermo Finnigan,http://thermofisher.com/us/en/home.html
Thermo Fisher Scientific Inc.,http://thermofisher.com/us/en/home.html
Applied Biosystems,http://thermofisher.com/us/en/home/brands/applied-biosystems.html
Disney Enterprises,http://thewaltdisneycompany.com/
Thoratec Corporation,http://thoratec.com/
Thorlabs,http://thorlabs.com/
Thorlabs Quantum Electronics,http://thorlabs.com/
Thorn Bioscience LLC,http://thornbioscience.com/
THYSSENKRUPP INDUSTRIAL SOLUTIONS GMBH,http://thyssenkrupp.com/en/
Texas Instruments Incorporated,http://ti.com/
NLT TECHNOLOGIES,http://tianma.co.jp/en/
Tigo Energy,http://tigoenergy.com/
Nederlandse Organisatie voor toegepast-natuurwetenschappelijk onderzoek TNO,http://tno.nl/en/
Toda Kogyo Corporation,http://todakogyo.co.jp/english/
Tokyo Ohka Kogyo Co.,http://tok.co.jp/eng/
TOMOWAVE LABORATORIES,http://tomowave.com/
Toray Industries Inc. ,http://toray.com/
Toray Plastics (America),http://toraytpa.com/
Kabushikikaisha Toshiba,http://toshiba.com/tai/
Toshiba America Electronic Components,http://toshiba.semicon-storage.com/us/top.html
Tosoh Corporation,http://tosoh.com/
Total Marketing Services,http://total.com/en
Toyota Jidosha Kabushiki Kaisha,http://toyota-global.com/pages/contents/investors/ir_library/sec/pdf/form_sd_201605_final.pdf
Toyota Motor Engineering & Manufacturing North America,http://toyota.com/usa/careers/index.html
TP Solar,http://tpsolar.nl/?lang=en
TRANE INTERNATIONAL INC.,http://trane.com/index.aspx
Transilwrap Company,http://transcendia.com/
Transitions Optical,http://transitions.com/en-us/
Transposagen Biopharmaceuticals,http://transposagenbio.com/
Transtron Solutions LLC,http://transtron.com/en/
Travis Industries,http://travisindustries.com/
TECHNOLOGY RESEARCH,http://trci.net/
Texas Research International,http://tri-intl.com/
TRIDONIC GMBH & CO KG,http://tridonic.com/com/en/
Triple Ring Technologies,http://tripleringtech.com/
Valicor,http://trucent.com/
True-Safe Technologies,http://true-safe.com/
Teal Sales Incorporated,http://tsi-inc.net
Taiwan Semiconductor Manufacturing Company,http://tsmc.com/english/default.htm
TT Technologies,http://tttechnologies.com/
Tufts Medical Center,http://tuftsmedicalcenter.org/
Turf Group LLC,http://turfgroup.net/
Turtle Beach Corporation,http://turtlebeach.com/
Ube Industries,http://ube-ind.co.jp/ube/en/index.html
UCB Pharma S.A.,http://ucb.com/
UChicago Argonne,http://uchicagoargonnellc.org/
United Microelectronics Corp.,http://umc.com/
Uni-Charm Corporation,http://unicharm.co.jp/english/index.html
Unifrax I LLC,http://unifrax.com/
UNISANTIS ELECTRONICS SINGAPORE PTE. LTD.,http://unisantis.com/
Uniseal Solutions Inc.,http://unisealsolutions.com/
Unistrut International Corp.,http://unistrut.us/
Unity Semiconductor Corporation,http://unity-sc.com/
Universal Leaf Tobacco Co.,http://universalcorp.com/
Kao Corporation,http://us.army.mil/
Bioneer Corporation,http://us.bioneer.com/
SunPower Corporation,http://us.sunpower.com/
Canon,http://usa.canon.com/internet/portal/us/home
DuPont Teijin Films U.S. Limited Partnership,http://usa.dupontteijinfilms.com/
Siemens Medical Solutions USA,http://usa.healthcare.siemens.com/
UT-Battelle,http://ut-battelle.org/
United Technologies Corporation,http://utc.com/
Hamilton Sundstrand Corporation,http://utcaerospacesystems.com/
UVIC INDUSTRY PARTNERSHIPS INC.,http://uvic.ca/research/partner/index.php
UWM Research Foundation,http://uwmrf.org/
Vadient Optics,http://vadient.com/
Abbott Cardiovascular Systems Inc.,http://vascular.abbott/us/homepage.html
Vascular BioSciences,http://vascularbiosciences.com/
Vaxiion Therapeutics,http://vaxiion.com/
VEECO PRECISION SURFACE PROCESSING LLC,http://veeco.com/technologies-and-products/precision-surface-processing-systems
Veracode,http://veracode.com/
Veracyte,http://veracyte.com/
VERILY LIFE SCIENCES LLC,http://verily.com/
VERLASE TECHNOLOGIES LLC,http://verlase.com/
Verliant Energy,http://verliantenergy.com/
VIASAT INC.,http://viasat.com/
VINDICO NANOBIO TECHNOLOGY INC.,http://vindicoat.com/
VIOLIN MEMORY,http://violinsystems.com/
Virent,http://virent.com/
Vizio Inc.,http://vizio.com/
VMware,http://vmware.com/
Traex Corporation,http://vollrath.com/Traex-Full-Size-Compartment-Racks-1766.htm
Silicon Space Technology Corp.,http://voragotech.com/
Vorbeck Materials Corporation,http://vorbeck.com/
Voxtel,http://voxtel-inc.com/
WAFERTECH,http://wafertech.com/en/careers/
Waters Technologies Corporation,http://waters.com/waters/home.htm?locale=en_US
Watlow Electric Manufacturing Company,http://watlow.com/
WCA Group LLC,http://wca-group.com/
Weatherford Canada Partnership,http://weatherford.com/
Wave Energy Conversion Corporation of America,http://weccamerica.com/
Terra Caloric,http://wellconnectgeo.com/
Wenger Corporation,http://wengercorp.com/
Wentworth Laboratories,http://wentworthlabs.com/
Wostec,http://westec.org/
WestPoint Home,http://westpointhome.com/
Building Envelope Innovations,http://wet-flash.com/
WHATSAPP INC.,http://whatsapp.com/
Wikipad,http://wikipad.com/
Winbond Electronics Corp.,http://winbond.com/
Wine.com,http://wine.com/
Wireless Environment,http://wirelessenv.com/
WiSys Technology Foundation,http://wisys.org/
Wizard Labs,http://wizardlabs.us/
Casio Computer Co.,http://world.casio.com/
WOVN,http://wovns.com/
W&Wsens Devices,http://wwsensdevices.com/
NOK Corporation,http://www.nok.co.jp/en/
George Mason Research Foundation,http://www2.gmu.edu/research
Hewlett-Packard Development Company,http://www8.hp.com/us/en/home.html
Wyatt Technology Corporation,http://wyatt.com/
X DEVELOPMENT LLC,http://x.org/wiki/Development/
ZENA TECHNOLOGIES,http://xena-technologies.com/
Xerox Corporation,http://xerox.com/
Xintec Inc.,http://xintec.com.tw/eng/index.aspx
Crystal Solar Inc.,http://xtalsolar.com/
Crystal Solar Incorporated,http://xtalsolar.com/
22nd Century Limited,http://xxiicentury.com/
Xyleco,http://xyleco.com/
Yageo Corporation,http://yageo.com/portal/product/product.jsp
Yamaha Corporation,http://yamaha-motor.com/
Yeda Research and Development Co.,http://yedarnd.com/Overview
Metabolix,http://yield10bio.com/
Yissum,http://yissum.co.il/
ZIH Corp.,http://zebra.com/us/en.html/
Carl Zeiss Meditec AG,http://zeiss.com/meditec-ag/home.html
Carl Zeiss Microscopy GmbH,http://zeiss.com/microscopy/int/home.html
Zeno Semiconductor Inc,http://zenosemi.com/
Zephyr Energy Systems LLC,http://zephyrenergy.com/
Zoetis Services LLC,http://zoetis.com/products-services/
ZON,http://zon.si/
Zygo Corporation,http://zygo.com/
Zyvex Labs,http://zyvexlabs.com/