Two Blades Foundation,2blades.org/
3M Innovative Properties Company,3m.com/
Advanced Aqua Group,aadvancedaqua.com/
ABB AB,abb.com/
AbbVie Inc.,abbvie.com/
Google Inc.,abc.xyz/
Abengoa Bioenergy New Technologies,abengoa.com/
Ablexis,ablexis.com/
SII Semiconductor Corporation,ablic.com/en/semicon/
ACACIA RESEARCH GROUP LLC,acaciaresearch.com/
Access Business Group International LLC,accessbusinessgroup.com/
Roche Diagnostics GmbH,accu-chek.com/
AccuRay Corporation,accuray.com/
ACell,acell.com/
Acer Incorporated,acer.com/ac/en/US/content/home
ADVANCED CERAMIC FIBERS,acfibers.com/index.html
AC International Inc.,acinter.com/
Acorn Technologies,acorntech.com/
ACUCELA INC.,acucela.com/
Achushnet Company,acushnetgolf.com/
Adaptive Biotechnologies Corp.,adaptivebiotech.com/
ADASA INC.,adasa.com/
Adeka Corporation,adeka.co.jp/en/
Saint-Gobain Adfors Canada,adfors.com/us/
Adhesives Research,adhesivesresearch.com/
adidas AG,adidas.com/us/
Adlens Beacon,adlens.com/
Archer Daniels Midland Company,adm.com/
ADMA Products,admaproducts.com/#!
Adobe Systems Incorporated,adobe.com/
Adtran,adtran.com/
Advanced Silicon Group,advancedsilicongroup.com/
Advanced Water Technology,advancedwatertechnology.com/
Adynxx,adynxx.com/
Aerogen,aerogen.com/
AFMODEL,afmodels.com/
AG ENERGY SOLUTIONS,ag.energy/
CMC ICOS BIOLOGICS,agcbio.com/
AGC Flat Glass North America,agcglass.com/
Agena Bioscience,agenabio.com/
AGFA-GEVAERT N.V.,agfa.com/corporate/
Agienic,agienic.com/
Agilent Technologies,agilent.com/
BASF Plant Science GmbH,agriculture.basf.com/us/en.html
Agrivida,agrivida.com/
AgroFresh Inc.,agrofresh.com/
Applied Genetic Technologies Corporation,agtc.com/
ADVANCED INNOVATION CENTER LLC,aicchile.com/en/
AIR PRODUCTS AND CHEMICALS,airproducts.com/
Ajinomoto Althea,ajibio-pharma.com/
Akron Polymer Systems,akronpolysys.com/
Alcatel Lucent,al-enterprise.com/
Alcon Research,alcon.com/
Alcotek,alcotek.com/
Alencon Acquisition Co.,alenconsystems.com/
Alexion Pharmaceuticals,alexion.com/
Algenol Biotech LLC,algenol.com/
ALGETERNAL TECHNOLOGIES,algeternal.com/
Allertein Therapeutics,allergytherapeutics.com/
Alliance for Sustainable Energy,allianceforsustainableenergy.org/
Allison Transmission,allisontransmission.com/
All Power Labs,allpowerlabs.com/
PLYCEM USA,allurausa.com/
Alnylam Pharmaceuticals,alnylam.com/
ALSTOM Technology Ltd,alstom.com/
Altivera,altabira.com/
AltaRock Energy,altarockenergy.com/
Altex Technologies Corporation,altextech.com/
Ambature,ambature.com/
Amberwave Inc.,amberwave.com/
Amgen Fremont Inc.,amgen.com/
Amgen Inc.,amgen.com/
Amicus Therapeutics,amicusrx.com/
Amkor Technology,amkor.com/
Ampio Pharmaceuticals,ampiopharma.com/
Amprius,amprius.com/
AMPT,ampt.com/
Princeton Optronics,ams.com/
American Science and Technology Corporation,amsnt.com/
Amtech Systems,amtechsystems.com/
Analog Devices,analog.com/en/index.html
Advanced Analogic Technologies,analogictech.com/
Andritz Inc.,andritz.com/group-en
Angaza Design,angaza.com/
Angiotech Pharmaceuticals (US),angiotech.com/
Annam Biosciences,annambiosciences.com/
Ansun Biopharma,ansunbiopharma.com/
Antaya Technologies Corporation,antaya.com/
Applied Optoelectronics,ao-inc.com/
Alpha and Omega Semiconductor Incorporated,aosmd.com/
American Piledriving Equipment,apevibro.com/
Apple Inc.,apple.com/
Applied Materials,appliedmaterials.com/
APPLIED MATERIALS ISRAEL LTD.,appliedmaterials.com/
Applied Membrane Technologies,appliedmembranetech.com/
APPLIED STEMCELL,appliedstemcell.com/
Applied Nanostructures,appnano.com/
ARBOR THERAPEUTICS,arborpharma.com/
Arcturus Therapeutics,arcturusrx.com/
Areesys Technologies,areesys.com/
Arkema Inc.,arkema.com/en/
Arkival Technology Corp.,arkival.com/
Armageddon Energy Inc.,armageddonenergy.com/
AROG PHARMACEUTICALS,arogpharmaceuticals.com/
Arpin Renewable Energy,arpingroup.com/
Arrowhead Center,arrowheadcenter.nmsu.edu/
ASCENT SOLAR TECHNOLOGIES,ascentsolar.com/
ASM America,asm.com/
ASM IP HOLDING B.V.,asm.com/
ASM IP Holdings LLC,asm.com/
ASML Netherlands B.V.,asml.com/asml/en/s427
Astech,astech.com/
Advanced Cell Technology,astellas.us/therapeutic/rnd/airm.aspx
AstenJohnson,astenjohnson.com/
ASTUTE MEDICAL,astutemedical.com/
Astex Pharmaceuticals,astx.com/
Aurrion,asurion.com/
ATC Technologies,atctechnologiesinc.com/
Atleisure LLC,atleisure.com/
ATOMERA INCORPORATED,atomera.com/
Atom Nanoelectronics,atomoe.com/
Atonometrics,atonometrics.com/
Atotech Deutschland GmbH,atotech.com/
Atrium Medical Corporation,atriummed.com/
AT&T Corporation,att.com/
ATTOSTAT,attostat.com/
DNA Twopointo,atum.bio/
DNA2.0,atum.bio/
Aurora Alage,aurorabiofuels.com/
Aushon Biosystems,aushon.com/
Auterra,auterrainc.com/
Authenex,authenex.com/site_en/index.html
Autonomic Materials,autonomicmaterials.com/
Avalanche Technology,avalanche-technology.com/
Avantor Performance Materials,avantorinc.com/
Avertech,avertech.com.sg/
Avery Dennison Corporation,averydennison.com/
Avon Products,avon.com/
Avtaec Limited,avtec.in/
The Babcock & Wilcox Company,babcock.com/
Babcock Power Services,babcockpower.com/
BAE Systems Information and Electronic Systems Integration Inc.,baesystems.com/en-us/our-company/inc-businesses/electronic-systems
Banpil Photonics,banpil.com/
BASF Coatings GmbH,basf-coatings.com/global/ecweb/en/
BASF,basf.com/
BASF Corporation ,basf.com/
BASF SE,basf.com/
Battelle Memorial Institute,battelle.org/
Battelle Energy Alliance,battelle.org/laboratory-management
Bausch & Lomb Incorporated,bausch.com/
Baxter Healthcare SA,baxter.com/
Baxter International Inc.,baxter.com/
Bayer Materialscience LLC,bayer.com/
Becton,bd.com/
Accuri Cytometers,bdbiosciences.com/us/instruments/research/cell-analyzers/bd-accuri/m/1294932/overview
Beryllium Discovery Corp.,be4.com/
Bell Helicopter Textron Inc.,bellflight.com/
Bemis Company,bemis.com/
BERKEN ENERGY LLC,berkenenergy.com/
Bestway,bestwaycorp.us/
Baker Hughes Incorporated,bhge.com/
Boehringer Ingelheim Vetmedica GmbH,bi-vetmedica.com/
Big Belly Solar,bigbelly.com/
Bigelow Aerospace,bigelowaerospace.com/
Green Box Batteries,biggreenbox.com/
Bio-Rad Laboratories,bio-rad.com/
Biocare Medical,biocare.net/
Biocon Limited,biocon.com/
Biogenic Reagents Ventures,biogenicreagents.com/
Biological Dynamics,biologicaldynamics.com/
BioNano Genomics,bionanogenomics.com/
Biosense Webster (Israel) Ltd.,biosensewebster.com/
bioTheranostics,biotheranostics.com/
Biotta LLC,biottajuices.com/
Cleanvantage LLC,biovantage.dk/
Bird-B-Gone,birdbgone.com/
Bisco,biscoind.com/
Bitrode Corporation,bitrode.com/
BlackBerry Limited,blackberry.com/
Ethox Chemicals,blog.ethox.com/
Blue Sea Systems,bluesea.com/
NANOBIO CORPORATION,bluewillow.com/
Bristol-Myers Squibb Company,bms.com/
Boehringer Ingelheim International GmbH,boehringer-ingelheim.com/
The Boeing Company,boeing.com/
Robert Bosch GmbH,bosch.com/
Bostik,bostik.com/us/
Boston Scientific Scimed,bostonscientific.com/en-US/Home.html
BP Corporation North America Inc.,bp.com/en_us/bp-us.html
Braun Intertec Geothermal,braunintertec.com/
Brewer Science Inc.,brewerscience.com/
Bridgelux,bridgelux.com/
Bridgestone Corporation,bridgestone.com/
Brightfield Transportation Solutions,brightfieldts.com/
BRIGHTLEAF TECHNOLOGIES INC.,brightleafpower.com/
BROADCOM CORPORATION,broadcom.com/
Brother International Corporation,brother-usa.com/
Bruin Biometrics,bruinbiometrics.com/us/
Brookhaven Science Associates LLC ,bsa-hq.org/
BTU International,btutilities.com/
Buckman Laboratories International,buckman.com/
Georgia-Pacific Gypsum LLC,buildgp.com/georgia-pacific-gypsum
Butamax(TM) Advanced Biofuels LLC,butamax.com/
Biotechnology Foundation,cabiotech.org/
Cabot Corporation,cabotcorp.com/
Cadence Design Systems,cadence.com/
Calient Technologies,calient.net/
Calysta,calysta.com/
Cambridge Electronics,cambridgeelectronics.com/
Anelva Corporation,canon-anelva.co.jp/english/
Canon U.S. Life Sciences,canon-biomedical.com/online/portal/vp7
Bend Research,capsugel.com/locations/bend-oregon-usa
CARBO Ceramics Inc.,carboceramics.com/about/about-carbo
Carbon3D,carbon3d.com/
Cardiva Medical,cardivamedical.com/
Carestream Health,carestream.com/en/us
Caribou Biosciences,cariboubio.com/
Carver Scientific,carversci.com/
Cavium,cavium.com/
Cbrite Inc.,cbriteinc.com/
UTC FIRE & SECURITY CORPORATION,ccs.utc.com/ccs/en/worldwide/
Celanese Corporation,celanese.com/
Celanese International Corporation,celanese.com/
Ticona LLC,celanese.com/engineered-materials.aspx
Pharmion Corporation,celgene.com/
CellPrint IP Holding,cellprintbiotechnology.com/
CELLTRION,celltrion.com/en/main.do
Cellular Research,cellularresearchinstitute.com/
Saint-Gobain Ceramics & Plastics,ceramicmaterials.saint-gobain.com/
Ceramatec,ceramtec.com/
CERION LLC,cerionadvancedmaterials.com/
Certain-teed Corporation,certainteed.com/
Copernicus Therapeutics,cgsys.com/
Nippon Chemi-Con Corporation,chemi-con.co.jp/e/index.html
Chemtreat,chemtreat.com/
Chevron U.S.A. Inc.,chevron.com/
Chipmos Technologies Inc.,chipmos.com/index-en.aspx
Christie Digital Systems,christiedigital.com/en-us/
Chromalox,chromalox.com/
CI4 Technologies,ci4.us/
Cima NanoTech Israel Ltd.,cimananotech.com/
L-3 Communications Cincinnati Electronics Corporation,cinele.com/
Cisco Technology,cisco.com/
Claret Medical,claretmedical.com/
Clean Energy Labs,cleanenergylabs.com/
Clearside Biomedical,clearsidebio.com/
CLEARSIGN COMBUSTION CORPORATION,clearsign.com/
CNH Industrial America LLC,cnhindustrial.com/en-us/Pages/Homepage.aspx
Corporation for National Research Initiatives,cnri.reston.va.us/
Canon Nanotechnologies,cnt.canon.com/
Coactive Drive Corporation,coactivehs.com/team/
Codexis,codexis.com/
Senga Advisors,coengadvisors.com/
Coleman Cable,colemancables.com/
Colgate-Palmolive Company,colgatepalmolive.com/en-us
Columbia Insurance Company,colinsgrp.com/site/
Coloplast A/S,coloplast.us/
Combined Energies,combined-energies.com/
Complete Genomics,completegenomics.com/
Confluence Energy,confluenceenergy.com/
Conoco Inc.,conoco.com/
ConocoPhillips Company,conocophillips.com/
Continental Manufacturing,continentalcommercialproducts.com/
Conversant Intellectual Property Management Inc.,conversantip.com/
Cook Biotech Incorporated,cookbiotech.com/
COOK MEDICAL TECHNOLOGIES LLC,cookmedical.com/
CoolEarth Solar,coolearthsolar.com/
Cool Planet Energy Systems,coolplanet.com/
Cooper Technologies Company,coopertechnologies.net/
Coriant Advanced Technology,coriant.com/
Cornell Research Foundation,cornell.edu/research/
KT Corporation,corp.kt.com/eng/
Dentsply International,corporate.dentsplysirona.com/en.html
ExxonMobil Upstream Research Company,corporate.exxonmobil.com/
ExxonMobil Research and Engineering Company,corporate.exxonmobil.com/en/energy/research-and-development
Ford Global Technologies,corporate.ford.com/innovation.html
PPG Industries Ohio,corporate.ppg.com/Home.aspx
Courtagen Life Sciences,courtagen.com/
COVERIS FLEXIBLES US LLC,coveris.com/
Chevron Phillips Chemical Company LP,cpchem.com/
CP KELCO APS,cpkelco.com/
CP Kelco U.S.,cpkelco.com/
Community Power Corporation,cpwrfcu.org/
Cedar Ridge Research,cr-res.com/
Cree,cree.com/
Crestovo LLC,crestovo.com/
Centre de Recherche Industrielle du Quebec,criq.qc.ca/fr/
Cristal USA Inc.,cristal.com/
Bayer Cropscience AG,cropscience.bayer.com/
Crossbar,crossbar-inc.com/en/
Cross Match Technologies,crossmatch.com/
Crystalplex Corporation,crystalplex.com/
CSEM Centre Suisse d'Electronique et de Microtechnique SA-Recherche et Developpement,csem.ch/
Commonwealth Scientific & Industrial Research Organization,csiro.au/
CUMMINS FILTRATION IP,cumminsfiltration.com/
Cura Vac,curavac.com/
Custom Electronics Inc.,customelec.com/#!
CYBERCITY 3D,cybercity3d.com/
CyboEnergy,cyboenergy.com/
Cypress Semiconductor Corp.,cypress.com/
Daikin Industries,daikin.com/
Dana-Farber Cancer Institute,dana-farber.org/
Dana Corporation,dana.com/
Danisco US Inc.,danisco.com/food-beverages/
Daylight Solutions,daylightsolutions.com/
Da Yu Enterprises,dayuenterprises.com/
DECA Technologies Inc.,decatechnologies.com/
Deep Science,deepscience.ai/
DEKA Products Limited Partnership,dekaresearch.com/
Delavau LLC,delavaufood.com/
Delphi Technologies,delphi.com/new-delphi-technologies
Delta Electronics,deltaww.com/
Great American Duck Races,demingduckrace.com/
Denso Corporation,denso.com/global/en/
DePuy Synthes Products,depuysynthes.com/
Dermazone Solutions,dermazone.com/
Dexerials Corporation,dexerials.jp/en/
GE Healthcare Dharmacon,dharmacon.horizondiscovery.com/
DHPC TECHNOLOGIES,dhpctech.com/
Dialight Corporation,dialight.com/
Dialogic Corporation,dialogic.com/
DIC Corporation,dictionary.com/
DiscoveRx Corporation,discoverx.com/home
DISCOVERYBIOMED INC.,discoverybiomed.com/
SAMSUNG DISPLAY CO.,displaysolutions.samsung.com/
Dolby Laboratories Licensing Corporation,dolby.com/us/en/professional/licensing.html
Domtar Paper Company,domtar.com/en
Dow Global Technologies Inc.,dow.com/en-us
Dow Technology Investments LLC,dow.com/en-us
Rohm and Haas Chemicals LLC,dow.com/en-us
Rohm and Haas Company,dow.com/en-us
Dow Corning Corporation,dow.com/en-us/dow-corning-integration
Dow AgroSciences LLC,dowagro.com/en-us/
Rohm and Haas Electronic Materials LLC,dowelectronicmaterials.com/
The Charles Stark Draper Laboratory,draper.com/
Dresser-Rand Company,dresser-rand.com/
Dr. Reddy's Laboratories Ltd.,drreddys.com/
DSP Group LTD.,dspg.com/
Deployable Space Systems,dss-space.com/
E. I. du Pont de Nemours and Company,dupont.com/
E. I. du Pont de Nemours and Company duPont Displays Inc,dupont.com/
E.I. du Pont de Nemours and Company,dupont.com/
Pioneer Hi Bred International Inc,dupont.com/corporate-functions/our-company/businesses/pioneer.html
Pioneer Hi-Bred,dupont.com/corporate-functions/our-company/businesses/pioneer.html
Pioneer Hi-Bred International,dupont.com/corporate-functions/our-company/businesses/pioneer.html
D-Wave Systems Inc.,dwavesys.com/
Dymax Corporation,dymax.com/
Dynamic Solutions Worldwide,dynatrap.com/
Easel Biotechnologies,easelbio.com/
The Eastern Co.,easterncompany.com/
Eastman Chemical Company,eastman.com/Pages/Home.aspx
Solutia Inc.,eastman.com/Pages/solutia.aspx
Eaton Corporation,eaton.com/us/en-us.html
Echogen Power Systems,echogen.com/
EchoStar Technologies LLC,echostar.com/
Ecolab Inc.,ecolab.com/
Nalco Company,ecolab.com/nalco-water
ECOSYNTHETIX LTD.,ecosynthetix.com/
Ecovative Design,ecovativedesign.com/
SolarLego Inc.,education.lego.com/en-us/products/lego-solar-panel/9667
Egenera,egenera.com/
E Ink Corporation,eink.com/
Eisai Co.,eisai.com/index.html
Express Imaging Systems,eiscallcenter.com/
ElectraTherm,electratherm.com/
Electrix,electrixillumination.com/
Electrovaya Inc.,electrovaya.com/
Element One,elementonescreens.com/
Elenion Technologies,elenion.com/
Elwha LLC,elwha.org/
Em-Tech LLC,em-techinc.com/
EMC Corporation,emcins.com/
EMD Technologies Inc.,emd-technologies.com/
Empire Technology Development LLC,empirelabauto.com/index.html
Lumenco,en.lumenco.ca/
EPCOS AG,en.tdk-electronics.tdk.com/
Energen,energen.com/
Energysolutions,energysolutions.com/
Quallion LLC,enersys.com/default.aspx?langType=1033
OPTERRA ENERGY SERVICES,engieservices.us/
Enginuity Worldwide,enginuityww.webstarts.com/
Englewood Lab,englewoodlab.com/
ENI S.p.A.,eni.com/en_IT/home.page
ENI Technology,eni.com/en_IT/innovation.page
eNow,enowenergy.com/
Ensyn Renewables,ensyn.com/
Entech Solar,entechsolutions.us/
Entegris,entegris.com/
CAMBRIDGE ENTERPRISE LIMITED,enterprise.cam.ac.uk/
InVisage Technologies,envisagenow.com/
Envisionit LLC,envisionit.com/
Envision Solar International,envisionsolar.com/
BASF Enzymes LLC,enzymes.basf.com/
Epizyme,epizyme.com/
ESCAPE THERAPEUTICS,escapetherapeutics.com/
Esolar,esolar.solar/
Ethicon Endo-Surgery,ethicon.com/
Evri,everi.com/
Evernote Corporation,evernote.com/
Everspin Technologies,everspin.com/
Evoqua Water Technologies LLC,evoqua.com/
Electronic Warfare Associates,ewa.com/
Extech/Exterior Technologies,extechinc.com/
ExxonMobil Chemical Patents Inc.,exxonmobilchemical.com/en
Faurecia Interior Systems,faurecia.com/en
Federal Signal Corporation,federalsignal.com/
FEI Company,fei.com/careers/
Ferro Corporation,ferro.com/
Fike Corporation,fike.com/
Fina Technology,finatg.com/
Finisar Corporation,finisar.com/
First Solar,firstsolar.com/
Flextronics AP,flex.com/
FLIR Systems,flir.com/
Floadia Corporation,floadia.com/
FLOW CONTROL LLC.,flowcontrol.com/
Fluidigm Corporation,fluidigm.com/
Forest Concepts,forestconcepts.com/
Formula Plastics,formulaplastics.com/
Hon Hai Precision Industry Co.,foxconn.com/
FPInnovations,fpinnovations.ca/
FRONT EDGE TECHNOLOGY INC.,frontedgetechnology.com/
Fuji Electric Co.,fujielectric.com/
FUJIFILM Corporation,fujifilm.com/
FUJIFILM Dimatix,fujifilmusa.com/products/industrial_inkjet_printheads/index.html
Fujitsu Limited,fujitsu.com/global/
Fujitsu Semiconductor Limited,fujitsu.com/jp/group/fsl/en/
Fuji Xerox Co.,fujixerox.com/eng
FULL CIRCLE BIOCHAR,fullcirclebiochar.com/
Furukawa Electric Co.,furukawa.co.jp/en/
fybr,fybr.com/
Galectin Therapeutics,galectintherapeutics.com/
Galemed Corporation,galemed.com/manager/eService/RC08-all_0225.pdf
GangaGen,gangagen.com/
Gardner-Gibson,gardner-gibson.com/
Garland Industries,garlandco.com/
Bi-Modal Corporation,gartner.com/it-glossary/bimodal
Gas Technology Institute,gastechnology.org/
GCP Applied Technologies Inc.,gcpat.com/en
GENERAL ELECTRIC COMPANY,ge.com/
GED Intergrated Solution,gedusa.com/
GE Healthcare Limited,gehealthcare.com/
Gemex Systems,gemex.com/
Genentech,gene.com/
Genesco Inc.,genescopartners.com/
Genisphere,genisphere.com/
Genomatica,genomatica.com/
Genomic Health,genomichealth.com/
GIGA SOLAR FPC,gigasolarpv.com/
Gilead Sciences,gilead.com/
Gilead Connecticut,gileadcs.org/
GlassPoint Solar,glasspoint.com/
GLIKNIK INC.,gliknik.com/
Sumitomo Electric Industries,global-sei.com/
Canon Kabushiki Kaisha,global.canon/en/index.html
Seiko Epson Corporation,global.epson.com/
TDK Corporation,global.tdk.com/corp/en/index.htm
Global Eagle Entertainment Inc.,globaleagle.com/
Global Filtration Systems,globalfiltrationsystems.com/
GLOBALFOUNDRIES Inc.,globalfoundries.com/
Global OLED Technology LLC,globaloledtech.com/
Globus Medical,globusmedical.com/
Glucan Biorenewables LLC,glucanbio.com/
GLYCON LLC,glycon.com/
GENERAL MOTORS LLC,gm.com/
GOAL ZERO LLC,goalzero.com/
GOJO Industries,gojo.com/
GOLBA LLC,golba.com/
Tanaka Kikinzoku Kogyo K.K.,gold.tanaka.co.jp/english/
G.D.O. Inc,golfdigest.co.jp/
The Goodyear Tire & Rubber Company,goodyear.com/
GOSOLARLIFE,gosolarlife.com/
GENCO SCIENCES LLC,gpen.com/
Gracenote,gracenote.com/
Grain Processing Corporation,grainprocessing.com/
Gram Power,grampower.com/about-us/
Grandis Inc.,grandis.com/
Graphene Technologies,graphenetechnologies.com/
Green Extraction Technologies,greenextractiontechnologiesllc.com/
Green Solar Transportation,greensolartransport.com/
Greyrock Energy,greyrock.com/
GROW ENERGY,growenergy.org/
GlaxoSmithKline Biologicals,gsk.com/
Global Solar Water Power Systems,gswps.com/
Gtech Corporation,gtech.co.uk/
GTherm,gtherm.net/
Guardian Industries,guardian.com/en/index.html
SunEdison Semiconductor Limited,gw-semi.com/
Hadasit Medical Research Services & Development Company Ltd.,hadasit.co.il/
Halliburton Energy Services,halliburton.com/en-US/default.html
HAMAMATSU PHOTONICS K.K.,hamamatsu.com/jp/en/index.html
HARMAN INTERNATIONAL INDUSTRIES,harman.com/
Harris Corporation,harris.com/
H R D CORPORATION,haywardrec.org/
Headway Technologies,headway.com/
Heat Seal LLC,heatsealco.com/
Heidelberger Druckmaschinen AG,heidelberg.com/
Heliae Development,heliae.com/
Helios Focus LLC,heliosfocus.com/
Henkel AG & Co. KGaA,henkel.com/
Heraeus Precious Metals North America Conshohocken LLC,heraeus.com/us/group/home/home.aspx
HGST NETHERLANDS B.V.,hgst.com/
HIQ SOLAR,hiqsolar.com/
Hitachi High-Technologies Corporation,hitachi-hightech.com/global/
Hitachi,hitachi.com/
Hitachi Metals,hitachimetals.com/
The Henry M. Jackson Foundation for the Advancement of Military Medicine,hjf.org/
HM3 Energy,hm3energy.com/
HNO Greenfuels,hnogreenfuels.com/
Hollingsworth & Vose Company,hollingsworth-vose.com/
Hollywood Trucks,hollywoodtrucksllc.com/
GEN-PROBE INCORPORATED,hologic.com/
Honda Motor Co.,honda.com/
Honeywell International Inc.,honeywell.com/
Hosiden Corporation,hosiden.com/
HOWARD INDUSTRIES,howard-ind.com/
Hoya Corporation,hoyavision.com/
Hewlett Packard Enterprise Development LP,hpe.com/us/en/home.html
HRL Laboratories,hrl.com/
HTC Corporation,htc.com/us/
HTS,htstechnologies.com/
Narsys,narsystech.com/
Texas Instruments Deutschland GmbH,ti.com/
King Electric Vehicles Inc.,king-electric.com/
FutureWei Technologies,huawei.com/us/
Humanetics Corporation,humaneticsatd.com/
Hunt Energy Enterprises LLC,huntenergyenterprises.com/
Hunter Douglas Inc.,hunterdouglas.com/
Diamond Innovations,hyperionmt.com/
Hysitron Incorporated,hysitron.com/
Hyundai Motor Company,hyundaiusa.com/
The Iams Company,iams.com/
iBio,ibioinc.com/
International Business Machines Corporation,ibm.com/us-en/
IDEALAB,idealab.com/
Ideal Power Inc.,idealpower.com/
IDEA TREE,ideatreepromos.com/
IDEX Health & Science LLC,idex-hs.com/
Integrated Device Technology,idt.com/
Integrated DNA Technologies,idtdna.com/
Ignis Innovation,ignisinnovation.com/
Innovation Hammer,ihammerllc.com/
II-VI Incorporated,ii-vi.com/
NanoOncology,iinano.org/nanooncology
Intellectual Keystone Technology LLC,ikt.us.com/
IMDS Corporation,imds-ohio.com
IMEC,imec.org/
Immunolight,immunolight.com/
Imperial Innovations Limited,imperialinnovations.co.uk/
IMRA America,imra.com/
B.G. Negev Technologies and Applications Ltd.,in.bgu.ac.il/en/bgn/Pages/default.aspx
Inaeris Technologies,inaeristech.com/
iNanoBio LLC,inanobio.com/
Incept LLC,inceptresults.com/
Incyte Holdings Corporation,incyte.com/
American Air Liquide,industry.airliquide.us/
INENTEC INC.,inentec.com/
Infineon Technologies AG,infineon.com/
Infineon Technologies Americas Corp.,infineon.com/
Infinera Corporation,infinera.com/
INFINEUM INTERNATIONAL LIMITED,infineum.com/
Innolux Corporation,innolux.com/Pages/EN/Index_EN.html
Inphenix,inphenix.com/
Instron Corporation ,instron.us/en-us?region=North%20America
Greatbatch Ltd.,integer.net/
Intel Corporation,intel.com/content/us/en/homepage.html
Interez,interez.sk/
Interface Performance Materials,interfacematerials.com/products/
Intermolecular,intermolecular.com/
INTEVAC,intevac.com/
Integrated Nano-Technologies,intpalladium.com/
IntriEnergy Inc.,intrienergy.com/#!
Intuitive Surgical Operations,intuitive.com/
Invensas Corporation,invensas.com/
Ziptronix,invensas.com/
Inventus Holdings,inventusholdings.com/
aTyr Pharma,investors.atyrpharma.com/
InView Technology Corporation,inview.tv/
INVISTA North America S.a.r.l.,invista.com/
Iogen Corporation,iogen.ca/
Isis Pharmaceuticals,ionispharma.com/
Ion Power Group,ionpowergroup.com/
Quest Diagnostics Investments Incorporated,ir.questdiagnostics.com/
Industrial Science & Technology Network,istninc.com/home.htm
International Technology Center,itc-inc.org/
ITN Energy Systems,itnes.com/
Industrial Technology Research Institute,itri.org.tw/eng/
Illinois Tool Works,itw.com/
Ivoclar Vivadent AG,ivoclarvivadent.com/
JOLED Inc.,j-oled.com/
JAC Products Inc.,jacproducts.com/
Janssen Biotech,janssen.com/
The Jackson Laboratory,jax.org/
J. E. WHITE,jewhites.com.au/
JFE STEEL CORPORATION,jfe-steel.co.jp/en/
Johnson & Johnson Vision Care,jjvision.com/
Johns Manville,jm.com/
JNC Corporation,jncwheels.com/
Johnson & Johnson Consumer Companies,jnj.com/healthcare-products/consumer
Johnson Controls Technology Company,johnsoncontrols.com/about-us/our-company
JSR Corporation,jsr.vccs.edu/
k-Space Associates,k-space.com/
Kajima Corporation,kajimausa.com/
Kala Pharmaceuticals,kalarx.com/
Kamtec,kamtec.co.uk/
Kaneka Corporation,kaneka.co.jp/en/
Kansai Paint Co.,kansai.com/
Kashiv Pharma,kashivpharma.com/
Kemira OY,kemira.com/
Kerr Corporation,kerrdental.com/
Kia Motors Corporation ,kia.com/us/en/home
Fenwal,kidde-fenwal.com/
Kimberly-Clark Worldwide,kimberly-clark.com/en-us
Kinestral Technologies,kinestral.com/
Kinetech Power Company LLC,kinetechpower.com/
KINO LLC,kinolorber.com/
Kiverdi,kiverdi.com/
KJ BIOSCIENCES LLC,kjbiosciences.com/
KLA-Tencor Corporation,kla-tencor.com/
Kobe Steel,kobelco.co.jp/english/
Koch Biological Solutions,kochbiologicalsolutions.com/
Eastman Kodak Company,kodak.com/us/en/corp/default.htm
Kodak Alaris Inc.,kodakalaris.com/
KOLO TECHNOLOGIES,kolomedical.com/
KOLON INDUSTRIES,kolonindustries.com/eng/main.asp
Kraton Polymers U.S. LLC,kraton.com/
KR Design House,krdesignhouse.com/
Kronos International Inc,kronos.com/
K.S. INTERNATIONAL CO.,ksandco.com/
KUBIX INC.,kuebix.com/
Kulite Semiconductor Products,kulite.com/
Korea Kumho Petrochemical Co.,kumhopetrochemical.lookchem.com/
Kureha Corporation,kureha.co.jp/en/
KYOCERA DOCUMENT SOLUTIONS INC.,kyoceradocumentsolutions.com/
Lake Lite,lakelite.com/
Lam Research Corporation,lamresearch.com/
Novellus Systems,lamresearch.com/
Landauer,landauer.com/
Los Alamos National Security,lansllc.com/
Laserline Mfg.,laserlinemfg.com/
LATITUDE PHARMACEUTICALS INC.,latitudepharma.com/
Lattice Semiconductor Corporation,latticesemi.com/
Leap Frogg,leapfrog.com/en-us/home
Lehigh Technologies,lehightechnologies.com/
DRS Network & Imaging Systems,leonardodrs.com/
Lextar Electronics Corp.,lextar.com/?sn=32&lang=en-US
LG Electronics Inc.,lg.com/us
LG Display Co.,lgdisplay.com/eng/main
LGS Innovations LLC,lgsinnovations.com/
LG NANOH2O,lgwatersolutions.com/en/main
Longhorn Vaccines and Diagnostics,lhnvd.com/news#!
LifeNet Health,lifenethealth.org/
Linne Industries LLC,linneindustries.com/
Lintec Corporation,lintec-global.com/
Lion Copolymer Geismar,lionelastomers.com/
LIQUID X PRINTED METALS,liquid-x.com/
Liquidia Technologies,liquidia.com/
Litron Laboratories Limited,litronlabs.com/
Little Kids,littlekidsinc.com/
Cyberonics,livanova.cyberonics.com/
Livetv,livetv.sx/enx/
Lawrence Livermore National Security,llnsllc.com/
Lockheed Martin Corporation,lockheedmartin.com/en-us/index.html
Locus Energy,locusenergy.com/
Lof Solar Corporation,lofsolar.com/
Lovelace Respiratory Research Institute,lrri.org/
LUCERA LABS,luceralabs.com/
Matrix Genetics,lumenbioscience.com/
Lumentum Operations LLC,lumentum.com/en
Gestion Ultra International Inc.,luminultra.com/
Luna Innovations Incorporated,lunainc.com/
Lux Bio Group,luxbiogroup.com/
Basell Polyolefine GmbH,lyondellbasell.com/
Mitsubishi Polyester Film,m-petfilm.com/
MATERIALS ANALYSIS TECHNOLOGY (US) CORP.,ma-tek.com/about_us.php?act=rd
Macronix International Co.,macronix.com/en-us/Pages/default.aspx
Magna International Inc.,magna.com/
Magnachip Semiconductor,magnachip.com/
Magnolia Optical Technologies,magnoliaoptical.com/
Magnolia Solar,magnoliasolar.com/
Magnolia Solar,magnoliasolar.com/
MAHLE International GmbH,mahle.com/
Mainstream Engineering Corp.,mainstream-engr.com/
Manta Instruments,mantainc.com/
Marathon Equipment Company,marathonequipment.com/
Marine Biotech Inc.,marinebiotech.eu/
Marine Polymer Technologies,marinepolymer.com/
Markel Corporation,markelcorp.com/
Masimo Semiconductor,masimosemiconductor.com/masimo-semiconductor/
Materia,materia-inc.com/
Johnson Matthey PLC,matthey.com/
Mattson Technology,mattson.com/
Maxim Integrated Products,maximintegrated.com/en.html
MAXLINEAR,maxlinear.com/
Maxout Renewables,maxoutrenewables.com/
MONTEREY RESEARCH,mbari.org/
MBC Ventures,mbc.net/en/corporate/ventures/about
Michigan Biotechnology Institute,mbi.org/
McAlister Technologies,mcallister.com/
McElroy Manufacturing,mcelroy.com/
MCI,mci.com/mcihome.jsp
Medical Diagnostic Laboratories,mdlab.com/
Medgenics Medical Israel Ltd.,medgenics.com/
Mediatek Inc.,mediatek.com/
Medicis Pharmaceutical Corporation,medicis.com/
MEDport,medport.com/
MERCK SHARP & DOHME CORP.,merck.com/index.html
Merck Patent GmbH,merck.com/product/patent/home.html
Biosphere Medical,merit.com/interventional-oncology-spine/embolotherapy/
Meso Scale Technologies,mesoscale.com/
Handstand Innovations,messagewrap.com/
MIETAMARK GENETICS,metamarkgenetics.com/
Met Tech Inc.,mettech.us/
Meyer Tool,meyertool.com/
Michelin Recherche et Technique S.A.,michelin.com/eng
Microchip Technology Incorporated,microchip.com/
Microchips Biotech,microchipsbiotech.com/
MicroContinuum,microcontinuum.com/
Micro Cooling Concepts,microcoolingconcepts.com/
Micron Technology,micron.com/
U S MICROPOWER INC,micropower-group.com/
Microsemi SoC Corporation,microsemi.com/
MICROSOFT TECHNOLOGY LICENSING,microsoft.com/en-us/legal/intellectualproperty/mtl/default.aspx
Midori USA,midorihealth.com/
Midrex Technologies,midrex.com/
MILLENIUM SYNTHFUELS CORPORATION,milleniumsynthfuels.com/
Milliken & Company,milliken.com/
Minebea Co.,minebeamitsumi.com/english/
MirTech,mirtechusa.com/
Mission Product Holdings,mission.com/
Mitsubishi Metal Corporation,mitsubishicorp.com/jp/en/bg/metals/
Mitsubishi Electric Corporation,mitsubishielectric.com/
MicroLink Devices,mldevices.com/
Abbott Molecular Inc.,molecular.abbott/
Ibis Biosciences,molecular.abbott/int/en/home
Molecular Rebar Design,molecularrebar.com/
Momentive Performance Materials GmbH,momentive.com/en-US/
Momentive Performance Materials Inc.,momentive.com/en-US/
Monolithe Semiconductor Inc.,monolithsemi.com/
MonoSol,monosol.com/
Monsanto Technology LLC,monsanto.com/products/product-stewardship/technology-use-guides/
Morpho,morpho.com/en
Moxtek,moxtek.com/
Mumetel,mumetel.com/index.html
Murata Manufacturing Co.,murata.com/
Musco Corporation,musco.com/
Pioneer Energy,mypioneerenergy.com/
Warsaw Orthopedic,mywarsaw.net/
NanoLab,nano-lab.com/
Nanomix,nano.com/
NANO CELL SYSTEMS,nanocellsystems.com
nanoComposix,nanocomposix.com/
Nanocopocia,nanocopoeia.com/
Nanoco Technologies,nanocotechnologies.com/
NanoGram Corporation,nanogram.com
NanoMech,nanomech.com/
NANOPHTHALMICS,nanophthalmics.com/
Nanoquantum Sciences,nanoquantum.com/
FastCAP Systems Corporation,nanoramic.com/
Nanoridge Materials,nanoridge.com/
Nanospectra Biosciences,nanospectra.com/
Nanosys,nanosysinc.com/
Nanotech Biomachines,nanotechbio.com/
NanoTech Lubricants,nanotechlubricantsinc.com/Home.html
Nanotek Instruments,nanotekinstruments.com/
Nantero,nantero.com/
National Education Corporation,nationaleducation.com/
Nationwide Children's Hospital,nationwidechildrens.org/
Child Laboratories Inc.,nationwidechildrens.org/specialties/laboratory-services
Nthdegree Technologies Worldwide Inc.,ndeg.com/
New England Biolabs,neb.com/
NEC Corporation,nec.com/
NeoPhotonics Corporation,neophotonics.com/
NeoVision LLC,neovisiongroup.com/
Nestec S. A.,nestle.com/
NetApp,netapp.com/us/index.aspx
Neumedicines,neumedicines.com/
NeuMoDx Molecular,neumodx.com/
Neural Signals,neuralsignals.com/
ABB Technology Ltd.,new.abb.com/about/technology
ABB Research Ltd.,new.abb.com/about/technology/corporate-research-centers/corporate-research-center-united-states
Sirnaomics,new.sirnaomics.com/
NEWFIELD THERAPEUTICS CORPORATION,newfieldthera.com/
Newdoll Enterprises LLC,newholdllc.com/
Newlans,newlans.com/
Newport Corporation,newport.com/
New Technology Ventures,newtechvc.com/
Nexcom Technology,nexcom.com/
AVOGY,nexgenpowersystems.com/
NGK Spark Plug Co.,ngksparkplugs.com/
Nanoholdings,nh2.com/
NICHIA CORPORATION,nichiha.com/
Nikon Corporation,nikon.com/
Nissan Motor Co.,nissan-global.com/EN/
Nissan North America,nissanusa.com/about/corporate-information.html
Fianium Ltd.,nktphotonics.com/
nLIGHT,nlight.net/
nLIGHT Photonics Corporation,nlight.net/
JX Nippon Mining & Metals Corporation,nmm.jx-group.co.jp/english/
The Samuel Roberts Noble Foundation,noble.org/
Nokia Corporation,nokia.com/
Nokia Technologies Oy,nokia.com/
Nokomis,nokomisinc.com/
Nordic Technologies,nordic-technologies.com/
Nordson Corporation,nordson.com/
Northrop Grumman Systems Corporation,northropgrumman.com/
NCC Nano,novacentrix.com/
NOVA Chemicals (International) S.A.,novachem.com/pages/home.aspx
NOVA PANGAEA TECHNOLOGIES LIMITED,novapangaea.com/
Novartis AG,novartis.com/
NovaSolix,novasolix.com/
Nova Technologies,novatechnologies.com/
Novon,novon.com/
Novozymes A/S,novozymes.com/
Novozymes Inc.,novozymes.com/
Novozymes North America,novozymes.com/en/north-america
Novus Energy LLC,novusenergy.ca/index.php?page=investor_documents_news_release
Novus Technology,novustek.net/
SEIKO NPC Corporation,npc.co.jp/en/
Neutronic Perpetual Innovations,npimobile.com/
GE-Hitachi Nuclear Energy Americas LLC,nuclear.gepower.com/
mVerify Corporation,numverify.com/
NuOrtho Surgical,nuortho.com/
Nutech Ventures,nutechventures.org/
U.S. NUTRACEUTICALS,nutraceutical.com/
Pentair Thermal Management LLC,nventthermal.com/
Nvidia Corporation,nvidia.com/page/home.html
Northwest Biotherapeutics,nwbio.com/
Freescale Semiconductor,nxp.com/
NXP USA,nxp.com/
Owens-Brockway Glass Container Inc.,o-i.com/
OAS Design Group,oasdesigngroup.com/
O.B.I. Inc.,obi.org/
Oceanit Laboratories,oceanit.com/
Oculus VR,oculus.com/
OFS Fitel,ofsoptics.com/
Oki Data Corporation,oki.com/us/printing/
Universal Display Corporation,oled.com/
Olympus NDT,olympus-ims.com/en/
OLYMPUS CORPORATION,olympusamerica.com/
Omron Corporation,omron.com/
One Earth Designs Inc.,oneearthdesigns.com/
Fairchild Semiconductor Corporation,onsemi.com/
Opel Solar,opelinc.com/
Optodot Corporation,optodot.com/
Oracle International Corporation,oracle.com/index.html
Photon Dynamics,orbotech.com/
OrbusNeich Medical,orbusneich.com/
MICROMIDAS,originmaterials.com/
Ormat Technologies Inc.,ormat.com/en/home/a/main/
Chevron Oronitz Company LLC,oronite.com/
Ortho-Clinical Diagnostics,orthoclinicaldiagnostics.com/
OSI Optoelectronics,osioptoelectronics.com/
Ostendo Technologies,ostendo.com/
OTSUKA PHARMACEUTICAL CO.,otsuka.co.jp/en/
OmniVision Technologies,ovt.com/
Pacific Biosciences of California,pacb.com/
PACCAR Inc,paccar.com/
Pacific Light Technologies,pacificlighttech.com/
VINYLAST,palisaderail.com/
Sanyo Electric Co.,panasonic.com/global/corporate/profile/group-companies/sanyo.html
Paratek Pharmaceuticals,paratekpharma.com/
Palo Alto Research Center Incorporated,parc.com/
Pardev,pardev.com/
Parion Sciences,parion.com/
Parker-Hannifin Corporation,parker.com/
PAX Scientific,paxscientific.com/
The Paymaster Corporation,paymaster.com/
Professional Compounding Centers of America,pccarx.com/
PDF Solutions,pdf.com
Pegatron Corporation,pegatroncorp.com/
PELLION TECHNOLOGIES,pelliontech.com/
Pendar Technologies,pendar.com/
Pentron Clinical Technologies,pentron.com/
Performance Plants,performanceplants.com/
Perkinelmer Holdings,perkinelmer.com/
PetraSolar,petrasystems.com/
PeterBrod Corp.,petroblend.com/
Peytant Solutions,peytant.com/
Pfizer Inc.,pfizer.com/
The Procter & Gamble Company,pg.com/
Pharmatrophix,pharmatrophix.com/
Phillips 66 Company,phillips66.com/
UOP LLC,phoenix.edu/
Phoseon Technology,phoseon.com/
Pacific Industrial Development Corporation,pidc.com/
Piksel,piksel.com/
Karsten Manufacturing Corporation,ping.com/
Pinnacle Technology,pinnacle-technology.com/
Pixar,pixar.com/
Pixelligent Technologies,pixelligent.com/
Plant Sensory Systems,plantsensorysystems.com/
Plasma-Therm,plasmatherm.com/
Foret Plasma Labs,plasmawhirl.com/
Saint-Gobain Performance Plastics Corporation,plastics.saint-gobain.com/
PLEX LLC,plex.tv/
PluroGen Therapeutics,plurogen.com/
PNM,pnm.com/
POET Research,poet.com/scotland
Abbott Point of Care Inc.,pointofcare.abbott/us/en/home
POLAR LIGHT TECHNOLOGIES AB,polar-light-technologies.com/
Polaris Products LLC,polaris.com/en-us
Poly-Med,poly-med.com/
PolyOne Corporation,polyone.com/
PolyPlus Battery Company,polyplus.com/
Polysar Corporation,polystar.com/
PortaFire,port-a-fire.ca/
POSiFA MICROSYSTEMS,posifamicrosystems.com/
Power Integrations,power.com/
Strategic Solar Energy,powerparasol.com/
PQ CORPORATION,pqcorp.com/
Propagation Research Associates,pra-corp.com/
Praxair S.T. Technology,praxair.com/
Praxair Technology,praxair.com/
Previvo Genetics,previvo.com/
Production Resource Group,prg.com/
Semics Inc.,prober.com/semics-opus3-prober/
Prosoft International,prosoft-technology.com/
Proterra Inc.,proterra.com/
Proton Power,protonpower.com/
PTC Therapeutics,ptcbio.com/
Pulse Therapeutics,pulsetherapeutics.com/
Pyrexar Medical Inc.,pyrexar.com/
Qiagen GmbH,qiagen.com/us/
Quantum Materials Corporation,qmcdots.com/
RF Micro Devices,qorvo.com/
QUALCOMM Incorporated,qualcomm.com/
QUALCOMM MEMS Technologies,qualcomm.com/
Qualsig Inc.,qualsig.com/
Quantapore,quantapore.com/
Quantum Devices,quantumdev.com/
QuantumScape Corporation,quantumscape.com/
Dell Software Inc.,quest.com
RADIANCE SOLAR,radiancesolar.com/
Renewable Algal Energy,rae-energy.com/
R.A. Miller Industries,rami.com/
Rapamycin Holdings,rapamycinholdings.com/
Raytheon Company,raytheon.com/
Raytheon BBN Technologies Corp.,raytheon.com/ourcompany/bbn
Rebellion Photonics,rebellionphotonics.com/
Red Hat,redhat.com/en
Redwood Systems,redwoodsystemsgroup.com/
Regeneron Pharmaceuticals,regeneron.com/
Reliance Controls Corporation,reliancecontrols.com/
Relypsa,relypsa.com/
Renesas Electronics Corporation,renesas.com/en-us/
Renmatix,renmatix.com/
RenovaCare Sciences Corp.,renovacareinc.com/contact/
RES USA,res-usa.com/
Synaptic Research,research.synaptic.co.uk/
MANUFACTURING RESOURCES INTERNATIONAL,resourcemfg.com/
Revera,reveraliving.com/
Revivicor,revivicor.com/
Reynolds Technologies,reynoldstechnology.biz/
Rio Grande Valley Sugar Growers,rgvsugar.com/
Richtek Technology Corporation,richtek.com/
Ricoh Company Limited,ricoh.com/
Rima Enterprises,rimaenterprises.in/
Riverbed Technology,riverbed.com/
R.J. Reynolds Tobacco Company,rjrt.com/
Roche Molecular Systems,roche.com/
Roche Diabetes Care,roche.com/partnering/diagnostics-areas-of-interest/diabetes-management.htm
Roche Innovation Center Copenhagen A/S,roche.com/research_and_development/who_we_are_how_we_work/rnd_locations/research_location.htm?id=c98f27ea-a769-48ee-b7ef-4441cf20e267
Rockwell Automation Technologies,rockwellautomation.com/site-selection.html
Rockwell Collins,rockwellcollins.com/
Roll-N-Lock Corporation,rollnlock.com/
Rolls-Royce PLC,rolls-royce.com/
Rolls-Royce North American Technologies,rolls-royce.com/country-sites/northamerica.aspx
Renewable Power Conversion,rpcincorporated.com/
Research Triangle Institute,rti.org/
Sensor Electronic Technology,s-et.com/
SABIC GLOBAL TECHNOLOGIES B.V.,sabic.com/en
SAE Magnetics (HK) Ltd.,sae.com.hk/
Sagacious Investment Group L.L.C.,sagaciousinvestmentservices.com/
SAINT-GOBAIN ABRASIFS,saint-gobain-abrasives.com/en-us
Solan,salon.com/
Samsung Electronics,samsung.com/us/
Samsung Electronics Co.,samsung.com/us/
Samsung SDI Co.,samsungsdi.com/
Sandia Corporation,sandia.gov
SanDisk Technologies LLC,sandisk.com/
SanDisk 3D LLC,sandisk.com/home/ssd/ultra-3d-ssd
Sangamo BioSciences,sangamo.com/
Sanken Electric Co.,sanken-ele.co.jp/en/index.php
Sanofi,sanofi.com/en/
Genzyme Corporation,sanofigenzyme.com/
Sanuvox Technologies,sanuvox.com/
AVI BioPharma,sarepta.com/
Sarepta Therapeutics,sarepta.com/
Schneider Electric USA,schneider-electric.us/en/
Scientific Design Company,scidesign.com/
S. C. Johnson & Son,scjohnson.com/
S.C. Johnson & Son,scjohnson.com/
SD Technologies,sd-techs.com/
SEaB Energy Holdings Ltd.,seabenergy.com/
Seagate Technology LLC,seagate.com/
Sumitomo Electric Device Innovations,sedi.co.jp/?version=en
Seetron Inc.,seetron.com/index.html
Seiko Instruments Inc.,seikoinstruments.com/
Semiconductor Energy Laboratory Co.,sel.co.jp/en/
Selas Heat Technology Company LLC,selas.com/
Selecta Biosciences,selectabio.com/
Selkermetrics,selkermetrics.com/
SELMAN AND ASSOCIATES,selmanlog.com/
Sima Therapeutics,semma-tx.com/
Semprius,semprius.com
Senaya,senaya.com/
Sensor-Kinesis Corporation,sensor-kinesis.com/
Sequenom,sequenom.com/
ServiceNow,servicenow.com/
Sharp Laboratories of America,sharplabs.com/
Shell Oil Company,shell.us/
Shimadzu Corporation,shimadzu.com/
Shin-Etsu Chemical Co.,shinetsu.co.jp/en/
BAXALTA INCORPORATED,shire.com/
Shoals Technologies Group,shoals.com/
Nippon Shokubai Co.,shokubai.co.jp/en/
Pansonic Corporation,shop.panasonic.com/
Sick AG,sick.com/de/en/
SICPA Holding SA,sicpa.com/
Sony Interactive Entertainment America LLC,sie.com/en/index.html
Siemens Aktiengesellschaft ,siemens.com/global/en/home.html
Siemens Corporation,siemens.com/global/en/home.html
Siemens Energy,siemens.com/global/en/home/products/energy.html
Siemens Industry,siemens.com/us/en/home/products/automation.html
Sienna Biopharmaceuticals,siennabio.com/
Sienna Labs,siennabio.com/
ProNAi Therapeutics,sierraoncology.com/
Sierra Sciences,sierrasci.com/?p=home
Silicon Genesis Corporation,sigen.net/
Sigma-Aldrich Co. LLC,sigmaaldrich.com/
Sila Nanotechnologies,silanano.com/
Bluestar Silicones France,silicones.elkem.com/
Silicor Materials Inc.,silicormaterials.com/
Siluria Technologies,siluria.com/
Sinewatts,sinewatts.com/
Singular Bio,singularbio.com/
Singulex,singulexclarity.eu/
Sinton Consulting,sintoninstruments.com/
Sion Power Corporation,sionpower.com/
Solar Junction Corporation,sj-solar.com/
St. Jude Medical,sjm.com/
Hynix Semiconductor Inc.,skhynix.com/eng/index.jsp
SK Hynix Inc.,skhynix.com/eng/index.jsp
Skidmore,skidmore.edu/
SK Telecom Co.,sktelecom.com/index.html
Schlumberger Technology Corporation,slb.com/
Smart Planet Technologies,smartplanettech.com/
Surebeam Corporation,smebeam.com/
Smith & Nephew,smith-nephew.com/
SNS NANO FIBER TECHNOLOGY,snsnano.com/
SB ENERGY,softbank.jp/en/energy/
SOL-ELECTRICA,sol-electrica.com/
Sola U.S.A. Inc.,sola.at/
SolaBlock LLC,solablock.com/
SolAero Technologies Corp.,solaerotech.com
Schneider Electric Solar Inverters USA,solar.schneider-electric.com/
Solarmer Energy,solarmer.com/
SolarReserve Technology,solarreserve.com/en/technology
Solar-Tectic LLC,solartecticllc.com/
SOLARTONIC,solartonic.com/
SolarWorld Americas Inc.,solarworld-usa.com/
SOLAZYME,solazyme.com/
SOLENA FUELS CORPORATION,solenafuels.com/
Solight Solar,solight.com/
Soliton Lasers,soliton.com/
SunCulture Solar Inc.,solpad.com/
Solvay Specialty Polymers USA,solvay.com/en
Rhodia Operations,solvay.com/en/search/products
Sony Corporation,sony.com/
Soraa,soraa.com/
Soraa Laser Diode,soraalaser.com/
SPC International,spc-intl.com
SPICE SOLAR,spicesolar.com/
Siliconware Precision Industries Co.,spil.com.tw/
SixPoint Materials,spmaterials.com/
SRG Global,srgglobal.com/
Silicon Storage Technology,sst.com/
S&S X-Ray Products,ssxray.com/
St. Microelectronics Inc.,st.com/content/st_com/en.html
STMicroelectronics Limited,st.com/content/st_com/en.html
STMicroelectronics S.A.,st.com/content/st_com/en.html
Stablcor Technology,stablcor.com/
STANDARD ALCOHOL COMPANY OF AMERICA,standardalcohol.com/#!
Stanley Electric Co.,stanley.co.jp/e/
Star Technology and Research,star-tech-inc.com/
Starlight Energy Holdings LLC,starlightenergy.us/
Starsource Scientific LLC,starsource.com/about/?41.html
STATS ChipPAC,statschippac.com/
Stora Enso Oyj,storaenso.com/
Stratasys,stratasys.com/
Suganit Systems,suganit.com/
Sumco Corporation,sumco.com/
Sumitomo Rubber Industries,sumitomorubber-usa.com/
Sun Chemical Corporation,sunchemical.com/
Suncore Photovoltaics,suncoreus.com/
Sun Drilling Products Corporation,sundrilling.com/
Sundrop Fuels,sundropfuels.com/
SunEdison,sunedison.com/
Sungevity Inc.,sungevity.com/
Sunlight Photonics Inc.,sunlightphotonics.com/
SunLink Corporation,sunlink.com/
Solaire Generation LLC,sunpowercarports.com/
SunRun,sunrun.com/
Sunrun South LLC,sunrun.com/
SUNSALUTER,sunsaluter.org/
Sun Synchrony,sunsynchrony.com/
Integrated Solar Technology,suntegrasolar.com/
Supremex Inc.,supremex.com/
Sustainable Technologies,sustech.cc/wordpress/
Swagelok Company,swagelok.com/
Sweetwater Energy,sweetwater.us/
Swift Engineering,swiftengineering.com/
Southwest Research Institute,swri.org/
SUMITOMO WIRING SYSTEMS,sws.co.jp/en/
Osram Sylvania Inc.,sylvania.com/
Symantec Corporation,symantec.com/
Simbol Inc.,symbols.com/
Conexant Systems,synaptics.com/
Syngenta Participations AG,syngenta.com/
Synopsys,synopsys.com/
Synthetic Genomics,syntheticgenomics.com/
SYNTHOMER USA LLC,synthomer.com/
Sysmex Corporation,sysmex.com/Pages/default.aspx
System Biosciences,systembio.com/
TRI ALPHA ENERGY,tae.com/
Taiyo Ink Mfg. Co.,taiyo-hd.co.jp/en/group/ink/
Takara Bio Inc.,takarabio.com/
Takeda Pharmaceutical Company Limited,takeda.com/
Microsurge,talcusa.com/microsurge/
Tamura Corporation,tamuracorp.com/
Tapwave,tapwave.net/
Tarveda Therapeutics,tarveda.com/
Tau Therapeutics LLC,taurx.com/
TMC Corporation,tcm.com/
Tata Consultancy Services Limited,tcs.com/
Tyco Electronics Corporation,te.com/usa-en/home.html
Tyco Electronics U.K. LTD,te.com/usa-en/home.html
EXOS LLC,teamexos.com/
TECNIUM,tecnium.es/
TEKNOR APEX COMPANY,teknorapex.com/
Tokyo Electron Limited,tel.com/
Tela Innovations,tela-inc.com/
Teledyne Scientific & Imaging,teledyne-si.com/
Cetac Technologies Inc.,teledynecetac.com/
Teradata US,teradata.com/About-Us
E. Tech Incorporation,terratechcorp.com/
TerraVia Holdings,terravia.com/
Tersus Environmental,tersusenv.com/
SolarCity Corporation,tesla.com/solarpanels?energy_redirect=true
Tesla Nanocoatings,teslanano.com/
Tessera,tessera.com/
Tessera Advanced Technologies,tessera.com/
THE BOARD INSTITUTE,theboardinstitute.com/
The Carbon Cable Company,thecableco.com/
Angstron Materials,theglobalgraphenegroup.com/
TheGreenCell,thegreencell.com/
T.H.E.M.,them.net/
Theraclone Sciences,theraclone-sciences.com/home.php
SEEK THERMAL,thermal.com/
Life Technologies Corporation,thermofisher.com/us/en/home.html
Thermo Finnigan,thermofisher.com/us/en/home.html
Thermo Fisher Scientific Inc.,thermofisher.com/us/en/home.html
Applied Biosystems,thermofisher.com/us/en/home/brands/applied-biosystems.html
Disney Enterprises,thewaltdisneycompany.com/
Thoratec Corporation,thoratec.com/
Thorlabs,thorlabs.com/
Thorlabs Quantum Electronics,thorlabs.com/
Thorn Bioscience LLC,thornbioscience.com/
THYSSENKRUPP INDUSTRIAL SOLUTIONS GMBH,thyssenkrupp.com/en/
Texas Instruments Incorporated,ti.com/
NLT TECHNOLOGIES,tianma.co.jp/en/
Tigo Energy,tigoenergy.com/
Nederlandse Organisatie voor toegepast-natuurwetenschappelijk onderzoek TNO,tno.nl/en/
Toda Kogyo Corporation,todakogyo.co.jp/english/
Tokyo Ohka Kogyo Co.,tok.co.jp/eng/
TOMOWAVE LABORATORIES,tomowave.com/
Toray Industries Inc. ,toray.com/
Toray Plastics (America),toraytpa.com/
Kabushikikaisha Toshiba,toshiba.com/tai/
Toshiba America Electronic Components,toshiba.semicon-storage.com/us/top.html
Tosoh Corporation,tosoh.com/
Total Marketing Services,total.com/en
Toyota Jidosha Kabushiki Kaisha,toyota-global.com/pages/contents/investors/ir_library/sec/pdf/form_sd_201605_final.pdf
Toyota Motor Engineering & Manufacturing North America,toyota.com/usa/careers/index.html
TP Solar,tpsolar.nl/?lang=en
TRANE INTERNATIONAL INC.,trane.com/index.aspx
Transilwrap Company,transcendia.com/
Transitions Optical,transitions.com/en-us/
Transposagen Biopharmaceuticals,transposagenbio.com/
Transtron Solutions LLC,transtron.com/en/
Travis Industries,travisindustries.com/
TECHNOLOGY RESEARCH,trci.net/
Texas Research International,tri-intl.com/
TRIDONIC GMBH & CO KG,tridonic.com/com/en/
Triple Ring Technologies,tripleringtech.com/
Valicor,trucent.com/
True-Safe Technologies,true-safe.com/
Teal Sales Incorporated,tsi-inc.net
Taiwan Semiconductor Manufacturing Company,tsmc.com/english/default.htm
TT Technologies,tttechnologies.com/
Tufts Medical Center,tuftsmedicalcenter.org/
Turf Group LLC,turfgroup.net/
Turtle Beach Corporation,turtlebeach.com/
Ube Industries,ube-ind.co.jp/ube/en/index.html
UCB Pharma S.A.,ucb.com/
UChicago Argonne,uchicagoargonnellc.org/
United Microelectronics Corp.,umc.com/
Uni-Charm Corporation,unicharm.co.jp/english/index.html
Unifrax I LLC,unifrax.com/
UNISANTIS ELECTRONICS SINGAPORE PTE. LTD.,unisantis.com/
Uniseal Solutions Inc.,unisealsolutions.com/
Unistrut International Corp.,unistrut.us/
Unity Semiconductor Corporation,unity-sc.com/
Universal Leaf Tobacco Co.,universalcorp.com/
Kao Corporation,us.army.mil/
Bioneer Corporation,us.bioneer.com/
SunPower Corporation,us.sunpower.com/
Canon,usa.canon.com/internet/portal/us/home
DuPont Teijin Films U.S. Limited Partnership,usa.dupontteijinfilms.com/
Siemens Medical Solutions USA,usa.healthcare.siemens.com/
UT-Battelle,ut-battelle.org/
United Technologies Corporation,utc.com/
Hamilton Sundstrand Corporation,utcaerospacesystems.com/
UVIC INDUSTRY PARTNERSHIPS INC.,uvic.ca/research/partner/index.php
UWM Research Foundation,uwmrf.org/
Vadient Optics,vadient.com/
Abbott Cardiovascular Systems Inc.,vascular.abbott/us/homepage.html
Vascular BioSciences,vascularbiosciences.com/
Vaxiion Therapeutics,vaxiion.com/
VEECO PRECISION SURFACE PROCESSING LLC,veeco.com/technologies-and-products/precision-surface-processing-systems
Veracode,veracode.com/
Veracyte,veracyte.com/
VERILY LIFE SCIENCES LLC,verily.com/
VERLASE TECHNOLOGIES LLC,verlase.com/
Verliant Energy,verliantenergy.com/
VIASAT INC.,viasat.com/
VINDICO NANOBIO TECHNOLOGY INC.,vindicoat.com/
VIOLIN MEMORY,violinsystems.com/
Virent,virent.com/
Vizio Inc.,vizio.com/
VMware,vmware.com/
Traex Corporation,vollrath.com/Traex-Full-Size-Compartment-Racks-1766.htm
Silicon Space Technology Corp.,voragotech.com/
Vorbeck Materials Corporation,vorbeck.com/
Voxtel,voxtel-inc.com/
WAFERTECH,wafertech.com/en/careers/
Waters Technologies Corporation,waters.com/waters/home.htm?locale=en_US
Watlow Electric Manufacturing Company,watlow.com/
WCA Group LLC,wca-group.com/
Weatherford Canada Partnership,weatherford.com/
Wave Energy Conversion Corporation of America,weccamerica.com/
Terra Caloric,wellconnectgeo.com/
Wenger Corporation,wengercorp.com/
Wentworth Laboratories,wentworthlabs.com/
Wostec,westec.org/
WestPoint Home,westpointhome.com/
Building Envelope Innovations,wet-flash.com/
WHATSAPP INC.,whatsapp.com/
Wikipad,wikipad.com/
Winbond Electronics Corp.,winbond.com/
Wine.com,wine.com/
Wireless Environment,wirelessenv.com/
WiSys Technology Foundation,wisys.org/
Wizard Labs,wizardlabs.us/
Casio Computer Co.,world.casio.com/
WOVN,wovns.com/
W&Wsens Devices,wwsensdevices.com/
NOK Corporation,nok.co.jp/en/
George Mason Research Foundation,.gmu.edu/research
Hewlett-Packard Development Company,.hp.com/us/en/home.html
Wyatt Technology Corporation,wyatt.com/
X DEVELOPMENT LLC,x.org/wiki/Development/
ZENA TECHNOLOGIES,xena-technologies.com/
Xerox Corporation,xerox.com/
Xintec Inc.,xintec.com.tw/eng/index.aspx
Crystal Solar Inc.,xtalsolar.com/
Crystal Solar Incorporated,xtalsolar.com/
22nd Century Limited,xxiicentury.com/
Xyleco,xyleco.com/
Yageo Corporation,yageo.com/portal/product/product.jsp
Yamaha Corporation,yamaha-motor.com/
Yeda Research and Development Co.,yedarnd.com/Overview
Metabolix,yield10bio.com/
Yissum,yissum.co.il/
ZIH Corp.,zebra.com/us/en.html/
Carl Zeiss Meditec AG,zeiss.com/meditec-ag/home.html
Carl Zeiss Microscopy GmbH,zeiss.com/microscopy/int/home.html
Zeno Semiconductor Inc,zenosemi.com/
Zephyr Energy Systems LLC,zephyrenergy.com/
Zoetis Services LLC,zoetis.com/products-services/
ZON,zon.si/
Zygo Corporation,zygo.com/
Zyvex Labs,zyvexlabs.com/