firm name,url,LinkedIn employees,LinkedIn url,LinkedIn matched name,jaro-winkler distance result
"ag energy solutions, inc.",https://ag.energy/,6,https://www.linkedin.com/company/ag-energy-solutions-inc-,"Ag Energy Solutions, Inc.",4
"altarock energy, inc.",http://altarockenergy.com/,16,https://www.linkedin.com/company/altarock-energy,AltaRock Energy,9
"ascent solar technologies, inc.",http://www.ascentsolar.com/,87,https://www.linkedin.com/company/ascent-solar-technologies-inc-,"Ascent Solar Technologies, Inc.",4
"atonometrics, inc.",http://www.atonometrics.com/,8,https://www.linkedin.com/company/atonometrics,Atonometrics,7
bitrode corporation,https://www.linkedin.com/company/bitrode-corporation,61,https://www.linkedin.com/company/bitrode-corporation,Bitrode Corporation,2
"blue sea systems, inc.",https://www.bluesea.com/,40,https://www.linkedin.com/company/blue-sea-systems,Blue Sea Systems,9
"california industrial facilities resources, inc.",http://www.hoovers.com/company-information/cs/company-profile.california_industrial_facilities_resources_inc.1be89a3b703423d6.html,394,https://www.linkedin.com/company/california-steel-industries,"California Steel Industries, Inc. (CSI)",38
"chromalox, inc.",http://www.chromalox.com/,454,https://www.linkedin.com/company/chromalox/life,Chromalox: Life,6
community power corporation,http://www.gocpc.com/,19,https://www.linkedin.com/company/community-power-corp-,Community Power Corp.,10
crystal solar inc.,http://xtalsolar.com/,24,https://www.linkedin.com/company/crystal-solar,Crystal Solar,7
"delta electronics, inc.",http://www.deltaww.com/,7254,https://www.linkedin.com/company/delta-electronics,Delta Electronics,8
"echogen power systems, llc",https://www.echogen.com/,20,https://www.linkedin.com/company/echogen-power-systems,Echogen Power Systems,8
"enow, inc.",https://enowenergy.com/,12,https://www.linkedin.com/company/enow-inc-,"eNow, Inc.",2
"envision solar international, inc.",http://www.envisionsolar.com/,28,https://www.linkedin.com/company/envision-solar,Envision Solar,22
"everspin technologies, inc.",https://www.everspin.com/,119,https://www.linkedin.com/company/everspin-technologies,Everspin Technologies,8
"forest concepts, llc",http://www.forestconcepts.com/,3,https://www.linkedin.com/company/sherwood-forest-capital-management,"Market Concepts, LLC",8
goal zero llc,https://www.goalzero.com/,100,https://www.linkedin.com/company/curtis-mobile,Curtis Mobile,11
howard industries,http://howard-ind.com/,4,https://www.linkedin.com/company/howard-industriesuk,Howard Industries,2
"magnolia optical technologies, inc.",http://magnoliaoptical.com/,4,https://www.linkedin.com/company/magnolia-optical-technologies,Magnolia Optical Technologies,9
"microlink devices, inc.",http://mldevices.com/,37,https://www.linkedin.com/company/microlink-devices-inc.,"MicroLink Devices, Inc.",4
"pioneer energy, inc.",http://www.pioneerenergy.com/,44,https://www.linkedin.com/company/pioneer-energy,Pioneer Energy,8
renewable opportunities inc.,http://renewableopportunitiesinc.com/,,https://www.linkedin.com/company/renewable-cities-forum,Renewable Cities Australia,18
"renmatix, inc.",http://renmatix.com/,42,https://www.linkedin.com/company/renmatix,Renmatix,7
"sinton consulting, inc.",https://www.sintoninstruments.com/,2,https://www.linkedin.com/company/sinton-consulting-inc,Sinton Consulting Inc,8
"solarmer energy, inc.",http://solarmer.com/,11,https://www.linkedin.com/company/solarmer-energy-inc.,"Solarmer Energy, Inc.",3
"swift engineering, inc.",https://swiftengineering.com/,108,https://www.linkedin.com/company/swift-engineering-inc.,"Swift Engineering, Inc.",3
wenger corporation,http://www.wengercorp.com/,291,https://www.linkedin.com/company/wenger-corporation,Wenger Corporation,2
abbott molecular inc.,https://www.molecular.abbott/,211,https://www.linkedin.com/company/abbott-molecular-inc.,Abbott Molecular Inc.,3
"advanced ceramic fibers, llc",http://www.acfibers.com/index.html,5,https://www.linkedin.com/company/advanced-ceramic-fibers-llc,"Advanced Ceramic Fibers, LLC",6
"applied nanostructures, inc.",http://www.appnano.com/,7,https://www.linkedin.com/company/applied-nanostructures,Applied Nanostructures,8
"asm america, inc.",https://www.bloomberg.com/research/stocks/private/snapshot.asp?privcapId=7641842,139,https://www.linkedin.com/company/asm-america,Asm America,8
"aurrion, inc.",https://www.crunchbase.com/organization/aurrion,10,https://www.linkedin.com/company/aurrion,"Aurrion, Inc.",2
"aushon biosystems, inc.",http://www.aushon.com/,20,https://www.linkedin.com/company/aushon-biosystems,Aushon,18
avery dennison corporation,http://www.averydennison.com/,390,https://www.linkedin.com/company/avery-products-corporation,Avery Products Corporation,10
avery dennison corporation,http://www.averydennison.com/,390,https://www.linkedin.com/company/avery-products-corporation,Avery Products Corporation,10
"becton, dickinson and company",http://www.bd.com/,2944,https://www.linkedin.com/company/becton-dickinson,Becton Dickinson,24
"bionano genomics, inc.",,84,https://www.linkedin.com/company/bionano-genomics-inc-,"Bionano Genomics, Inc.",3
brother international corporation,https://www.brother-usa.com/,1514,https://www.linkedin.com/company/brother-international-corporation,Brother International Corporation,3
"carver scientific, inc.",http://www.carversci.com/,12,https://www.linkedin.com/company/carver-scientific-inc,"Carver Scientific, Inc.",3
"cavium, inc.",https://cavium.com/,1239,https://www.linkedin.com/company/cavium-inc,Cavium Inc,7
clearsign combustion corporation,https://www.clearsign.com/,23,https://www.linkedin.com/company/clearsign-combustion-corp,ClearSign Combustion Corp,11
"complete genomics, inc.",http://www.completegenomics.com/,194,https://www.linkedin.com/company/complete-genomics-inc-,Complete Genomics Inc.,8
crystal solar inc.,http://xtalsolar.com/,24,https://www.linkedin.com/company/crystal-solar,Crystal Solar,7
"daylight solutions, inc.",https://www.daylightsolutions.com/,115,https://www.linkedin.com/company/daylight-solutions,Daylight Solutions,8
"dcg systems, inc.",https://www.bloomberg.com/research/stocks/private/snapshot.asp?privcapId=49976485,109,https://www.linkedin.com/company/dcg-systems,DCG Systems,10
"delta electronics, inc.",http://www.deltaww.com/,7254,https://www.linkedin.com/company/delta-electronics,Delta Electronics,8
"dhpc technologies, inc.",http://www.dhpctech.com/,144,https://www.linkedin.com/company/dhpc,DHPC Technologies Inc.,11
"electronic warfare associates, inc.",http://ewa.com/,359,https://www.linkedin.com/company/ewa,Electronic Warfare Associates (EWA),9
"element one, inc.",http://www.e1lab.com/,24,https://www.linkedin.com/company/elements-personnel,Elements Personnel,10
"everspin technologies, inc.",https://www.everspin.com/,119,https://www.linkedin.com/company/everspin-technologies,Everspin Technologies,8
"fenwal, inc.",https://kidde-fenwal.com/Public/Fenwal_Landing?ReturnUrl=%2f,9,https://www.linkedin.com/company/fenwal-france-sas,FENWAL FRANCE SAS,17
fike corporation,http://www.fike.com/,458,https://www.linkedin.com/company/fike-corporation,Fike Corporation,2
finisar corporation,https://www.finisar.com/,2462,https://www.linkedin.com/company/finisar,Finisar Corporation (NASDAQ: FNSR),17
fluidigm corporation,https://www.fluidigm.com/,498,https://www.linkedin.com/company/fluidigm-corporation,Fluidigm Corporation,2
honeywell international inc.,https://www.honeywell.com/,,https://www.linkedin.com/showcase/honeywell-aerospace,Honeywell Aerospace,18
ideal power inc.,http://www.idealpower.com/,33,https://www.linkedin.com/company/ideal-power-converters,Ideal Power Inc.,3
imds corporation,,51,https://www.linkedin.com/company/imds-inc,Imds Inc,12
"imra america, inc.",https://www.imra.com/,91,https://www.linkedin.com/company/imra-america-inc.,"IMRA America, Inc.",6
inview technology corporation,http://inviewcorp.com/,3,https://www.linkedin.com/company/inview-technology-corporation,InView Technology Corporation,4
"k-space associates, inc.",https://www.k-space.com/,16,https://www.linkedin.com/company/k-space-associates,k-Space Associates,8
kodak alaris inc.,https://www.kodakalaris.com/,1673,https://www.linkedin.com/company/kodak-alaris,Kodak Alaris,7
"kulite semiconductor products, inc",https://www.kulite.com/,187,https://www.linkedin.com/company/kulite-semiconductor-products-inc-,Kulite Semiconductor Products Inc.,8
"liquid x printed metals, inc.",http://www.liquid-x.com/,9,https://www.linkedin.com/company/liquid-x-printed-metals,Liquid X Printed Metals,10
luna innovations incorporated,http://lunainc.com/,293,https://www.linkedin.com/company/luna-innovations,Luna Innovations Incorporated,3
"microchips biotech, inc.",http://www.microchipsbiotech.com/,26,https://www.linkedin.com/company/microchips,Microchips Biotech,8
"monosol, llc",https://www.monosol.com/,65,https://www.linkedin.com/company/monosolrx,MonoSol RX,7
"moxtek, inc.",http://moxtek.com/,168,https://www.linkedin.com/company/moxtek,MOXTEK,12
nanobio corporation,http://www.bluewillow.com/,36,https://www.linkedin.com/company/nanobio-corporation,NanoBio Corporation,3
"nanomech, inc.",http://www.nanomech.com/,35,https://www.linkedin.com/company/nanomech-llc,NanoMech Inc.,8
"nanoridge materials, inc.",http://nanoridge.com/,8,https://www.linkedin.com/company/nanoridge-materials-inc.,"NANORIDGE MATERIALS, INC.",21
"nanospectra biosciences, inc.",https://www.nanospectra.com/,10,https://www.linkedin.com/company/nanospectra-biosciences,Nanospectra Biosciences,8
"nantero, inc.",http://nantero.com/,21,https://www.linkedin.com/company/nanoink-inc.,"NanoInk, Inc.",6
"oceanit laboratories, inc.",https://www.oceanit.com/,100,https://www.linkedin.com/company/oceanit,Oceanit,20
"ofs fitel, llc",https://www.ofsoptics.com/,910,https://www.linkedin.com/company/ofs,OFS,14
optodot corporation,http://optodot.com/,,https://www.linkedin.com/userp/title/corporate-engineer/boston,Top 25 Corporate Engineer profiles in Boston,43
"pacific biosciences of california, inc.",https://www.pacb.com/,461,https://www.linkedin.com/company/pacific-biosciences,Pacific Biosciences,22
"princeton optronics, inc.",http://www.princetonoptronics.com/,,https://www.linkedin.com/title/engineer-at-sasa,Engineer at Sasa,24
"propagation research associates, inc.",http://pra-corp.com/,7,https://www.linkedin.com/company/propagation-research-associates,Propagation Research Associates,9
quallion llc,https://www.bloomberg.com/research/stocks/private/snapshot.asp?privcapId=9477313,62,https://www.linkedin.com/company/quallion,Quallion,5
quantumscape corporation,http://www.quantumscape.com/,33,https://www.linkedin.com/company/quantumscape,QuantumScape,14
selas heat technology company llc,,40,https://www.linkedin.com/company/selas-heat-technology,Selas Heat Technology,15
"selecta biosciences, inc.",http://selectabio.com/,35,https://www.linkedin.com/company/selecta-bio,Selecta Biosciences,8
sensor-kinesis corporation,,11,https://www.linkedin.com/company/sensor-kinesis-corp-,Sensor-Kinesis Corp.,10
"siemens energy, inc.",https://www.siemens.com/global/en/home/products/energy.html,,https://www.linkedin.com/showcase/siemens-energy,Siemens Energy,8
"teledyne scientific & imaging, llc",http://www.teledyne-si.com/business-units/teledyne-scientific-company,203,https://www.linkedin.com/company/teledyne-scientific-&-imaging,Teledyne Scientific & Imaging,8
"triple ring technologies, inc.",http://www.tripleringtech.com/,102,https://www.linkedin.com/company/triple-ring-technologies,Triple Ring Technologies,9
vindico nanobio technology inc.,https://www.linkedin.com/company/vindico-nanobiotechnology-inc.,3,https://www.linkedin.com/company/vindico-nanobiotechnology-inc.,"Vindico NanoBioTechnology, Inc.",15
"voxtel, inc.",http://voxtel-inc.com/,43,https://www.linkedin.com/company/voxtel-inc.,Voxtel Inc.,7
"wentworth laboratories, inc.",http://www.wentworthlabs.com/,23,https://www.linkedin.com/company/wentworth-laboratories,Wentworth Laboratories,8
wyatt technology corporation,https://www.wyatt.com/,165,https://www.linkedin.com/company/wyatt-technology,Wyatt Technology,14
"ziptronix, inc.",https://www.businesswire.com/news/home/20150827005879/en/Tessera-Acquire-Ziptronix-39-Million,8,https://www.linkedin.com/company/ziptronix,"Ziptronix, Inc.",2
zygo corporation,https://www.zygo.com/,369,https://www.linkedin.com/company/zygo-corporation,Zygo Corporation,2
"acell, inc.",https://acell.com/,369,https://www.linkedin.com/company/acell-inc.,"ACell, Inc.",3
"achaogen, inc.",http://www.achaogen.com/,298,https://www.linkedin.com/company/achaogen/jobs,Achaogen: Jobs,6
acumed llc,http://www.acumed.net/,527,https://www.linkedin.com/company/acumed,Acumed,5
"ade, inc.",,636,https://www.linkedin.com/company/ade,ADE,9
aduro biotech,http://www.aduro.com/,131,https://www.linkedin.com/company/aduro-biotech,Aduro Biotech,2
"advanced bionics, llc",,895,https://www.linkedin.com/company/advanced-bionics,Advanced Bionics,7
"advis, inc.",https://www.linkedin.com/company/advis-inc.,10,https://www.linkedin.com/company/advis-a-s,Advis A/S,7
"aerovironment, inc.",https://www.avinc.com/,712,https://www.linkedin.com/company/aerovironment/jobs,AeroVironment: Jobs,7
"aerovironment, inc.",https://www.avinc.com/,712,https://www.linkedin.com/company/aerovironment/jobs,AeroVironment: Jobs,7
"affymetrix, inc.",https://www.thermofisher.com/us/en/home/life-science/microarray-analysis.html,746,https://www.linkedin.com/company/affymetrix,Affymetrix,7
algenol biotech llc,http://algenol.com/,130,https://www.linkedin.com/company/algenol-biofuels-inc-,Algenol,13
alliant techsystems inc.,https://www.fool.com/investing/general/2015/01/29/alliant-techsystems-inc-issues-its-last-earnings-r.aspx,35,https://www.linkedin.com/company/alliant-tech-systems-inc,Alliant Tech Systems Inc,14
"amprius, inc.",http://amprius.com/,44,https://www.linkedin.com/company/amprius-inc,Amprius Inc,7
"ansun biopharma, inc.",http://www.ansunbiopharma.com/,17,https://www.linkedin.com/company/nexbio-inc,"Ansun Biopharma, Inc.",3
"arisaph pharmaceuticals, inc.",https://www.massbio.org/member/arisaph-pharmaceuticals-inc-44348,9,https://www.linkedin.com/company/arisaph-pharmaceuticals-inc-,"Arisaph Pharmaceuticals, Inc.",3
"attagene, inc.",http://www.attagene.com/,,https://www.linkedin.com/userp/title/statistician-at-unc-chapel-hill,Statistician at Unc Chapel Hill,29
"autonomic materials, inc.",https://www.autonomicmaterials.com/,11,https://www.linkedin.com/company/autonomic-materials-inc-,"Autonomic Materials, Inc.",3
avery dennison corporation,http://www.averydennison.com/,390,https://www.linkedin.com/company/avery-products-corporation,Avery Products Corporation,10
avery dennison corporation,http://www.averydennison.com/,390,https://www.linkedin.com/company/avery-products-corporation,Avery Products Corporation,10
"avinger, inc.",http://avinger.com/,102,https://www.linkedin.com/company/avinger-inc-,Avinger Inc.,7
"azul systems, inc.",https://www.azul.com/,185,https://www.linkedin.com/company/azul-systems,Azul Systems,8
"beckman coulter, inc.",https://www.beckmancoulter.com/,10922,https://www.linkedin.com/company/beckman-coulter/jobs,Beckman Coulter: Jobs,7
"becton, dickinson and company",https://www.bd.com/,2944,https://www.linkedin.com/company/becton-dickinson,Becton Dickinson,24
beryllium discovery corp.,http://be4.com/,29,https://www.linkedin.com/company/beryllium,Beryllium Discovery,8
"bio med sciences, inc.",http://www.silon.com/,16,https://www.linkedin.com/company/bio-med-sciences-inc-,"Bio Med Sciences, Inc.",4
"biochain institute, inc.",https://www.biochain.com/,48,https://www.linkedin.com/company/biochain-institute-inc,"Biochain Institute, Inc",4
"biodelivery sciences international, inc.",https://bdsi.com/,119,https://www.linkedin.com/company/biodeliverysciencesinternational,BioDelivery Sciences International,10
"cardiva medical, inc.",http://www.cardivamedical.com/,116,https://www.linkedin.com/company/cardiva-medical,Cardiva Medical,8
"celonova biosciences, inc.",http://celonova.com/celonova/,78,https://www.linkedin.com/company/celonova-biosciences-inc-,"CeloNova BioSciences, Inc.",5
chemimage corporation,https://www.chemimage.com/,96,https://www.linkedin.com/company/chemimage-corporation,ChemImage Corporation,3
"cmc icos biologics, inc.",http://www.agcbio.com/,,https://www.linkedin.com/showcase/cmc-biologics,CMC Biologics,21
"complete genomics, inc.",http://www.completegenomics.com/,194,https://www.linkedin.com/company/complete-genomics-inc-,Complete Genomics Inc.,8
"confluence energy, llc",http://www.confluenceenergy.com/,171,https://www.linkedin.com/company/confluence-outdoor,Confluence Outdoor,12
"crp, inc.",https://www.crpcorp.com/,358,https://www.linkedin.com/company/crp,CRP,9
"cryolife, inc.",https://www.cryolife.com/,544,https://www.linkedin.com/company/cryolife-inc.,"CryoLife, Inc.",3
"data sciences international, inc.",https://www.datasci.com/,126,https://www.linkedin.com/company/data-sciences-international,Data Sciences International,9
"dcg systems, inc.",https://www.bloomberg.com/research/stocks/private/snapshot.asp?privcapId=49976485,109,https://www.linkedin.com/company/dcg-systems,DCG Systems,10
"detroit r & d, inc.",https://www.reddit.com/r/Detroit/,3,https://www.linkedin.com/company/detroit-r&d,Detroit R&D,12
"dicerna pharmaceuticals, inc.",http://dicerna.com/,67,https://www.linkedin.com/company/dicerna-pharmaceuticals-inc.,"Dicerna Pharmaceuticals, Inc.",3
discoverx corporation,https://www.discoverx.com/home,143,https://www.linkedin.com/company/eurofinsdiscoverx,Eurofins DiscoverX,21
"eic laboratories, inc.",http://eiclabs.com/,21,https://www.linkedin.com/company/eic-laboratories,EIC Laboratories,10
"enzo life sciences, inc.",http://www.enzolifesciences.com/,177,https://www.linkedin.com/company/enzo-life-sciences-inc-,"Enzo Life Sciences, Inc.",4
epcot crenshaw corporation,http://www.epcotcrenshaw.com/,,https://www.linkedin.com/in/pelcrobert,Robert Pelc,25
"exelixis, inc.",https://www.exelixis.com/,643,https://www.linkedin.com/company/exelixis/jobs,Exelixis: Jobs,6
flexcell international corporation,http://www.flexcellint.com/,9,https://www.linkedin.com/company/flexcell-international-corporation,Flexcell International Corporation,3
fluidigm corporation,https://www.fluidigm.com/,498,https://www.linkedin.com/company/fluidigm-corporation,Fluidigm Corporation,2
gen-probe incorporated,https://www.hologic.com/,1664,https://www.linkedin.com/company/synaptics,Synaptics Incorporated,8
"gene therapy systems, inc.",,3,https://www.linkedin.com/company/gene-therapy-systems-inc-,"GENE THERAPY SYSTEMS, INC.",21
"genisphere, llc",https://genisphere.com/,20,https://www.linkedin.com/company/genisphere,Genisphere,6
genome international corporation,https://www.genome.com/,38,https://www.linkedin.com/company/genome-international-corporation,Genome International Corporation,3
gliknik inc.,http://www.gliknik.com/,6,https://www.linkedin.com/company/gliknik-inc-,GLIKNIK INC.,10
"hansen medical, inc.",http://hansenmedical.com/us/en,128,https://www.linkedin.com/company/hansen-medical,Hansen Medical,8
heska corporation,https://www.heska.com/,278,https://www.linkedin.com/company/heska-corporation,Heska Corporation,2
honeywell international inc.,https://www.honeywell.com/,,https://www.linkedin.com/showcase/honeywell-aerospace,Honeywell Aerospace,18
"incube labs, llc",https://www.incubelabs.com/,69,https://www.linkedin.com/company/imat-uve,imat-uve,15
"integrated dna technologies, inc.",http://www.idtdna.com/,2,https://www.linkedin.com/company/integrated-dna-technologies-bvba,"Integrated DNA Technologies, BVBA",9
"integrated dna technologies, inc.",http://www.idtdna.com/,2,https://www.linkedin.com/company/integrated-dna-technologies-bvba,"Integrated DNA Technologies, BVBA",9
"jrw bioremediation, llc",http://www.jrwbioremediation.com/,12,https://www.linkedin.com/company/jrw-bioremediation-llc,"JRW Bioremediation, LLC",7
"kinetic systems, inc.",http://www.kineticsystems.com/,12,https://www.linkedin.com/company/kinetic-systems-inc.,"Kinetic Systems, Inc.",3
"kvh industries, inc.",https://www.kvh.com/,383,https://www.linkedin.com/company/kvh-industries-inc-,"KVH Industries, Inc.",5
"lexicon pharmaceuticals, inc.",http://www.lexpharma.com/,361,https://www.linkedin.com/company/lexicon-pharmaceuticals,"Lexicon Pharmaceuticals, Inc.",3
"lexmark international, inc.",https://www.lexmark.com/en_us.html,,https://www.linkedin.com/showcase/lexmark-international-middle-east,Lexmark International Middle East,13
lifecell corporation,https://www.allergan.com/news/news/allergan-successfully-completes-lifecell-acquisiti,54,https://www.linkedin.com/company/lifecell,LifeCell,14
"lifespan biosciences, inc.",https://www.lsbio.com/,24,https://www.linkedin.com/company/lifespan-biosciences-inc.,"LifeSpan BioSciences, Inc.",5
"longhorn vaccines and diagnostics, llc",https://www.lhnvd.com/,7,https://www.linkedin.com/company/longhorn-vaccines-and-diagnostics-llc,"Longhorn Vaccines and Diagnostics, LLC",6
lonza inc.,https://www.lonza.com/,8504,https://www.linkedin.com/company/lonza,Lonza,6
luna innovations incorporated,http://lunainc.com/,293,https://www.linkedin.com/company/luna-innovations,Luna Innovations Incorporated,3
lynntech inc.,http://lynntech.com/,99,https://www.linkedin.com/company/lynntech-inc.,"Lynntech, Inc.",7
"macrogenics, inc.",https://www.macrogenics.com/,349,https://www.linkedin.com/company/macrogenics,"MacroGenics, Inc.",3
"marrone bio innovations, inc.",https://marronebioinnovations.com/,136,https://www.linkedin.com/company/marrone-bio-innovations,Marrone Bio Innovations,9
medicis pharmaceutical corporation,https://www.drugs.com/manufacturer/medicis-pharmaceutical-corporation-88.html,2996,https://www.linkedin.com/company/valeant-pharmaceuticals,Valeant Pharmaceuticals,20
mit,http://web.mit.edu/,57,https://www.linkedin.com/company/mit-consulting,MIT Consulting,14
"molecular transfer, inc.",https://www.vitascientific.com/molecular-transfer-inc,4,https://www.linkedin.com/company/molecular-transfer-inc.,"Molecular Transfer, Inc.",3
"munirem environmental, llc",https://munirem.com/,2,https://www.linkedin.com/company/planteco,"MuniRem Environmental, LLC",6
"nantero, inc.",http://nantero.com/,21,https://www.linkedin.com/company/nanoink-inc.,"NanoInk, Inc.",6
"nd industries, inc.",https://www.ndindustries.com/,171,https://www.linkedin.com/company/nd-industries,ND Industries,9
"nd industries, inc.",https://www.ndindustries.com/,2,https://www.linkedin.com/company/nd-industries-inc,"ND Industries, Inc.",4
"netbio, inc.",,18,https://www.linkedin.com/company/netbio-inc.,"NetBio, Inc.",3
"new england biolabs, inc.",https://www.neb.com/,488,https://www.linkedin.com/company/new-england-biolabs,New England Biolabs,9
"north wind, inc.",https://northwindgrp.com/,319,https://www.linkedin.com/company/north-wind-inc-,North Wind Group,8
"north wind, inc.",,319,https://www.linkedin.com/company/north-wind-inc-,North Wind Group,8
"north wind, inc.",https://northwindgrp.com/,319,https://www.linkedin.com/company/north-wind-inc-,North Wind Group,8
"novavax, inc.",http://novavax.com/,405,https://www.linkedin.com/company/novavax,NOVAVAX INC,13
novici biotech llc,https://www.novicibiotech.com/,9,https://www.linkedin.com/company/novici-biotech-llc,NOVICI BIOTECH LLC,16
"nugen technologies, inc.",https://www.nugen.com/,87,https://www.linkedin.com/company/nugen-technologies,NuGEN Technologies,11
"osiris therapeutics, inc.",http://www.osiris.com/,403,https://www.linkedin.com/company/osiris-therapeutics,Osiris Therapeutics,8
"parion sciences, inc.",http://www.parion.com/,18,https://www.linkedin.com/company/parion-sciences,Parion Sciences,8
protein sciences corporation,http://www.proteinsciences.com/,73,https://www.linkedin.com/company/protein-sciences-corporation,Protein Sciences Corporation,3
quallion llc,https://www.bloomberg.com/research/stocks/private/snapshot.asp?privcapId=9477313,62,https://www.linkedin.com/company/quallion,Quallion,5
"quick-med technologies, inc.",https://www.quickmedtech.com/,9,https://www.linkedin.com/company/quickmed-technologies,Quick-Med Technologies,9
"ribomed biotechnologies, inc.",http://ribomed.com/,2,https://www.linkedin.com/company/ribomed-biotechnologies-inc-,"RiboMed Biotechnologies, Inc.",4
"sarepta therapeutics, inc.",https://www.sarepta.com/,402,https://www.linkedin.com/company/sarepta-therapeutics,Sarepta Therapeutics,8
"siemens energy, inc.",https://www.siemens.com/global/en/home/products/energy.html,,https://www.linkedin.com/showcase/siemens-energy,Siemens Energy,8
superior graphite co.,http://superiorgraphite.com/,4,https://www.linkedin.com/company/superior-graphite-co,Superior Graphite Co,4
"system biosciences, llc",https://www.systembio.com/,35,https://www.linkedin.com/company/system-biosciences,System Biosciences,7
"teledyne scientific & imaging, llc",http://www.teledyne-si.com/business-units/teledyne-scientific-company,203,https://www.linkedin.com/company/teledyne-scientific-&-imaging,Teledyne Scientific & Imaging,8
"transgenex nanobiotech, inc.",http://www.transgenex.com/,12,https://www.linkedin.com/company/transgene-biotek-ltd-,Transgene Biotek Ltd.,19
treventis corporation,https://treventis.com/,11,https://www.linkedin.com/company/treventis-corporation,Treventis Corporation,2
"triton systems, inc.",http://tritonsystems.com/,100,https://www.linkedin.com/company/triton-systems,"Triton Systems, Inc.",3
ultramet,https://ultramet.com/,4,https://www.linkedin.com/company/ultra-met,Ultra-Met,5
uluru inc.,https://www.uluruinc.info/#!,25,https://www.linkedin.com/company/uluru-inc.,ULURU Inc.,6
vindico nanobio technology inc.,https://www.linkedin.com/company/vindico-nanobiotechnology-inc.,3,https://www.linkedin.com/company/vindico-nanobiotechnology-inc.,"Vindico NanoBioTechnology, Inc.",15
zygo corporation,https://www.zygo.com/,369,https://www.linkedin.com/company/zygo-corporation,Zygo Corporation,2
